genome_id,species,drug,lab_mic,lab_sir,pred_mic,band,call,override,outcome,within_1_step
573.24243,KPNEU,amikacin,>64,R,1024.0,256-16384,likely_inactive,,agree,
573.24243,KPNEU,amoxicillin-clavulanic-acid,>32,R,512.0,128-2048,likely_inactive,,agree,
573.24243,KPNEU,ampicillin,>32,R,,,likely_inactive,natural_resistance,agree,
573.24243,KPNEU,ampicillin-sulbactam,>32,R,128.0,32-128,likely_inactive,,agree,
573.24243,KPNEU,aztreonam,>64,R,512.0,32-1024,likely_inactive,,agree,
573.24243,KPNEU,cefazolin,>8,R,128.0,8-512,likely_inactive,,agree,
573.24243,KPNEU,cefepime,>32,R,256.0,16-512,likely_inactive,strong_marker,agree,
573.24243,KPNEU,cefoxitin,>16,R,128.0,32-512,likely_inactive,,agree,
573.24243,KPNEU,ceftazidime,>128,R,1024.0,64-4096,likely_inactive,strong_marker,agree,
573.24243,KPNEU,ceftriaxone,>32,R,512.0,32-2048,likely_inactive,strong_marker,agree,
573.24243,KPNEU,chloramphenicol,>16,,32.0,16-128,uncertain,,,
573.24243,KPNEU,ciprofloxacin,>8,R,128.0,32-512,likely_inactive,,agree,
573.24243,KPNEU,colistin,1,,2.0,0.25-32,uncertain,,,True
573.24243,KPNEU,doripenem,>8,R,16.0,2-512,likely_inactive,strong_marker,agree,
573.24243,KPNEU,ertapenem,>8,R,128.0,2-1024,likely_inactive,strong_marker,agree,
573.24243,KPNEU,gentamicin,>16,R,256.0,32-4096,likely_inactive,,agree,
573.24243,KPNEU,imipenem,64,R,64.0,8-512,likely_inactive,strong_marker,agree,True
573.24243,KPNEU,levofloxacin,>8,R,128.0,16-1024,likely_inactive,,agree,
573.24243,KPNEU,meropenem,>8,R,256.0,16-4096,likely_inactive,strong_marker,agree,
573.24243,KPNEU,minocycline,8,I,8.0,2-32,uncertain,,uncertain,True
573.24243,KPNEU,piperacillin-tazobactam,>128,R,1024.0,128-4096,likely_inactive,,agree,
573.24243,KPNEU,polymyxin-b,0.5,,1.0,0.125-8,uncertain,,,True
573.24243,KPNEU,tetracycline,8,I,4.0,2-16,uncertain,,uncertain,True
573.24243,KPNEU,tigecycline,2,S,2.0,1-8,uncertain,,uncertain,True
573.24243,KPNEU,tobramycin,>16,R,128.0,32-256,likely_inactive,,agree,
573.24243,KPNEU,trimethoprim-sulfamethoxazole,>8,R,64.0,4-1024,likely_inactive,,agree,
573.12886,KPNEU,amikacin,<=4,S,0.5,0.125-8,uncertain,,uncertain,
573.12886,KPNEU,ampicillin,16,I,,,likely_inactive,natural_resistance,lab I,
573.12886,KPNEU,ampicillin-sulbactam,8,S,8.0,2-8,likely_active,,agree,True
573.12886,KPNEU,aztreonam,<=1,S,0.5,0.03125-1,likely_active,,agree,
573.12886,KPNEU,cefazolin,<=1,S,2.0,0.125-8,uncertain,,uncertain,
573.12886,KPNEU,cefepime,<=0.5,S,0.0625,0.00390625-0.125,likely_active,,agree,
573.12886,KPNEU,cefoxitin,<=4,S,8.0,2-32,uncertain,,uncertain,
573.12886,KPNEU,ceftazidime,<=0.5,S,0.5,0.03125-2,likely_active,,agree,
573.12886,KPNEU,ceftriaxone,<=0.5,S,0.25,0.015625-1,likely_active,,agree,
573.12886,KPNEU,cefuroxime,<=4,S,8.0,0.5-64,uncertain,,uncertain,
573.12886,KPNEU,ciprofloxacin,<=0.5,S,0.25,0.0625-1,uncertain,,uncertain,
573.12886,KPNEU,gentamicin,1,S,0.5,0.0625-8,uncertain,,uncertain,True
573.12886,KPNEU,imipenem,<=0.25,S,0.25,0.03125-2,uncertain,,uncertain,
573.12886,KPNEU,levofloxacin,<=1,S,0.125,0.015625-1,uncertain,,uncertain,
573.12886,KPNEU,meropenem,<=0.125,S,0.015625,0.000976562-0.25,likely_active,,agree,
573.12886,KPNEU,piperacillin-tazobactam,4,S,4.0,0.5-16,uncertain,,uncertain,True
573.12886,KPNEU,tetracycline,2,S,4.0,2-16,uncertain,,uncertain,True
573.12886,KPNEU,tobramycin,1,S,0.5,0.125-1,likely_active,,agree,True
573.12886,KPNEU,trimethoprim-sulfamethoxazole,<=0.5,S,0.125,0.0078125-2,likely_active,,agree,
574.20,KPNEU,amikacin,8,I,16.0,4-256,uncertain,,uncertain,True
574.20,KPNEU,amoxicillin-clavulanic-acid,>32,R,256.0,64-1024,likely_inactive,,agree,
574.20,KPNEU,ampicillin,>32,R,,,likely_inactive,natural_resistance,agree,
574.20,KPNEU,ampicillin-sulbactam,>32,R,128.0,32-128,likely_inactive,,agree,
574.20,KPNEU,aztreonam,>64,R,512.0,32-1024,likely_inactive,,agree,
574.20,KPNEU,cefazolin,>8,R,128.0,8-512,likely_inactive,,agree,
574.20,KPNEU,cefepime,>32,R,64.0,4-128,likely_inactive,strong_marker,agree,
574.20,KPNEU,cefoxitin,>16,R,32.0,8-128,uncertain,,uncertain,
574.20,KPNEU,ceftazidime,>128,R,1024.0,64-4096,likely_inactive,strong_marker,agree,
574.20,KPNEU,ceftriaxone,>32,R,512.0,32-2048,likely_inactive,strong_marker,agree,
574.20,KPNEU,ciprofloxacin,>8,R,64.0,16-256,likely_inactive,,agree,
574.20,KPNEU,colistin,0.5,,1.0,0.125-16,uncertain,,,True
574.20,KPNEU,doripenem,>8,R,8.0,1-256,likely_inactive,strong_marker,agree,
574.20,KPNEU,ertapenem,>8,R,64.0,1-512,likely_inactive,strong_marker,agree,
574.20,KPNEU,gentamicin,4,I,4.0,0.5-64,uncertain,,uncertain,True
574.20,KPNEU,imipenem,>64,R,32.0,4-256,likely_inactive,strong_marker,agree,
574.20,KPNEU,levofloxacin,>8,R,64.0,8-512,likely_inactive,,agree,
574.20,KPNEU,meropenem,>8,R,16.0,1-256,likely_inactive,strong_marker,agree,
574.20,KPNEU,piperacillin-tazobactam,>128,R,1024.0,128-4096,likely_inactive,,agree,
574.20,KPNEU,polymyxin-b,0.5,,1.0,0.125-8,uncertain,,,True
574.20,KPNEU,tetracycline,4,S,8.0,4-32,uncertain,,uncertain,True
574.20,KPNEU,tigecycline,1,S,1.0,0.5-4,uncertain,,uncertain,True
574.20,KPNEU,tobramycin,16,R,32.0,8-64,likely_inactive,,agree,True
574.20,KPNEU,trimethoprim-sulfamethoxazole,>8,R,64.0,4-1024,likely_inactive,,agree,
562.42835,ECOLI,amikacin,<=4,S,2.0,1-16,uncertain,,uncertain,
562.42835,ECOLI,amoxicillin-clavulanic-acid,>32,R,32.0,16-128,uncertain,,uncertain,
562.42835,ECOLI,ampicillin,>32,R,128.0,64-1024,likely_inactive,,agree,
562.42835,ECOLI,aztreonam,>64,R,4.0,1-16,uncertain,,uncertain,
562.42835,ECOLI,cefazolin,>8,R,64.0,32-128,likely_inactive,,agree,
562.42835,ECOLI,cefepime,8,I,0.25,0.03125-2,likely_active,,lab I,False
562.42835,ECOLI,cefotaxime,>256,R,8.0,0.5-64,uncertain,,uncertain,
562.42835,ECOLI,cefoxitin,>16,R,64.0,32-256,likely_inactive,,agree,
562.42835,ECOLI,ceftazidime,>256,R,16.0,4-1024,uncertain,,uncertain,
562.42835,ECOLI,ceftriaxone,>32,R,16.0,1-128,uncertain,,uncertain,
562.42835,ECOLI,ciprofloxacin,<=0.25,S,0.0078125,0.00195312-0.0625,likely_active,,agree,
562.42835,ECOLI,colistin,1,,0.5,0.25-2,uncertain,,,True
562.42835,ECOLI,doripenem,<=0.125,S,0.0625,0.03125-2,uncertain,,uncertain,
562.42835,ECOLI,ertapenem,1,I,0.03125,0.015625-8,uncertain,,uncertain,False
562.42835,ECOLI,gentamicin,<=1,S,1.0,0.5-8,uncertain,,uncertain,
562.42835,ECOLI,imipenem,2,I,0.25,0.0625-4,uncertain,,uncertain,False
562.42835,ECOLI,levofloxacin,<=0.125,S,0.0625,0.0078125-0.25,likely_active,,agree,
562.42835,ECOLI,meropenem,<=0.125,S,0.03125,0.0078125-2,uncertain,,uncertain,
562.42835,ECOLI,piperacillin-tazobactam,>128,R,4.0,2-128,uncertain,,uncertain,
562.42835,ECOLI,tetracycline,<=2,S,1.0,0.25-8,uncertain,,uncertain,
562.42835,ECOLI,tobramycin,<=1,S,0.5,0.25-4,uncertain,,uncertain,
562.42835,ECOLI,trimethoprim-sulfamethoxazole,<=0.25,S,0.03125,0.00390625-2,likely_active,,agree,
562.145336,ECOLI,amikacin,<=8,,2.0,1-16,uncertain,,,
562.145336,ECOLI,ampicillin,<=4,S,2.0,1-16,uncertain,,uncertain,
562.145336,ECOLI,ampicillin-sulbactam,<=4,S,4.0,2-8,likely_active,,agree,
562.145336,ECOLI,aztreonam,<=4,S,0.25,0.0625-1,likely_active,,agree,
562.145336,ECOLI,cefazolin,<=4,,2.0,1-4,uncertain,,,
562.145336,ECOLI,cefepime,<=4,,0.03125,0.00390625-0.25,likely_active,,,
562.145336,ECOLI,cefoxitin,<=4,S,4.0,2-16,uncertain,,uncertain,
562.145336,ECOLI,ceftazidime,<=1,S,0.125,0.03125-8,uncertain,,uncertain,
562.145336,ECOLI,ceftriaxone,<=1,S,0.125,0.0078125-1,likely_active,,agree,
562.145336,ECOLI,ciprofloxacin,<=0.5,,0.0078125,0.00195312-0.0625,likely_active,,,
562.145336,ECOLI,colistin,0.25,,0.5,0.25-2,uncertain,,,True
562.145336,ECOLI,ertapenem,<=2,,0.015625,0.0078125-4,uncertain,,,
562.145336,ECOLI,gentamicin,<=2,S,1.0,0.5-8,uncertain,,uncertain,
562.145336,ECOLI,meropenem,<=1,S,0.015625,0.00390625-1,likely_active,,agree,
562.145336,ECOLI,piperacillin-tazobactam,<=16,,0.5,0.25-16,uncertain,,,
562.145336,ECOLI,tetracycline,1,S,0.25,0.0625-2,likely_active,,agree,False
562.145336,ECOLI,tobramycin,<=4,,0.5,0.25-4,uncertain,,,
562.145336,ECOLI,trimethoprim-sulfamethoxazole,<=0.5,S,0.03125,0.00390625-2,likely_active,,agree,
562.42842,ECOLI,amikacin,<=1,S,2.0,1-16,uncertain,,uncertain,
562.42842,ECOLI,amoxicillin-clavulanic-acid,>32,R,32.0,16-128,uncertain,,uncertain,
562.42842,ECOLI,ampicillin,>32,R,256.0,128-2048,likely_inactive,,agree,
562.42842,ECOLI,aztreonam,>64,R,4.0,1-16,uncertain,,uncertain,
562.42842,ECOLI,cefazolin,>8,R,128.0,64-256,likely_inactive,,agree,
562.42842,ECOLI,cefepime,>32,R,0.25,0.03125-2,likely_active,,VME,
562.42842,ECOLI,cefotaxime,>64,R,8.0,0.5-64,uncertain,,uncertain,
562.42842,ECOLI,cefoxitin,>16,R,64.0,32-256,likely_inactive,,agree,
562.42842,ECOLI,ceftazidime,>128,R,16.0,4-1024,uncertain,,uncertain,
562.42842,ECOLI,ceftriaxone,>32,R,16.0,1-128,uncertain,,uncertain,
562.42842,ECOLI,ciprofloxacin,<=0.25,S,0.0078125,0.00195312-0.0625,likely_active,,agree,
562.42842,ECOLI,colistin,1,,0.5,0.25-2,uncertain,,,True
562.42842,ECOLI,doripenem,<=0.125,S,0.0625,0.03125-2,uncertain,,uncertain,
562.42842,ECOLI,ertapenem,<=0.5,S,0.03125,0.015625-8,uncertain,,uncertain,
562.42842,ECOLI,gentamicin,<=1,S,1.0,0.5-8,uncertain,,uncertain,
562.42842,ECOLI,imipenem,<=1,S,0.25,0.0625-4,uncertain,,uncertain,
562.42842,ECOLI,levofloxacin,<=0.125,S,0.0625,0.0078125-0.25,likely_active,,agree,
562.42842,ECOLI,meropenem,<=0.125,S,0.03125,0.0078125-2,uncertain,,uncertain,
562.42842,ECOLI,piperacillin-tazobactam,>128,R,4.0,2-128,uncertain,,uncertain,
562.42842,ECOLI,tetracycline,<=2,S,1.0,0.25-8,uncertain,,uncertain,
562.42842,ECOLI,tobramycin,<=0.5,S,0.5,0.25-4,uncertain,,uncertain,
562.42842,ECOLI,trimethoprim-sulfamethoxazole,<=0.5,S,0.03125,0.00390625-2,likely_active,,agree,
1280.16760,SAUR,cefoxitin,>16,R,16.0,8-64,likely_inactive,strong_marker,agree,
1280.16760,SAUR,ceftaroline,1,S,1.0,0.5-2,uncertain,,uncertain,True
1280.16760,SAUR,clindamycin,<=0.25,S,64.0,16-1024,likely_inactive,,ME,
1280.16760,SAUR,daptomycin,2,R,1.0,0.5-8,uncertain,,uncertain,True
1280.16760,SAUR,erythromycin,>8,R,64.0,16-256,likely_inactive,,agree,
1280.16760,SAUR,gentamicin,<=2,S,0.5,0.125-32,uncertain,,uncertain,
1280.16760,SAUR,levofloxacin,8,R,2.0,1-4,uncertain,,uncertain,False
1280.16760,SAUR,oxacillin,>16,R,16.0,4-128,likely_inactive,strong_marker,agree,
1280.16760,SAUR,penicillin,>2,R,4.0,0.25-8,uncertain,,uncertain,
1280.16760,SAUR,tetracycline,2,S,4.0,0.5-64,uncertain,,uncertain,True
1280.16760,SAUR,trimethoprim-sulfamethoxazole,<=0.5,S,0.0625,0.0078125-16,uncertain,,uncertain,
1280.51740,SAUR,daptomycin,1,S,0.25,0.125-2,uncertain,,uncertain,False
1280.51740,SAUR,oxacillin,<=0.25,S,0.25,0.0625-2,likely_active,,agree,
1280.51740,SAUR,vancomycin,<=1,S,1.0,0.5-8,uncertain,,uncertain,
1280.25977,SAUR,clindamycin,0.25,S,0.125,0.03125-2,uncertain,,uncertain,True
1280.25977,SAUR,daptomycin,0.25,S,0.25,0.125-2,uncertain,,uncertain,True
1280.25977,SAUR,erythromycin,1,I,0.5,0.125-2,uncertain,,uncertain,True
1280.25977,SAUR,gentamicin,<=0.5,S,0.0625,0.015625-4,uncertain,,uncertain,
1280.25977,SAUR,oxacillin,<=0.25,S,0.5,0.125-4,uncertain,,uncertain,
1280.25977,SAUR,penicillin,>0.25,R,2.0,0.125-4,uncertain,,uncertain,
1280.25977,SAUR,tetracycline,<=1,S,0.0625,0.0078125-1,uncertain,,uncertain,
1280.25977,SAUR,vancomycin,1,S,1.0,0.5-8,uncertain,,uncertain,True
287.5972,PAER,amikacin,<=1,S,2.0,0.25-16,uncertain,,uncertain,
287.5972,PAER,aztreonam,>64,R,16.0,2-64,uncertain,,uncertain,
287.5972,PAER,cefepime,32,R,16.0,2-256,uncertain,,uncertain,True
287.5972,PAER,ceftazidime,128,R,32.0,1-512,uncertain,,uncertain,False
287.5972,PAER,ceftazidime-avibactam,>16,R,16.0,2-512,uncertain,,uncertain,
287.5972,PAER,ciprofloxacin,1,I,2.0,0.25-16,uncertain,,uncertain,True
287.5972,PAER,gentamicin,<=0.25,S,1.0,0.03125-16,uncertain,,uncertain,
287.5972,PAER,imipenem,32,R,8.0,0.5-32,uncertain,,uncertain,False
287.5972,PAER,levofloxacin,4,R,8.0,1-32,uncertain,,uncertain,True
287.5972,PAER,meropenem,>8,R,8.0,0.5-64,uncertain,,uncertain,
287.5972,PAER,piperacillin-tazobactam,>128,R,16.0,1-128,uncertain,,uncertain,
287.5972,PAER,polymyxin-b,0.5,S,1.0,0.25-4,uncertain,,uncertain,True
287.5972,PAER,tobramycin,<=0.5,S,0.5,0.0625-4,uncertain,,uncertain,
287.47321,PAER,amikacin,<=0.5,S,4.0,0.5-32,uncertain,,uncertain,
287.47321,PAER,cefepime,1,S,8.0,1-128,uncertain,,uncertain,False
287.47321,PAER,ceftazidime,4,S,8.0,0.25-128,uncertain,,uncertain,True
287.47321,PAER,gentamicin,0.5,,0.5,0.015625-8,uncertain,,,True
287.47321,PAER,imipenem,<=0.125,S,8.0,0.5-32,uncertain,,uncertain,
287.47321,PAER,meropenem,2,S,4.0,0.25-32,uncertain,,uncertain,True
287.47321,PAER,polymyxin-b,1,S,1.0,0.25-4,uncertain,,uncertain,True
287.6329,PAER,amikacin,8,S,8.0,1-64,uncertain,,uncertain,True
287.6329,PAER,aztreonam,>64,R,64.0,8-256,uncertain,,uncertain,
287.6329,PAER,cefepime,>32,R,64.0,8-1024,likely_inactive,strong_marker,agree,
287.6329,PAER,ceftazidime,>128,R,128.0,4-2048,likely_inactive,strong_marker,agree,
287.6329,PAER,ceftazidime-avibactam,8,S,16.0,2-512,uncertain,,uncertain,True
287.6329,PAER,ciprofloxacin,>8,R,16.0,2-128,likely_inactive,,agree,
287.6329,PAER,gentamicin,>16,R,32.0,1-512,uncertain,,uncertain,
287.6329,PAER,imipenem,16,R,32.0,2-128,likely_inactive,strong_marker,agree,True
287.6329,PAER,levofloxacin,>8,R,64.0,8-256,likely_inactive,,agree,
287.6329,PAER,meropenem,>8,R,32.0,2-256,likely_inactive,strong_marker,agree,
287.6329,PAER,piperacillin-tazobactam,128,R,64.0,4-512,uncertain,,uncertain,True
287.6329,PAER,polymyxin-b,1,S,1.0,0.25-4,uncertain,,uncertain,True
287.6329,PAER,tobramycin,>16,R,32.0,4-256,likely_inactive,,agree,
470.7392,ABAU,amikacin,32,I,64.0,4-512,uncertain,,uncertain,True
470.7392,ABAU,ampicillin-sulbactam,>32,R,16.0,4-64,uncertain,,uncertain,
470.7392,ABAU,cefepime,32,R,128.0,16-1024,uncertain,,uncertain,False
470.7392,ABAU,ceftazidime,>128,R,64.0,4-128,uncertain,,uncertain,
470.7392,ABAU,ceftriaxone,>32,R,,,likely_inactive,natural_resistance,agree,
470.7392,ABAU,ciprofloxacin,>8,R,128.0,32-1024,likely_inactive,,agree,
470.7392,ABAU,doripenem,>8,R,32.0,16-64,likely_inactive,strong_marker,agree,
470.7392,ABAU,gentamicin,16,R,16.0,0.5-128,uncertain,,uncertain,True
470.7392,ABAU,imipenem,>64,R,16.0,8-64,likely_inactive,strong_marker,agree,
470.7392,ABAU,levofloxacin,4,I,8.0,4-16,uncertain,,uncertain,True
470.7392,ABAU,meropenem,>8,R,32.0,8-128,likely_inactive,strong_marker,agree,
470.7392,ABAU,minocycline,8,I,4.0,4-32,uncertain,,uncertain,True
470.7392,ABAU,piperacillin-tazobactam,>128,R,512.0,64-8192,uncertain,,uncertain,
470.7392,ABAU,polymyxin-b,1,S,1.0,0.25-2,uncertain,,uncertain,True
470.7392,ABAU,tetracycline,>32,R,128.0,32-256,likely_inactive,,agree,
470.7392,ABAU,tobramycin,>16,R,8.0,2-32,uncertain,,uncertain,
470.7392,ABAU,trimethoprim-sulfamethoxazole,1,S,0.5,0.0625-1,likely_active,,agree,True
470.7513,ABAU,amikacin,<=8,S,1.0,0.0625-8,likely_active,,agree,
470.7513,ABAU,ampicillin-sulbactam,<=2,S,1.0,0.25-4,likely_active,,agree,
470.7513,ABAU,ceftazidime,8,S,4.0,0.25-8,likely_active,,agree,True
470.7513,ABAU,ceftriaxone,32,I,,,likely_inactive,natural_resistance,lab I,
470.7513,ABAU,ciprofloxacin,<=0.25,S,0.125,0.03125-1,likely_active,,agree,
470.7513,ABAU,doripenem,<=0.5,S,0.0625,0.03125-0.125,uncertain,,uncertain,
470.7513,ABAU,gentamicin,2,S,0.5,0.015625-4,likely_active,,agree,False
470.7513,ABAU,imipenem,<=0.25,S,0.25,0.125-1,likely_active,,agree,
470.7513,ABAU,levofloxacin,<=1,S,0.0625,0.03125-0.125,likely_active,,agree,
470.7513,ABAU,meropenem,0.5,S,0.125,0.03125-0.5,likely_active,,agree,False
470.7513,ABAU,tetracycline,4,S,2.0,0.5-4,likely_active,,agree,True
470.7513,ABAU,tobramycin,2,S,1.0,0.25-4,likely_active,,agree,True
470.7513,ABAU,trimethoprim-sulfamethoxazole,<=1,S,0.125,0.015625-0.25,likely_active,,agree,
470.7393,ABAU,amikacin,32,I,64.0,4-512,uncertain,,uncertain,True
470.7393,ABAU,ampicillin-sulbactam,>32,R,16.0,4-64,uncertain,,uncertain,
470.7393,ABAU,cefepime,32,R,128.0,16-1024,uncertain,,uncertain,False
470.7393,ABAU,ceftazidime,>128,R,64.0,4-128,uncertain,,uncertain,
470.7393,ABAU,ceftriaxone,>32,R,,,likely_inactive,natural_resistance,agree,
470.7393,ABAU,ciprofloxacin,>8,R,128.0,32-1024,likely_inactive,,agree,
470.7393,ABAU,doripenem,>8,R,32.0,16-64,likely_inactive,strong_marker,agree,
470.7393,ABAU,gentamicin,>16,R,16.0,0.5-128,uncertain,,uncertain,
470.7393,ABAU,imipenem,>64,R,16.0,8-64,likely_inactive,strong_marker,agree,
470.7393,ABAU,levofloxacin,4,I,8.0,4-16,uncertain,,uncertain,True
470.7393,ABAU,meropenem,>8,R,32.0,8-128,likely_inactive,strong_marker,agree,
470.7393,ABAU,minocycline,8,I,4.0,4-32,uncertain,,uncertain,True
470.7393,ABAU,piperacillin-tazobactam,>128,R,512.0,64-8192,uncertain,,uncertain,
470.7393,ABAU,polymyxin-b,1,S,1.0,0.25-2,uncertain,,uncertain,True
470.7393,ABAU,tetracycline,>32,R,128.0,32-256,likely_inactive,,agree,
470.7393,ABAU,tobramycin,>16,R,8.0,2-32,uncertain,,uncertain,
470.7393,ABAU,trimethoprim-sulfamethoxazole,1,S,0.5,0.0625-1,likely_active,,agree,True
