species,genome_id,species_pred,n_lab,vme,me,agree,uncertain,no_call,ea,lab_r_told_works,ranked_active,run_id
KPNEU,573.24243,KPNEU,26,0,0,19,4,0,6/6,0,,72a57bc3e199
KPNEU,573.12886,KPNEU,19,0,0,7,11,0,5/5,0,"tobramycin, amoxicillin-clavulanic-acid, ampicillin-sulbactam, ceftriaxone, cefepime",72a57bc3e199
KPNEU,574.20,KPNEU,24,0,0,16,6,0,7/7,0,,72a57bc3e199
ECOLI,562.42835,ECOLI,22,0,0,3,17,0,1/4,1,"ciprofloxacin, levofloxacin, cefepime",72a57bc3e199
ECOLI,562.145336,ECOLI,18,0,0,5,5,0,1/2,0,"tetracycline, ciprofloxacin, ampicillin-sulbactam, ceftriaxone, levofloxacin",72a57bc3e199
ECOLI,562.42842,ECOLI,22,1,0,3,17,0,1/1,2,"ciprofloxacin, levofloxacin, cefepime",72a57bc3e199
SAUR,1280.16760,SAUR,11,0,0,3,8,0,3/4,1,,72a57bc3e199
SAUR,1280.51740,SAUR,3,0,0,1,2,0,0/1,0,"cefoxitin, oxacillin, levofloxacin",72a57bc3e199
SAUR,1280.25977,SAUR,8,0,0,0,8,0,4/4,0,levofloxacin,72a57bc3e199
PAER,287.5972,PAER,13,0,0,0,13,0,4/6,1,,72a57bc3e199
PAER,287.47321,PAER,7,0,0,0,6,0,3/5,0,,72a57bc3e199
PAER,287.6329,PAER,13,0,0,3,10,0,5/5,0,,72a57bc3e199
ABAU,470.7392,ABAU,17,0,0,6,11,0,7/7,0,trimethoprim-sulfamethoxazole,72a57bc3e199
ABAU,470.7513,ABAU,13,0,0,9,3,0,3/5,0,"trimethoprim-sulfamethoxazole, tetracycline, levofloxacin, ciprofloxacin, gentamicin",72a57bc3e199
ABAU,470.7393,ABAU,17,0,0,6,11,0,6/6,0,trimethoprim-sulfamethoxazole,72a57bc3e199
