species,genome_id,exact,n_diff,diff
KPNEU,1284807.4,True,0,
KPNEU,1400166.3,True,0,
KPNEU,1438803.3,True,0,
KPNEU,573.12931,True,0,
KPNEU,573.12983,True,0,
KPNEU,573.13259,True,0,
KPNEU,573.13299,True,0,
KPNEU,573.13370,True,0,
KPNEU,573.14018,True,0,
KPNEU,573.14027,True,0,
KPNEU,573.20461,True,0,
KPNEU,573.20523,True,0,
KPNEU,573.20791,True,0,
KPNEU,573.20847,True,0,
KPNEU,573.21501,True,0,
KPNEU,573.21721,True,0,
KPNEU,573.24252,True,0,
KPNEU,573.24407,True,0,
KPNEU,573.25568,True,0,
KPNEU,573.33393,True,0,
KPNEU,573.33398,True,0,
KPNEU,573.40385,True,0,
KPNEU,573.40420,True,0,
KPNEU,573.46801,True,0,
KPNEU,573.65948,True,0,
KPNEU,573.65980,True,0,
KPNEU,573.66112,True,0,
KPNEU,573.66316,True,0,
KPNEU,573.67348,True,0,
KPNEU,573.67672,True,0,
KPNEU,72407.2175,True,0,
KPNEU,72407.2611,True,0,
KPNEU,72407.2654,True,0,
KPNEU,72407.682,True,0,
KPNEU,72407.689,True,0,
KPNEU,NCBI_SAMN16887377,True,0,
KPNEU,NCBI_SAMN26101483,True,0,
KPNEU,NCBI_SAMN35159580,True,0,
KPNEU,NCBI_SAMN41558477,True,0,
KPNEU,NCBI_SAMN51434595,True,0,
ECOLI,562.141443,True,0,
ECOLI,562.141639,True,0,
ECOLI,562.142044,True,0,
ECOLI,562.142154,True,0,
ECOLI,562.143439,True,0,
ECOLI,562.145606,True,0,
ECOLI,562.145680,True,0,
ECOLI,562.19090,True,0,
ECOLI,562.36745,True,0,
ECOLI,562.36933,True,0,
ECOLI,562.56894,True,0,
ECOLI,562.58738,True,0,
ECOLI,562.64864,True,0,
ECOLI,562.64998,True,0,
ECOLI,562.65019,True,0,
ECOLI,562.65347,True,0,
ECOLI,562.65671,True,0,
ECOLI,562.7641,True,0,
ECOLI,624.1262,True,0,
ECOLI,NCBI_SAMN11953913,True,0,
ECOLI,NCBI_SAMN12943495,True,0,
ECOLI,NCBI_SAMN15052593,True,0,
ECOLI,NCBI_SAMN15052653,True,0,
ECOLI,NCBI_SAMN16245312,True,0,
ECOLI,NCBI_SAMN19670076,True,0,
ECOLI,NCBI_SAMN26304600,True,0,
ECOLI,NCBI_SAMN26304605,True,0,
ECOLI,NCBI_SAMN26305153,True,0,
ECOLI,NCBI_SAMN26305280,True,0,
ECOLI,NCBI_SAMN26308397,True,0,
ECOLI,NCBI_SAMN26309061,True,0,
ECOLI,NCBI_SAMN26309186,True,0,
ECOLI,NCBI_SAMN27960783,True,0,
ECOLI,NCBI_SAMN28235857,True,0,
ECOLI,NCBI_SAMN31087091,True,0,
ECOLI,NCBI_SAMN36729095,True,0,
ECOLI,NCBI_SAMN43563273,True,0,
ECOLI,NCBI_SAMN43563790,True,0,
ECOLI,NCBI_SAMN43564342,True,0,
ECOLI,NCBI_SAMN43564531,True,0,
SAUR,1280.15892,True,0,
SAUR,1280.15895,True,0,
SAUR,1280.25988,True,0,
SAUR,1280.25998,True,0,
SAUR,1280.26058,True,0,
SAUR,1280.26068,True,0,
SAUR,1280.39464,True,0,
SAUR,1280.47455,True,0,
SAUR,1280.51645,True,0,
SAUR,1280.52198,True,0,
SAUR,1280.53240,True,0,
SAUR,NCBI_SAMN07291577,True,0,
SAUR,NCBI_SAMN11953836,True,0,
SAUR,NCBI_SAMN25295653,True,0,
SAUR,NCBI_SAMN25295682,True,0,
SAUR,NCBI_SAMN25295692,True,0,
SAUR,NCBI_SAMN25295789,True,0,
SAUR,NCBI_SAMN25295942,True,0,
SAUR,NCBI_SAMN25296005,True,0,
SAUR,NCBI_SAMN25296014,True,0,
SAUR,NCBI_SAMN36728999,True,0,
SAUR,NCBI_SAMN38637641,True,0,
SAUR,NCBI_SAMN38637753,True,0,
SAUR,NCBI_SAMN38637757,True,0,
SAUR,NCBI_SAMN39956399,True,0,
SAUR,NCBI_SAMN39956429,True,0,
SAUR,NCBI_SAMN48878218,True,0,
SAUR,NCBI_SAMN48878660,True,0,
SAUR,NCBI_SAMN48878696,True,0,
SAUR,NCBI_SAMN60426121,True,0,
SAUR,NCBI_SAMN60441060,True,0,
SAUR,NCBI_SAMN60467158,True,0,
SAUR,NCBI_SAMN60528909,True,0,
SAUR,NCBI_SAMN60528922,True,0,
SAUR,NCBI_SAMN60528925,True,0,
SAUR,NCBI_SAMN60583323,True,0,
SAUR,NCBI_SAMN60665889,True,0,
SAUR,NCBI_SAMN60665891,True,0,
SAUR,NCBI_SAMN60666126,True,0,
SAUR,NCBI_SAMN60678479,True,0,
PAER,287.1097,True,0,
PAER,287.1105,True,0,
PAER,287.1209,True,0,
PAER,287.1210,True,0,
PAER,287.1238,True,0,
PAER,287.12548,True,0,
PAER,287.12564,True,0,
PAER,287.12575,True,0,
PAER,287.12577,True,0,
PAER,287.12603,True,0,
PAER,287.12633,True,0,
PAER,287.12657,True,0,
PAER,287.12687,True,0,
PAER,287.12690,True,0,
PAER,287.12791,True,0,
PAER,287.34457,True,0,
PAER,287.34475,True,0,
PAER,287.34536,True,0,
PAER,287.34540,True,0,
PAER,287.4059,True,0,
PAER,287.5973,True,0,
PAER,287.6331,True,0,
PAER,287.7778,True,0,
PAER,287.7821,True,0,
PAER,287.849,True,0,
PAER,287.8532,True,0,
PAER,287.8549,True,0,
PAER,287.998,True,0,
PAER,NCBI_SAMN29441802,True,0,
PAER,NCBI_SAMN29441819,True,0,
PAER,NCBI_SAMN29441842,True,0,
PAER,NCBI_SAMN29441891,True,0,
PAER,NCBI_SAMN29441909,True,0,
PAER,NCBI_SAMN29441931,True,0,
PAER,NCBI_SAMN29441942,True,0,
PAER,NCBI_SAMN29441946,True,0,
PAER,NCBI_SAMN29441993,True,0,
PAER,NCBI_SAMN29442003,True,0,
PAER,NCBI_SAMN29505233,True,0,
PAER,NCBI_SAMN51434806,True,0,
ABAU,470.1305,True,0,
ABAU,470.1561,True,0,
ABAU,470.24261,True,0,
ABAU,470.2845,True,0,
ABAU,470.3484,True,0,
ABAU,470.3504,True,0,
ABAU,470.7377,True,0,
ABAU,470.7383,True,0,
ABAU,470.7384,True,0,
ABAU,470.7387,True,0,
ABAU,470.7433,True,0,
ABAU,470.7438,True,0,
ABAU,470.7447,True,0,
ABAU,470.7483,True,0,
ABAU,470.7525,True,0,
ABAU,470.7557,True,0,
ABAU,470.7591,True,0,
ABAU,470.7592,True,0,
ABAU,470.7653,True,0,
ABAU,470.7670,True,0,
ABAU,470.7674,True,0,
ABAU,470.7702,True,0,
ABAU,470.7707,True,0,
ABAU,470.7735,True,0,
ABAU,470.7787,True,0,
ABAU,470.7864,True,0,
ABAU,470.7865,True,0,
ABAU,470.7915,True,0,
ABAU,470.7928,True,0,
ABAU,470.8003,True,0,
ABAU,470.8044,True,0,
ABAU,470.9023,True,0,
ABAU,470.9057,True,0,
ABAU,470.9070,True,0,
ABAU,470.9093,True,0,
ABAU,470.9103,True,0,
ABAU,NCBI_SAMN51434360,True,0,
ABAU,NCBI_SAMN51434365,True,0,
ABAU,NCBI_SAMN51434373,True,0,
ABAU,NCBI_SAMN51434865,True,0,
