species,drug,n_rows,n_S,n_nonsusceptible,n_distinct_mic
ABAU,amikacin,1228,616,562,8
ABAU,ampicillin-sulbactam,1041,476,547,5
ABAU,cefepime,467,118,297,9
ABAU,ceftazidime,1188,219,903,8
ABAU,ceftriaxone,938,87,844,4
ABAU,ciprofloxacin,1990,300,985,11
ABAU,doripenem,383,208,160,7
ABAU,gentamicin,1246,261,955,8
ABAU,imipenem,1393,735,492,10
ABAU,levofloxacin,982,201,729,6
ABAU,meropenem,936,423,450,11
ABAU,minocycline,270,118,102,8
ABAU,piperacillin-tazobactam,431,63,222,7
ABAU,polymyxin-b,348,246,69,6
ABAU,tetracycline,939,286,640,5
ABAU,tobramycin,854,317,535,5
ABAU,trimethoprim-sulfamethoxazole,1050,253,792,7
ECOLI,amikacin,10023,4751,246,10
ECOLI,amoxicillin-clavulanic-acid,11771,6438,1674,9
ECOLI,ampicillin,12086,4322,4047,12
ECOLI,ampicillin-sulbactam,3247,219,374,5
ECOLI,aztreonam,5215,2145,419,8
ECOLI,cefazolin,4606,1725,1190,9
ECOLI,cefepime,7680,3273,881,11
ECOLI,cefotaxime,6426,1031,1060,16
ECOLI,cefoxitin,7121,4292,1178,9
ECOLI,ceftazidime,11670,3522,1337,15
ECOLI,ceftolozane-tazobactam,362,104,105,10
ECOLI,ceftriaxone,10721,6142,1780,10
ECOLI,chloramphenicol,9719,4189,585,13
ECOLI,ciprofloxacin,15916,8654,2631,19
ECOLI,colistin,4008,561,156,10
ECOLI,doripenem,2609,126,51,6
ECOLI,ertapenem,4782,3526,255,16
ECOLI,gentamicin,16348,7607,1570,15
ECOLI,imipenem,9059,3148,225,14
ECOLI,levofloxacin,5677,2124,1082,9
ECOLI,meropenem,15250,10291,292,15
ECOLI,piperacillin-tazobactam,10037,3853,423,12
ECOLI,tetracycline,10755,4187,3306,16
ECOLI,tobramycin,6180,2947,542,8
ECOLI,trimethoprim-sulfamethoxazole,12395,6030,1445,13
KPNEU,amikacin,4946,2511,1177,9
KPNEU,amoxicillin-clavulanic-acid,2018,615,1028,8
KPNEU,ampicillin,3450,272,2990,5
KPNEU,ampicillin-sulbactam,3037,201,1925,5
KPNEU,aztreonam,3765,388,2461,6
KPNEU,cefazolin,2472,152,2129,5
KPNEU,cefepime,4406,939,2017,13
KPNEU,cefoxitin,3634,1308,1911,8
KPNEU,ceftazidime,5143,782,2893,15
KPNEU,ceftazidime-avibactam,451,281,138,8
KPNEU,ceftolozane-tazobactam,385,176,177,8
KPNEU,ceftriaxone,4131,684,2490,10
KPNEU,cefuroxime,3327,134,2119,8
KPNEU,chloramphenicol,1181,80,188,5
KPNEU,ciprofloxacin,5309,747,2761,15
KPNEU,colistin,1909,337,198,13
KPNEU,doripenem,1300,72,343,6
KPNEU,ertapenem,2135,740,1091,15
KPNEU,gentamicin,5135,1832,1838,13
KPNEU,imipenem,4370,1529,1311,13
KPNEU,levofloxacin,3612,575,1964,10
KPNEU,meropenem,6841,2070,2011,14
KPNEU,minocycline,1446,96,103,8
KPNEU,piperacillin-tazobactam,4597,1089,2133,9
KPNEU,polymyxin-b,831,249,153,10
KPNEU,tetracycline,2727,1007,1343,9
KPNEU,tigecycline,2352,604,337,8
KPNEU,tobramycin,3802,983,1864,7
KPNEU,trimethoprim-sulfamethoxazole,4054,927,2073,6
PAER,amikacin,1016,688,296,11
PAER,aztreonam,398,130,246,8
PAER,cefepime,718,281,415,8
PAER,ceftazidime,1054,237,384,13
PAER,ceftazidime-avibactam,329,156,173,11
PAER,ceftolozane-tazobactam,343,152,191,10
PAER,ciprofloxacin,1163,203,526,13
PAER,gentamicin,675,190,404,8
PAER,imipenem,639,132,505,9
PAER,levofloxacin,801,268,532,13
PAER,meropenem,1348,366,560,16
PAER,piperacillin-tazobactam,624,239,362,10
PAER,polymyxin-b,215,127,78,6
PAER,tobramycin,1062,252,387,14
SAUR,cefoxitin,344,112,158,6
SAUR,ceftaroline,436,312,70,7
SAUR,clindamycin,1531,988,402,6
SAUR,daptomycin,1115,946,81,9
SAUR,erythromycin,1536,837,558,6
SAUR,gentamicin,1326,1067,121,9
SAUR,levofloxacin,681,450,174,10
SAUR,oxacillin,1779,1077,512,14
SAUR,penicillin,754,72,618,6
SAUR,tetracycline,1117,884,92,9
SAUR,trimethoprim-sulfamethoxazole,906,762,67,9
SAUR,vancomycin,1624,1323,73,7
