species,percent,genomes,hidden_recovery,prediction_precision,f1,quality_successes,exact_suffixes,no_candidates,support_f1,oracle_f1
ALL,20,50,0.8954574611151496,0.8991129696788412,0.8970489014252442,6,0,0,0.9007045693372714,
ALL,30,50,0.8913899340957334,0.8935549607328294,0.8922018629575511,5,0,0,0.8960718122971025,
ALL,40,50,0.8966965967331575,0.8981112946023108,0.8970251006140971,4,0,0,0.8951006204669452,
ALL,50,50,0.88079272731993,0.8901593530938066,0.8842869229560536,2,0,0,0.8920774410110788,
ALL,60,50,0.8949512171482664,0.8860676298331385,0.8894866302760915,3,0,0,0.8907859904472781,
ALL,65,50,0.9014150789426505,0.8905543592596743,0.8953662894782515,6,0,0,0.8966273380698391,
ALL,70,50,0.884645980969031,0.872598791220999,0.8776743459099768,6,0,0,0.8832706408880733,
ALL,80,50,0.8933759339828078,0.8814503240312015,0.8861729679998414,9,0,0,0.8794317344870057,
ALL,90,50,0.9097433059072982,0.9088286866035504,0.9082459316345601,15,0,0,0.8997837727163901,
ALL,95,50,0.9003205512308615,0.915978433792976,0.9054309354896374,24,0,0,0.9051317505592791,
ALL,98,50,0.9278929494551051,0.934289918992216,0.929277467436373,34,0,0,0.9290790629262905,
ECOLI,20,10,0.8259259529160383,0.8518089605083471,0.838117415268808,0,0,0,0.8598971129939249,
ECOLI,30,10,0.8468653461930591,0.8681931942789747,0.8567013613396168,0,0,0,0.8592060853804192,
ECOLI,40,10,0.8454349381122697,0.86726199664674,0.855392985606275,0,0,0,0.8545575083430264,
ECOLI,50,10,0.8211599500344237,0.871414733479195,0.8423150036301774,0,0,0,0.8395724033658014,
ECOLI,60,10,0.8285806673138995,0.8429580190274104,0.8342239787313643,0,0,0,0.8419818241764983,
ECOLI,65,10,0.8486586266189917,0.8448807368952738,0.8460965329865555,0,0,0,0.8484573775476744,
ECOLI,70,10,0.7732276979005808,0.7790109072162967,0.774613023105856,0,0,0,0.7880211097230868,
ECOLI,80,10,0.8377071555758923,0.8437817434861273,0.839528964036445,0,0,0,0.8398268178870081,
ECOLI,90,10,0.8349061380882855,0.877993478810696,0.8544575859850155,0,0,0,0.8632412765170357,
ECOLI,95,10,0.8609013070289789,0.9162363214547706,0.8835929481932187,2,0,0,0.8820455651251766,
ECOLI,98,10,0.8338054960965167,0.8385590505931008,0.8358551919716305,3,0,0,0.8409733270976846,
KPNEU,20,10,0.9067177482921551,0.8967531756693153,0.9016790954191519,2,0,0,0.9016790954191519,
KPNEU,30,10,0.8825812580454769,0.8760304676340732,0.8792043990620988,2,0,0,0.8792043990620988,
KPNEU,40,10,0.915841411407347,0.9080290211664497,0.9116091432764609,1,0,0,0.9116091432764609,
KPNEU,50,10,0.907244432326608,0.9063840529955826,0.9066445407335797,1,0,0,0.9066445407335797,
KPNEU,60,10,0.893094803850458,0.9032947769954773,0.8980933439234672,2,0,0,0.8980933439234672,
KPNEU,65,10,0.8991757525059094,0.8936911075706598,0.8961393328897154,2,0,0,0.8961393328897154,
KPNEU,70,10,0.9025724932275121,0.8878182030424243,0.8946141458535447,2,0,0,0.8946141458535447,
KPNEU,80,10,0.905864855667964,0.8999324227651023,0.9019133035258298,2,0,0,0.9019133035258298,
KPNEU,90,10,0.9250661102288296,0.9163142868427027,0.9196367749887523,4,0,0,0.9196367749887523,
KPNEU,95,10,0.8711771064514927,0.8606290752960606,0.8617214490141084,4,0,0,0.8617214490141084,
KPNEU,98,10,0.9231070965623523,0.9639213552407006,0.9353710603685302,6,0,0,0.9353710603685302,
SAUR,20,10,0.9298621220918019,0.9206446536696975,0.9251505237398746,1,0,0,0.9244109597640433,
SAUR,30,10,0.9171159601475471,0.9070032486537049,0.911875325184145,1,0,0,0.9234291892081462,
SAUR,40,10,0.9174527069050011,0.9083733665592065,0.9127278853435543,0,0,0,0.9153395072998778,
SAUR,50,10,0.878307195942222,0.8675470421203467,0.8724505611811206,0,0,0,0.9129335983520743,
SAUR,60,10,0.9329681840890581,0.9018291083075815,0.9168782953748138,0,0,0,0.9177337501207182,
SAUR,65,10,0.9321676984410295,0.9087607801586988,0.9196259982385302,1,0,0,0.9183933991407077,
SAUR,70,10,0.9279340221128486,0.8955395364395221,0.9108023202983322,0,0,0,0.9181976203899671,
SAUR,80,10,0.9207151543110124,0.8978972669390158,0.9082606406829384,0,0,0,0.8869646279725828,
SAUR,90,10,0.9198267385578536,0.9261008257402914,0.9221499741397776,4,0,0,0.9195948854398756,
SAUR,95,10,0.906137383355577,0.9143112877624681,0.910051976110062,6,0,0,0.9046273424106988,
SAUR,98,10,0.9519638219323212,0.9490636782902042,0.9505005206729283,9,0,0,0.9396793678783645,
PAER,20,10,0.9117474055857813,0.9160341756408755,0.9137675304466135,1,0,0,0.9137675304466135,
PAER,30,10,0.9169482139417054,0.9238532908356276,0.9202703320052181,0,0,0,0.9202703320052181,
PAER,40,10,0.9014721915807726,0.9103963569779593,0.9056989586650575,1,0,0,0.9056989586650575,
PAER,50,10,0.9012832158547814,0.9073501599931891,0.9033395685670925,0,0,0,0.9033395685670925,
PAER,60,10,0.9147459212580623,0.8811895442568378,0.895324568548248,0,0,0,0.895324568548248,
PAER,65,10,0.9336131187441088,0.9217905557143103,0.9269485636352556,2,0,0,0.9269485636352556,
PAER,70,10,0.931213896417695,0.9199900291308168,0.9248028977118133,3,0,0,0.9248028977118133,
PAER,80,10,0.903540196968655,0.8887089992804531,0.8947111093223359,3,0,0,0.8947111093223359,
PAER,90,10,0.9030523320022665,0.8670109170578199,0.8839160289345337,1,0,0,0.8839160289345337,
PAER,95,10,0.8866110515685728,0.919878491105127,0.8993286025716477,4,0,0,0.8993286025716477,
PAER,98,10,0.9442874589125589,0.9365587008483518,0.9400191671710999,7,0,0,0.9400191671710999,
ABAU,20,10,0.903034076689971,0.9103238829059708,0.9065299422517732,2,0,0,0.9037681480626232,
ABAU,30,10,0.8934388921508786,0.8926946022617669,0.892957897196677,2,0,0,0.89824905582963,
ABAU,40,10,0.9032817356603967,0.8964957316611981,0.8996965301791382,2,0,0,0.8882979847503034,
ABAU,50,10,0.8959688424416156,0.8981007768807201,0.8966849406682978,1,0,0,0.8978970940368456,
ABAU,60,10,0.905366509229854,0.9010667005783854,0.902912964802564,1,0,0,0.9007964654674596,
ABAU,65,10,0.8934601984032137,0.8836486159594287,0.8880210196412015,1,0,0,0.8931980171358432,
ABAU,70,10,0.8882817951865185,0.8806352802759353,0.8835393425803384,1,0,0,0.8907174307619554,
ABAU,80,10,0.8990523073905147,0.8769311876853101,0.8864508224316581,4,0,0,0.8737428137272726,
ABAU,90,10,0.9658652106592559,0.9567239245662422,0.961069294124721,6,0,0,0.9125298977017529,
ABAU,95,10,0.9767759077496863,0.9688369933464532,0.9724597015591503,8,0,0,0.9779357936747635,
ABAU,98,10,0.986300873771777,0.9833468099887226,0.984641396997676,9,0,0,0.9893523921157733,
