# Which AMRFinderPlus hits are shown as reasons next to a drug (display only; never a model input).
# A hit is relevant when one of its Class parts is amr_class and, if subclass_any is set, its Subclass contains one of those words.
drug,amr_class,subclass_any
amikacin,AMINOGLYCOSIDE,AMIKACIN
gentamicin,AMINOGLYCOSIDE,GENTAMICIN
tobramycin,AMINOGLYCOSIDE,TOBRAMYCIN
ampicillin,BETA-LACTAM,
amoxicillin-clavulanic-acid,BETA-LACTAM,
ampicillin-sulbactam,BETA-LACTAM,
piperacillin-tazobactam,BETA-LACTAM,
penicillin,BETA-LACTAM,
oxacillin,BETA-LACTAM,METHICILLIN
cefoxitin,BETA-LACTAM,METHICILLIN;CEPHALOSPORIN;CARBAPENEM
ceftaroline,BETA-LACTAM,CEFTAROLINE
cefazolin,BETA-LACTAM,CEPHALOSPORIN;CARBAPENEM
cefuroxime,BETA-LACTAM,CEPHALOSPORIN;CARBAPENEM
ceftriaxone,BETA-LACTAM,CEPHALOSPORIN;CARBAPENEM
cefotaxime,BETA-LACTAM,CEPHALOSPORIN;CARBAPENEM
ceftazidime,BETA-LACTAM,CEPHALOSPORIN;CARBAPENEM
cefepime,BETA-LACTAM,CEPHALOSPORIN;CARBAPENEM
aztreonam,BETA-LACTAM,CEPHALOSPORIN;CARBAPENEM
ceftazidime-avibactam,BETA-LACTAM,CARBAPENEM
ceftolozane-tazobactam,BETA-LACTAM,CEPHALOSPORIN;CARBAPENEM
ertapenem,BETA-LACTAM,CARBAPENEM
imipenem,BETA-LACTAM,CARBAPENEM
meropenem,BETA-LACTAM,CARBAPENEM
doripenem,BETA-LACTAM,CARBAPENEM
ciprofloxacin,QUINOLONE,
levofloxacin,QUINOLONE,
tetracycline,TETRACYCLINE,
minocycline,TETRACYCLINE,
tigecycline,TETRACYCLINE,TIGECYCLINE
trimethoprim-sulfamethoxazole,TRIMETHOPRIM,
trimethoprim-sulfamethoxazole,SULFONAMIDE,
chloramphenicol,PHENICOL,
colistin,COLISTIN,
polymyxin-b,COLISTIN,
erythromycin,MACROLIDE,
clindamycin,LINCOSAMIDE,
vancomycin,GLYCOPEPTIDE,
daptomycin,LIPOPEPTIDE,
