species,symbol,family,note
ABAU,blaOXA-51,blaOXA-51_fam,"chromosomal OXA-51-like carbapenemase intrinsic to A. baumannii; AMRFinderPlus Subclass CARBAPENEM; membership from AMRFinderPlus DB 2026-08-07.1 AMRProt.fa (gene family blaOXA-51_fam)"
ABAU,blaOXA-64,blaOXA-51_fam,"chromosomal OXA-51-like carbapenemase intrinsic to A. baumannii; AMRFinderPlus Subclass CARBAPENEM; membership from AMRFinderPlus DB 2026-08-07.1 AMRProt.fa (gene family blaOXA-51_fam)"
ABAU,blaOXA-65,blaOXA-51_fam,"chromosomal OXA-51-like carbapenemase intrinsic to A. baumannii; AMRFinderPlus Subclass CARBAPENEM; membership from AMRFinderPlus DB 2026-08-07.1 AMRProt.fa (gene family blaOXA-51_fam)"
ABAU,blaOXA-66,blaOXA-51_fam,"chromosomal OXA-51-like carbapenemase intrinsic to A. baumannii; AMRFinderPlus Subclass CARBAPENEM; membership from AMRFinderPlus DB 2026-08-07.1 AMRProt.fa (gene family blaOXA-51_fam)"
ABAU,blaOXA-67,blaOXA-51_fam,"chromosomal OXA-51-like carbapenemase intrinsic to A. baumannii; AMRFinderPlus Subclass CARBAPENEM; membership from AMRFinderPlus DB 2026-08-07.1 AMRProt.fa (gene family blaOXA-51_fam)"
ABAU,blaOXA-68,blaOXA-51_fam,"chromosomal OXA-51-like carbapenemase intrinsic to A. baumannii; AMRFinderPlus Subclass CARBAPENEM; membership from AMRFinderPlus DB 2026-08-07.1 AMRProt.fa (gene family blaOXA-51_fam)"
ABAU,blaOXA-69,blaOXA-51_fam,"chromosomal OXA-51-like carbapenemase intrinsic to A. baumannii; AMRFinderPlus Subclass CARBAPENEM; membership from AMRFinderPlus DB 2026-08-07.1 AMRProt.fa (gene family blaOXA-51_fam)"
ABAU,blaOXA-70,blaOXA-51_fam,"chromosomal OXA-51-like carbapenemase intrinsic to A. baumannii; AMRFinderPlus Subclass CARBAPENEM; membership from AMRFinderPlus DB 2026-08-07.1 AMRProt.fa (gene family blaOXA-51_fam)"
ABAU,blaOXA-71,blaOXA-51_fam,"chromosomal OXA-51-like carbapenemase intrinsic to A. baumannii; AMRFinderPlus Subclass CARBAPENEM; membership from AMRFinderPlus DB 2026-08-07.1 AMRProt.fa (gene family blaOXA-51_fam)"
ABAU,blaOXA-75,blaOXA-51_fam,"chromosomal OXA-51-like carbapenemase intrinsic to A. baumannii; AMRFinderPlus Subclass CARBAPENEM; membership from AMRFinderPlus DB 2026-08-07.1 AMRProt.fa (gene family blaOXA-51_fam)"
ABAU,blaOXA-76,blaOXA-51_fam,"chromosomal OXA-51-like carbapenemase intrinsic to A. baumannii; AMRFinderPlus Subclass CARBAPENEM; membership from AMRFinderPlus DB 2026-08-07.1 AMRProt.fa (gene family blaOXA-51_fam)"
ABAU,blaOXA-77,blaOXA-51_fam,"chromosomal OXA-51-like carbapenemase intrinsic to A. baumannii; AMRFinderPlus Subclass CARBAPENEM; membership from AMRFinderPlus DB 2026-08-07.1 AMRProt.fa (gene family blaOXA-51_fam)"
ABAU,blaOXA-78,blaOXA-51_fam,"chromosomal OXA-51-like carbapenemase intrinsic to A. baumannii; AMRFinderPlus Subclass CARBAPENEM; membership from AMRFinderPlus DB 2026-08-07.1 AMRProt.fa (gene family blaOXA-51_fam)"
ABAU,blaOXA-79,blaOXA-51_fam,"chromosomal OXA-51-like carbapenemase intrinsic to A. baumannii; AMRFinderPlus Subclass CARBAPENEM; membership from AMRFinderPlus DB 2026-08-07.1 AMRProt.fa (gene family blaOXA-51_fam)"
ABAU,blaOXA-80,blaOXA-51_fam,"chromosomal OXA-51-like carbapenemase intrinsic to A. baumannii; AMRFinderPlus Subclass CARBAPENEM; membership from AMRFinderPlus DB 2026-08-07.1 AMRProt.fa (gene family blaOXA-51_fam)"
ABAU,blaOXA-82,blaOXA-51_fam,"chromosomal OXA-51-like carbapenemase intrinsic to A. baumannii; AMRFinderPlus Subclass CARBAPENEM; membership from AMRFinderPlus DB 2026-08-07.1 AMRProt.fa (gene family blaOXA-51_fam)"
ABAU,blaOXA-83,blaOXA-51_fam,"chromosomal OXA-51-like carbapenemase intrinsic to A. baumannii; AMRFinderPlus Subclass CARBAPENEM; membership from AMRFinderPlus DB 2026-08-07.1 AMRProt.fa (gene family blaOXA-51_fam)"
ABAU,blaOXA-84,blaOXA-51_fam,"chromosomal OXA-51-like carbapenemase intrinsic to A. baumannii; AMRFinderPlus Subclass CARBAPENEM; membership from AMRFinderPlus DB 2026-08-07.1 AMRProt.fa (gene family blaOXA-51_fam)"
ABAU,blaOXA-86,blaOXA-51_fam,"chromosomal OXA-51-like carbapenemase intrinsic to A. baumannii; AMRFinderPlus Subclass CARBAPENEM; membership from AMRFinderPlus DB 2026-08-07.1 AMRProt.fa (gene family blaOXA-51_fam)"
ABAU,blaOXA-87,blaOXA-51_fam,"chromosomal OXA-51-like carbapenemase intrinsic to A. baumannii; AMRFinderPlus Subclass CARBAPENEM; membership from AMRFinderPlus DB 2026-08-07.1 AMRProt.fa (gene family blaOXA-51_fam)"
ABAU,blaOXA-88,blaOXA-51_fam,"chromosomal OXA-51-like carbapenemase intrinsic to A. baumannii; AMRFinderPlus Subclass CARBAPENEM; membership from AMRFinderPlus DB 2026-08-07.1 AMRProt.fa (gene family blaOXA-51_fam)"
ABAU,blaOXA-89,blaOXA-51_fam,"chromosomal OXA-51-like carbapenemase intrinsic to A. baumannii; AMRFinderPlus Subclass CARBAPENEM; membership from AMRFinderPlus DB 2026-08-07.1 AMRProt.fa (gene family blaOXA-51_fam)"
ABAU,blaOXA-90,blaOXA-51_fam,"chromosomal OXA-51-like carbapenemase intrinsic to A. baumannii; AMRFinderPlus Subclass CARBAPENEM; membership from AMRFinderPlus DB 2026-08-07.1 AMRProt.fa (gene family blaOXA-51_fam)"
ABAU,blaOXA-91,blaOXA-51_fam,"chromosomal OXA-51-like carbapenemase intrinsic to A. baumannii; AMRFinderPlus Subclass CARBAPENEM; membership from AMRFinderPlus DB 2026-08-07.1 AMRProt.fa (gene family blaOXA-51_fam)"
ABAU,blaOXA-92,blaOXA-51_fam,"chromosomal OXA-51-like carbapenemase intrinsic to A. baumannii; AMRFinderPlus Subclass CARBAPENEM; membership from AMRFinderPlus DB 2026-08-07.1 AMRProt.fa (gene family blaOXA-51_fam)"
ABAU,blaOXA-93,blaOXA-51_fam,"chromosomal OXA-51-like carbapenemase intrinsic to A. baumannii; AMRFinderPlus Subclass CARBAPENEM; membership from AMRFinderPlus DB 2026-08-07.1 AMRProt.fa (gene family blaOXA-51_fam)"
ABAU,blaOXA-94,blaOXA-51_fam,"chromosomal OXA-51-like carbapenemase intrinsic to A. baumannii; AMRFinderPlus Subclass CARBAPENEM; membership from AMRFinderPlus DB 2026-08-07.1 AMRProt.fa (gene family blaOXA-51_fam)"
ABAU,blaOXA-95,blaOXA-51_fam,"chromosomal OXA-51-like carbapenemase intrinsic to A. baumannii; AMRFinderPlus Subclass CARBAPENEM; membership from AMRFinderPlus DB 2026-08-07.1 AMRProt.fa (gene family blaOXA-51_fam)"
ABAU,blaOXA-98,blaOXA-51_fam,"chromosomal OXA-51-like carbapenemase intrinsic to A. baumannii; AMRFinderPlus Subclass CARBAPENEM; membership from AMRFinderPlus DB 2026-08-07.1 AMRProt.fa (gene family blaOXA-51_fam)"
ABAU,blaOXA-99,blaOXA-51_fam,"chromosomal OXA-51-like carbapenemase intrinsic to A. baumannii; AMRFinderPlus Subclass CARBAPENEM; membership from AMRFinderPlus DB 2026-08-07.1 AMRProt.fa (gene family blaOXA-51_fam)"
ABAU,blaOXA-100,blaOXA-51_fam,"chromosomal OXA-51-like carbapenemase intrinsic to A. baumannii; AMRFinderPlus Subclass CARBAPENEM; membership from AMRFinderPlus DB 2026-08-07.1 AMRProt.fa (gene family blaOXA-51_fam)"
ABAU,blaOXA-104,blaOXA-51_fam,"chromosomal OXA-51-like carbapenemase intrinsic to A. baumannii; AMRFinderPlus Subclass CARBAPENEM; membership from AMRFinderPlus DB 2026-08-07.1 AMRProt.fa (gene family blaOXA-51_fam)"
ABAU,blaOXA-106,blaOXA-51_fam,"chromosomal OXA-51-like carbapenemase intrinsic to A. baumannii; AMRFinderPlus Subclass CARBAPENEM; membership from AMRFinderPlus DB 2026-08-07.1 AMRProt.fa (gene family blaOXA-51_fam)"
ABAU,blaOXA-107,blaOXA-51_fam,"chromosomal OXA-51-like carbapenemase intrinsic to A. baumannii; AMRFinderPlus Subclass CARBAPENEM; membership from AMRFinderPlus DB 2026-08-07.1 AMRProt.fa (gene family blaOXA-51_fam)"
ABAU,blaOXA-108,blaOXA-51_fam,"chromosomal OXA-51-like carbapenemase intrinsic to A. baumannii; AMRFinderPlus Subclass CARBAPENEM; membership from AMRFinderPlus DB 2026-08-07.1 AMRProt.fa (gene family blaOXA-51_fam)"
ABAU,blaOXA-109,blaOXA-51_fam,"chromosomal OXA-51-like carbapenemase intrinsic to A. baumannii; AMRFinderPlus Subclass CARBAPENEM; membership from AMRFinderPlus DB 2026-08-07.1 AMRProt.fa (gene family blaOXA-51_fam)"
ABAU,blaOXA-110,blaOXA-51_fam,"chromosomal OXA-51-like carbapenemase intrinsic to A. baumannii; AMRFinderPlus Subclass CARBAPENEM; membership from AMRFinderPlus DB 2026-08-07.1 AMRProt.fa (gene family blaOXA-51_fam)"
ABAU,blaOXA-111,blaOXA-51_fam,"chromosomal OXA-51-like carbapenemase intrinsic to A. baumannii; AMRFinderPlus Subclass CARBAPENEM; membership from AMRFinderPlus DB 2026-08-07.1 AMRProt.fa (gene family blaOXA-51_fam)"
ABAU,blaOXA-112,blaOXA-51_fam,"chromosomal OXA-51-like carbapenemase intrinsic to A. baumannii; AMRFinderPlus Subclass CARBAPENEM; membership from AMRFinderPlus DB 2026-08-07.1 AMRProt.fa (gene family blaOXA-51_fam)"
ABAU,blaOXA-113,blaOXA-51_fam,"chromosomal OXA-51-like carbapenemase intrinsic to A. baumannii; AMRFinderPlus Subclass CARBAPENEM; membership from AMRFinderPlus DB 2026-08-07.1 AMRProt.fa (gene family blaOXA-51_fam)"
ABAU,blaOXA-115,blaOXA-51_fam,"chromosomal OXA-51-like carbapenemase intrinsic to A. baumannii; AMRFinderPlus Subclass CARBAPENEM; membership from AMRFinderPlus DB 2026-08-07.1 AMRProt.fa (gene family blaOXA-51_fam)"
ABAU,blaOXA-117,blaOXA-51_fam,"chromosomal OXA-51-like carbapenemase intrinsic to A. baumannii; AMRFinderPlus Subclass CARBAPENEM; membership from AMRFinderPlus DB 2026-08-07.1 AMRProt.fa (gene family blaOXA-51_fam)"
ABAU,blaOXA-120,blaOXA-51_fam,"chromosomal OXA-51-like carbapenemase intrinsic to A. baumannii; AMRFinderPlus Subclass CARBAPENEM; membership from AMRFinderPlus DB 2026-08-07.1 AMRProt.fa (gene family blaOXA-51_fam)"
ABAU,blaOXA-121,blaOXA-51_fam,"chromosomal OXA-51-like carbapenemase intrinsic to A. baumannii; AMRFinderPlus Subclass CARBAPENEM; membership from AMRFinderPlus DB 2026-08-07.1 AMRProt.fa (gene family blaOXA-51_fam)"
ABAU,blaOXA-122,blaOXA-51_fam,"chromosomal OXA-51-like carbapenemase intrinsic to A. baumannii; AMRFinderPlus Subclass CARBAPENEM; membership from AMRFinderPlus DB 2026-08-07.1 AMRProt.fa (gene family blaOXA-51_fam)"
ABAU,blaOXA-123,blaOXA-51_fam,"chromosomal OXA-51-like carbapenemase intrinsic to A. baumannii; AMRFinderPlus Subclass CARBAPENEM; membership from AMRFinderPlus DB 2026-08-07.1 AMRProt.fa (gene family blaOXA-51_fam)"
ABAU,blaOXA-124,blaOXA-51_fam,"chromosomal OXA-51-like carbapenemase intrinsic to A. baumannii; AMRFinderPlus Subclass CARBAPENEM; membership from AMRFinderPlus DB 2026-08-07.1 AMRProt.fa (gene family blaOXA-51_fam)"
ABAU,blaOXA-125,blaOXA-51_fam,"chromosomal OXA-51-like carbapenemase intrinsic to A. baumannii; AMRFinderPlus Subclass CARBAPENEM; membership from AMRFinderPlus DB 2026-08-07.1 AMRProt.fa (gene family blaOXA-51_fam)"
ABAU,blaOXA-126,blaOXA-51_fam,"chromosomal OXA-51-like carbapenemase intrinsic to A. baumannii; AMRFinderPlus Subclass CARBAPENEM; membership from AMRFinderPlus DB 2026-08-07.1 AMRProt.fa (gene family blaOXA-51_fam)"
ABAU,blaOXA-127,blaOXA-51_fam,"chromosomal OXA-51-like carbapenemase intrinsic to A. baumannii; AMRFinderPlus Subclass CARBAPENEM; membership from AMRFinderPlus DB 2026-08-07.1 AMRProt.fa (gene family blaOXA-51_fam)"
ABAU,blaOXA-128,blaOXA-51_fam,"chromosomal OXA-51-like carbapenemase intrinsic to A. baumannii; AMRFinderPlus Subclass CARBAPENEM; membership from AMRFinderPlus DB 2026-08-07.1 AMRProt.fa (gene family blaOXA-51_fam)"
ABAU,blaOXA-130,blaOXA-51_fam,"chromosomal OXA-51-like carbapenemase intrinsic to A. baumannii; AMRFinderPlus Subclass CARBAPENEM; membership from AMRFinderPlus DB 2026-08-07.1 AMRProt.fa (gene family blaOXA-51_fam)"
ABAU,blaOXA-131,blaOXA-51_fam,"chromosomal OXA-51-like carbapenemase intrinsic to A. baumannii; AMRFinderPlus Subclass CARBAPENEM; membership from AMRFinderPlus DB 2026-08-07.1 AMRProt.fa (gene family blaOXA-51_fam)"
ABAU,blaOXA-132,blaOXA-51_fam,"chromosomal OXA-51-like carbapenemase intrinsic to A. baumannii; AMRFinderPlus Subclass CARBAPENEM; membership from AMRFinderPlus DB 2026-08-07.1 AMRProt.fa (gene family blaOXA-51_fam)"
ABAU,blaOXA-138,blaOXA-51_fam,"chromosomal OXA-51-like carbapenemase intrinsic to A. baumannii; AMRFinderPlus Subclass CARBAPENEM; membership from AMRFinderPlus DB 2026-08-07.1 AMRProt.fa (gene family blaOXA-51_fam)"
ABAU,blaOXA-144,blaOXA-51_fam,"chromosomal OXA-51-like carbapenemase intrinsic to A. baumannii; AMRFinderPlus Subclass CARBAPENEM; membership from AMRFinderPlus DB 2026-08-07.1 AMRProt.fa (gene family blaOXA-51_fam)"
ABAU,blaOXA-148,blaOXA-51_fam,"chromosomal OXA-51-like carbapenemase intrinsic to A. baumannii; AMRFinderPlus Subclass CARBAPENEM; membership from AMRFinderPlus DB 2026-08-07.1 AMRProt.fa (gene family blaOXA-51_fam)"
ABAU,blaOXA-149,blaOXA-51_fam,"chromosomal OXA-51-like carbapenemase intrinsic to A. baumannii; AMRFinderPlus Subclass CARBAPENEM; membership from AMRFinderPlus DB 2026-08-07.1 AMRProt.fa (gene family blaOXA-51_fam)"
ABAU,blaOXA-150,blaOXA-51_fam,"chromosomal OXA-51-like carbapenemase intrinsic to A. baumannii; AMRFinderPlus Subclass CARBAPENEM; membership from AMRFinderPlus DB 2026-08-07.1 AMRProt.fa (gene family blaOXA-51_fam)"
ABAU,blaOXA-172,blaOXA-51_fam,"chromosomal OXA-51-like carbapenemase intrinsic to A. baumannii; AMRFinderPlus Subclass CARBAPENEM; membership from AMRFinderPlus DB 2026-08-07.1 AMRProt.fa (gene family blaOXA-51_fam)"
ABAU,blaOXA-173,blaOXA-51_fam,"chromosomal OXA-51-like carbapenemase intrinsic to A. baumannii; AMRFinderPlus Subclass CARBAPENEM; membership from AMRFinderPlus DB 2026-08-07.1 AMRProt.fa (gene family blaOXA-51_fam)"
ABAU,blaOXA-174,blaOXA-51_fam,"chromosomal OXA-51-like carbapenemase intrinsic to A. baumannii; AMRFinderPlus Subclass CARBAPENEM; membership from AMRFinderPlus DB 2026-08-07.1 AMRProt.fa (gene family blaOXA-51_fam)"
ABAU,blaOXA-175,blaOXA-51_fam,"chromosomal OXA-51-like carbapenemase intrinsic to A. baumannii; AMRFinderPlus Subclass CARBAPENEM; membership from AMRFinderPlus DB 2026-08-07.1 AMRProt.fa (gene family blaOXA-51_fam)"
ABAU,blaOXA-176,blaOXA-51_fam,"chromosomal OXA-51-like carbapenemase intrinsic to A. baumannii; AMRFinderPlus Subclass CARBAPENEM; membership from AMRFinderPlus DB 2026-08-07.1 AMRProt.fa (gene family blaOXA-51_fam)"
ABAU,blaOXA-177,blaOXA-51_fam,"chromosomal OXA-51-like carbapenemase intrinsic to A. baumannii; AMRFinderPlus Subclass CARBAPENEM; membership from AMRFinderPlus DB 2026-08-07.1 AMRProt.fa (gene family blaOXA-51_fam)"
ABAU,blaOXA-178,blaOXA-51_fam,"chromosomal OXA-51-like carbapenemase intrinsic to A. baumannii; AMRFinderPlus Subclass CARBAPENEM; membership from AMRFinderPlus DB 2026-08-07.1 AMRProt.fa (gene family blaOXA-51_fam)"
ABAU,blaOXA-179,blaOXA-51_fam,"chromosomal OXA-51-like carbapenemase intrinsic to A. baumannii; AMRFinderPlus Subclass CARBAPENEM; membership from AMRFinderPlus DB 2026-08-07.1 AMRProt.fa (gene family blaOXA-51_fam)"
ABAU,blaOXA-180,blaOXA-51_fam,"chromosomal OXA-51-like carbapenemase intrinsic to A. baumannii; AMRFinderPlus Subclass CARBAPENEM; membership from AMRFinderPlus DB 2026-08-07.1 AMRProt.fa (gene family blaOXA-51_fam)"
ABAU,blaOXA-194,blaOXA-51_fam,"chromosomal OXA-51-like carbapenemase intrinsic to A. baumannii; AMRFinderPlus Subclass CARBAPENEM; membership from AMRFinderPlus DB 2026-08-07.1 AMRProt.fa (gene family blaOXA-51_fam)"
ABAU,blaOXA-195,blaOXA-51_fam,"chromosomal OXA-51-like carbapenemase intrinsic to A. baumannii; AMRFinderPlus Subclass CARBAPENEM; membership from AMRFinderPlus DB 2026-08-07.1 AMRProt.fa (gene family blaOXA-51_fam)"
ABAU,blaOXA-196,blaOXA-51_fam,"chromosomal OXA-51-like carbapenemase intrinsic to A. baumannii; AMRFinderPlus Subclass CARBAPENEM; membership from AMRFinderPlus DB 2026-08-07.1 AMRProt.fa (gene family blaOXA-51_fam)"
ABAU,blaOXA-197,blaOXA-51_fam,"chromosomal OXA-51-like carbapenemase intrinsic to A. baumannii; AMRFinderPlus Subclass CARBAPENEM; membership from AMRFinderPlus DB 2026-08-07.1 AMRProt.fa (gene family blaOXA-51_fam)"
ABAU,blaOXA-200,blaOXA-51_fam,"chromosomal OXA-51-like carbapenemase intrinsic to A. baumannii; AMRFinderPlus Subclass CARBAPENEM; membership from AMRFinderPlus DB 2026-08-07.1 AMRProt.fa (gene family blaOXA-51_fam)"
ABAU,blaOXA-201,blaOXA-51_fam,"chromosomal OXA-51-like carbapenemase intrinsic to A. baumannii; AMRFinderPlus Subclass CARBAPENEM; membership from AMRFinderPlus DB 2026-08-07.1 AMRProt.fa (gene family blaOXA-51_fam)"
ABAU,blaOXA-202,blaOXA-51_fam,"chromosomal OXA-51-like carbapenemase intrinsic to A. baumannii; AMRFinderPlus Subclass CARBAPENEM; membership from AMRFinderPlus DB 2026-08-07.1 AMRProt.fa (gene family blaOXA-51_fam)"
ABAU,blaOXA-203,blaOXA-51_fam,"chromosomal OXA-51-like carbapenemase intrinsic to A. baumannii; AMRFinderPlus Subclass CARBAPENEM; membership from AMRFinderPlus DB 2026-08-07.1 AMRProt.fa (gene family blaOXA-51_fam)"
ABAU,blaOXA-206,blaOXA-51_fam,"chromosomal OXA-51-like carbapenemase intrinsic to A. baumannii; AMRFinderPlus Subclass CARBAPENEM; membership from AMRFinderPlus DB 2026-08-07.1 AMRProt.fa (gene family blaOXA-51_fam)"
ABAU,blaOXA-208,blaOXA-51_fam,"chromosomal OXA-51-like carbapenemase intrinsic to A. baumannii; AMRFinderPlus Subclass CARBAPENEM; membership from AMRFinderPlus DB 2026-08-07.1 AMRProt.fa (gene family blaOXA-51_fam)"
ABAU,blaOXA-216,blaOXA-51_fam,"chromosomal OXA-51-like carbapenemase intrinsic to A. baumannii; AMRFinderPlus Subclass CARBAPENEM; membership from AMRFinderPlus DB 2026-08-07.1 AMRProt.fa (gene family blaOXA-51_fam)"
ABAU,blaOXA-217,blaOXA-51_fam,"chromosomal OXA-51-like carbapenemase intrinsic to A. baumannii; AMRFinderPlus Subclass CARBAPENEM; membership from AMRFinderPlus DB 2026-08-07.1 AMRProt.fa (gene family blaOXA-51_fam)"
ABAU,blaOXA-219,blaOXA-51_fam,"chromosomal OXA-51-like carbapenemase intrinsic to A. baumannii; AMRFinderPlus Subclass CARBAPENEM; membership from AMRFinderPlus DB 2026-08-07.1 AMRProt.fa (gene family blaOXA-51_fam)"
ABAU,blaOXA-223,blaOXA-51_fam,"chromosomal OXA-51-like carbapenemase intrinsic to A. baumannii; AMRFinderPlus Subclass CARBAPENEM; membership from AMRFinderPlus DB 2026-08-07.1 AMRProt.fa (gene family blaOXA-51_fam)"
ABAU,blaOXA-234,blaOXA-51_fam,"chromosomal OXA-51-like carbapenemase intrinsic to A. baumannii; AMRFinderPlus Subclass CARBAPENEM; membership from AMRFinderPlus DB 2026-08-07.1 AMRProt.fa (gene family blaOXA-51_fam)"
ABAU,blaOXA-241,blaOXA-51_fam,"chromosomal OXA-51-like carbapenemase intrinsic to A. baumannii; AMRFinderPlus Subclass CARBAPENEM; membership from AMRFinderPlus DB 2026-08-07.1 AMRProt.fa (gene family blaOXA-51_fam)"
ABAU,blaOXA-242,blaOXA-51_fam,"chromosomal OXA-51-like carbapenemase intrinsic to A. baumannii; AMRFinderPlus Subclass CARBAPENEM; membership from AMRFinderPlus DB 2026-08-07.1 AMRProt.fa (gene family blaOXA-51_fam)"
ABAU,blaOXA-248,blaOXA-51_fam,"chromosomal OXA-51-like carbapenemase intrinsic to A. baumannii; AMRFinderPlus Subclass CARBAPENEM; membership from AMRFinderPlus DB 2026-08-07.1 AMRProt.fa (gene family blaOXA-51_fam)"
ABAU,blaOXA-249,blaOXA-51_fam,"chromosomal OXA-51-like carbapenemase intrinsic to A. baumannii; AMRFinderPlus Subclass CARBAPENEM; membership from AMRFinderPlus DB 2026-08-07.1 AMRProt.fa (gene family blaOXA-51_fam)"
ABAU,blaOXA-250,blaOXA-51_fam,"chromosomal OXA-51-like carbapenemase intrinsic to A. baumannii; AMRFinderPlus Subclass CARBAPENEM; membership from AMRFinderPlus DB 2026-08-07.1 AMRProt.fa (gene family blaOXA-51_fam)"
ABAU,blaOXA-254,blaOXA-51_fam,"chromosomal OXA-51-like carbapenemase intrinsic to A. baumannii; AMRFinderPlus Subclass CARBAPENEM; membership from AMRFinderPlus DB 2026-08-07.1 AMRProt.fa (gene family blaOXA-51_fam)"
ABAU,blaOXA-259,blaOXA-51_fam,"chromosomal OXA-51-like carbapenemase intrinsic to A. baumannii; AMRFinderPlus Subclass CARBAPENEM; membership from AMRFinderPlus DB 2026-08-07.1 AMRProt.fa (gene family blaOXA-51_fam)"
ABAU,blaOXA-260,blaOXA-51_fam,"chromosomal OXA-51-like carbapenemase intrinsic to A. baumannii; AMRFinderPlus Subclass CARBAPENEM; membership from AMRFinderPlus DB 2026-08-07.1 AMRProt.fa (gene family blaOXA-51_fam)"
ABAU,blaOXA-261,blaOXA-51_fam,"chromosomal OXA-51-like carbapenemase intrinsic to A. baumannii; AMRFinderPlus Subclass CARBAPENEM; membership from AMRFinderPlus DB 2026-08-07.1 AMRProt.fa (gene family blaOXA-51_fam)"
ABAU,blaOXA-262,blaOXA-51_fam,"chromosomal OXA-51-like carbapenemase intrinsic to A. baumannii; AMRFinderPlus Subclass CARBAPENEM; membership from AMRFinderPlus DB 2026-08-07.1 AMRProt.fa (gene family blaOXA-51_fam)"
ABAU,blaOXA-263,blaOXA-51_fam,"chromosomal OXA-51-like carbapenemase intrinsic to A. baumannii; AMRFinderPlus Subclass CARBAPENEM; membership from AMRFinderPlus DB 2026-08-07.1 AMRProt.fa (gene family blaOXA-51_fam)"
ABAU,blaOXA-312,blaOXA-51_fam,"chromosomal OXA-51-like carbapenemase intrinsic to A. baumannii; AMRFinderPlus Subclass CARBAPENEM; membership from AMRFinderPlus DB 2026-08-07.1 AMRProt.fa (gene family blaOXA-51_fam)"
ABAU,blaOXA-313,blaOXA-51_fam,"chromosomal OXA-51-like carbapenemase intrinsic to A. baumannii; AMRFinderPlus Subclass CARBAPENEM; membership from AMRFinderPlus DB 2026-08-07.1 AMRProt.fa (gene family blaOXA-51_fam)"
ABAU,blaOXA-314,blaOXA-51_fam,"chromosomal OXA-51-like carbapenemase intrinsic to A. baumannii; AMRFinderPlus Subclass CARBAPENEM; membership from AMRFinderPlus DB 2026-08-07.1 AMRProt.fa (gene family blaOXA-51_fam)"
ABAU,blaOXA-315,blaOXA-51_fam,"chromosomal OXA-51-like carbapenemase intrinsic to A. baumannii; AMRFinderPlus Subclass CARBAPENEM; membership from AMRFinderPlus DB 2026-08-07.1 AMRProt.fa (gene family blaOXA-51_fam)"
ABAU,blaOXA-316,blaOXA-51_fam,"chromosomal OXA-51-like carbapenemase intrinsic to A. baumannii; AMRFinderPlus Subclass CARBAPENEM; membership from AMRFinderPlus DB 2026-08-07.1 AMRProt.fa (gene family blaOXA-51_fam)"
ABAU,blaOXA-317,blaOXA-51_fam,"chromosomal OXA-51-like carbapenemase intrinsic to A. baumannii; AMRFinderPlus Subclass CARBAPENEM; membership from AMRFinderPlus DB 2026-08-07.1 AMRProt.fa (gene family blaOXA-51_fam)"
ABAU,blaOXA-336,blaOXA-51_fam,"chromosomal OXA-51-like carbapenemase intrinsic to A. baumannii; AMRFinderPlus Subclass CARBAPENEM; membership from AMRFinderPlus DB 2026-08-07.1 AMRProt.fa (gene family blaOXA-51_fam)"
ABAU,blaOXA-337,blaOXA-51_fam,"chromosomal OXA-51-like carbapenemase intrinsic to A. baumannii; AMRFinderPlus Subclass CARBAPENEM; membership from AMRFinderPlus DB 2026-08-07.1 AMRProt.fa (gene family blaOXA-51_fam)"
ABAU,blaOXA-338,blaOXA-51_fam,"chromosomal OXA-51-like carbapenemase intrinsic to A. baumannii; AMRFinderPlus Subclass CARBAPENEM; membership from AMRFinderPlus DB 2026-08-07.1 AMRProt.fa (gene family blaOXA-51_fam)"
ABAU,blaOXA-339,blaOXA-51_fam,"chromosomal OXA-51-like carbapenemase intrinsic to A. baumannii; AMRFinderPlus Subclass CARBAPENEM; membership from AMRFinderPlus DB 2026-08-07.1 AMRProt.fa (gene family blaOXA-51_fam)"
ABAU,blaOXA-340,blaOXA-51_fam,"chromosomal OXA-51-like carbapenemase intrinsic to A. baumannii; AMRFinderPlus Subclass CARBAPENEM; membership from AMRFinderPlus DB 2026-08-07.1 AMRProt.fa (gene family blaOXA-51_fam)"
ABAU,blaOXA-341,blaOXA-51_fam,"chromosomal OXA-51-like carbapenemase intrinsic to A. baumannii; AMRFinderPlus Subclass CARBAPENEM; membership from AMRFinderPlus DB 2026-08-07.1 AMRProt.fa (gene family blaOXA-51_fam)"
ABAU,blaOXA-342,blaOXA-51_fam,"chromosomal OXA-51-like carbapenemase intrinsic to A. baumannii; AMRFinderPlus Subclass CARBAPENEM; membership from AMRFinderPlus DB 2026-08-07.1 AMRProt.fa (gene family blaOXA-51_fam)"
ABAU,blaOXA-343,blaOXA-51_fam,"chromosomal OXA-51-like carbapenemase intrinsic to A. baumannii; AMRFinderPlus Subclass CARBAPENEM; membership from AMRFinderPlus DB 2026-08-07.1 AMRProt.fa (gene family blaOXA-51_fam)"
ABAU,blaOXA-344,blaOXA-51_fam,"chromosomal OXA-51-like carbapenemase intrinsic to A. baumannii; AMRFinderPlus Subclass CARBAPENEM; membership from AMRFinderPlus DB 2026-08-07.1 AMRProt.fa (gene family blaOXA-51_fam)"
ABAU,blaOXA-345,blaOXA-51_fam,"chromosomal OXA-51-like carbapenemase intrinsic to A. baumannii; AMRFinderPlus Subclass CARBAPENEM; membership from AMRFinderPlus DB 2026-08-07.1 AMRProt.fa (gene family blaOXA-51_fam)"
ABAU,blaOXA-346,blaOXA-51_fam,"chromosomal OXA-51-like carbapenemase intrinsic to A. baumannii; AMRFinderPlus Subclass CARBAPENEM; membership from AMRFinderPlus DB 2026-08-07.1 AMRProt.fa (gene family blaOXA-51_fam)"
ABAU,blaOXA-365,blaOXA-51_fam,"chromosomal OXA-51-like carbapenemase intrinsic to A. baumannii; AMRFinderPlus Subclass CARBAPENEM; membership from AMRFinderPlus DB 2026-08-07.1 AMRProt.fa (gene family blaOXA-51_fam)"
ABAU,blaOXA-371,blaOXA-51_fam,"chromosomal OXA-51-like carbapenemase intrinsic to A. baumannii; AMRFinderPlus Subclass CARBAPENEM; membership from AMRFinderPlus DB 2026-08-07.1 AMRProt.fa (gene family blaOXA-51_fam)"
ABAU,blaOXA-374,blaOXA-51_fam,"chromosomal OXA-51-like carbapenemase intrinsic to A. baumannii; AMRFinderPlus Subclass CARBAPENEM; membership from AMRFinderPlus DB 2026-08-07.1 AMRProt.fa (gene family blaOXA-51_fam)"
ABAU,blaOXA-375,blaOXA-51_fam,"chromosomal OXA-51-like carbapenemase intrinsic to A. baumannii; AMRFinderPlus Subclass CARBAPENEM; membership from AMRFinderPlus DB 2026-08-07.1 AMRProt.fa (gene family blaOXA-51_fam)"
ABAU,blaOXA-376,blaOXA-51_fam,"chromosomal OXA-51-like carbapenemase intrinsic to A. baumannii; AMRFinderPlus Subclass CARBAPENEM; membership from AMRFinderPlus DB 2026-08-07.1 AMRProt.fa (gene family blaOXA-51_fam)"
ABAU,blaOXA-377,blaOXA-51_fam,"chromosomal OXA-51-like carbapenemase intrinsic to A. baumannii; AMRFinderPlus Subclass CARBAPENEM; membership from AMRFinderPlus DB 2026-08-07.1 AMRProt.fa (gene family blaOXA-51_fam)"
ABAU,blaOXA-378,blaOXA-51_fam,"chromosomal OXA-51-like carbapenemase intrinsic to A. baumannii; AMRFinderPlus Subclass CARBAPENEM; membership from AMRFinderPlus DB 2026-08-07.1 AMRProt.fa (gene family blaOXA-51_fam)"
ABAU,blaOXA-379,blaOXA-51_fam,"chromosomal OXA-51-like carbapenemase intrinsic to A. baumannii; AMRFinderPlus Subclass CARBAPENEM; membership from AMRFinderPlus DB 2026-08-07.1 AMRProt.fa (gene family blaOXA-51_fam)"
ABAU,blaOXA-380,blaOXA-51_fam,"chromosomal OXA-51-like carbapenemase intrinsic to A. baumannii; AMRFinderPlus Subclass CARBAPENEM; membership from AMRFinderPlus DB 2026-08-07.1 AMRProt.fa (gene family blaOXA-51_fam)"
ABAU,blaOXA-381,blaOXA-51_fam,"chromosomal OXA-51-like carbapenemase intrinsic to A. baumannii; AMRFinderPlus Subclass CARBAPENEM; membership from AMRFinderPlus DB 2026-08-07.1 AMRProt.fa (gene family blaOXA-51_fam)"
ABAU,blaOXA-382,blaOXA-51_fam,"chromosomal OXA-51-like carbapenemase intrinsic to A. baumannii; AMRFinderPlus Subclass CARBAPENEM; membership from AMRFinderPlus DB 2026-08-07.1 AMRProt.fa (gene family blaOXA-51_fam)"
ABAU,blaOXA-383,blaOXA-51_fam,"chromosomal OXA-51-like carbapenemase intrinsic to A. baumannii; AMRFinderPlus Subclass CARBAPENEM; membership from AMRFinderPlus DB 2026-08-07.1 AMRProt.fa (gene family blaOXA-51_fam)"
ABAU,blaOXA-384,blaOXA-51_fam,"chromosomal OXA-51-like carbapenemase intrinsic to A. baumannii; AMRFinderPlus Subclass CARBAPENEM; membership from AMRFinderPlus DB 2026-08-07.1 AMRProt.fa (gene family blaOXA-51_fam)"
ABAU,blaOXA-385,blaOXA-51_fam,"chromosomal OXA-51-like carbapenemase intrinsic to A. baumannii; AMRFinderPlus Subclass CARBAPENEM; membership from AMRFinderPlus DB 2026-08-07.1 AMRProt.fa (gene family blaOXA-51_fam)"
ABAU,blaOXA-386,blaOXA-51_fam,"chromosomal OXA-51-like carbapenemase intrinsic to A. baumannii; AMRFinderPlus Subclass CARBAPENEM; membership from AMRFinderPlus DB 2026-08-07.1 AMRProt.fa (gene family blaOXA-51_fam)"
ABAU,blaOXA-387,blaOXA-51_fam,"chromosomal OXA-51-like carbapenemase intrinsic to A. baumannii; AMRFinderPlus Subclass CARBAPENEM; membership from AMRFinderPlus DB 2026-08-07.1 AMRProt.fa (gene family blaOXA-51_fam)"
ABAU,blaOXA-388,blaOXA-51_fam,"chromosomal OXA-51-like carbapenemase intrinsic to A. baumannii; AMRFinderPlus Subclass CARBAPENEM; membership from AMRFinderPlus DB 2026-08-07.1 AMRProt.fa (gene family blaOXA-51_fam)"
ABAU,blaOXA-389,blaOXA-51_fam,"chromosomal OXA-51-like carbapenemase intrinsic to A. baumannii; AMRFinderPlus Subclass CARBAPENEM; membership from AMRFinderPlus DB 2026-08-07.1 AMRProt.fa (gene family blaOXA-51_fam)"
ABAU,blaOXA-390,blaOXA-51_fam,"chromosomal OXA-51-like carbapenemase intrinsic to A. baumannii; AMRFinderPlus Subclass CARBAPENEM; membership from AMRFinderPlus DB 2026-08-07.1 AMRProt.fa (gene family blaOXA-51_fam)"
ABAU,blaOXA-391,blaOXA-51_fam,"chromosomal OXA-51-like carbapenemase intrinsic to A. baumannii; AMRFinderPlus Subclass CARBAPENEM; membership from AMRFinderPlus DB 2026-08-07.1 AMRProt.fa (gene family blaOXA-51_fam)"
ABAU,blaOXA-400,blaOXA-51_fam,"chromosomal OXA-51-like carbapenemase intrinsic to A. baumannii; AMRFinderPlus Subclass CARBAPENEM; membership from AMRFinderPlus DB 2026-08-07.1 AMRProt.fa (gene family blaOXA-51_fam)"
ABAU,blaOXA-401,blaOXA-51_fam,"chromosomal OXA-51-like carbapenemase intrinsic to A. baumannii; AMRFinderPlus Subclass CARBAPENEM; membership from AMRFinderPlus DB 2026-08-07.1 AMRProt.fa (gene family blaOXA-51_fam)"
ABAU,blaOXA-402,blaOXA-51_fam,"chromosomal OXA-51-like carbapenemase intrinsic to A. baumannii; AMRFinderPlus Subclass CARBAPENEM; membership from AMRFinderPlus DB 2026-08-07.1 AMRProt.fa (gene family blaOXA-51_fam)"
ABAU,blaOXA-403,blaOXA-51_fam,"chromosomal OXA-51-like carbapenemase intrinsic to A. baumannii; AMRFinderPlus Subclass CARBAPENEM; membership from AMRFinderPlus DB 2026-08-07.1 AMRProt.fa (gene family blaOXA-51_fam)"
ABAU,blaOXA-404,blaOXA-51_fam,"chromosomal OXA-51-like carbapenemase intrinsic to A. baumannii; AMRFinderPlus Subclass CARBAPENEM; membership from AMRFinderPlus DB 2026-08-07.1 AMRProt.fa (gene family blaOXA-51_fam)"
ABAU,blaOXA-406,blaOXA-51_fam,"chromosomal OXA-51-like carbapenemase intrinsic to A. baumannii; AMRFinderPlus Subclass CARBAPENEM; membership from AMRFinderPlus DB 2026-08-07.1 AMRProt.fa (gene family blaOXA-51_fam)"
ABAU,blaOXA-407,blaOXA-51_fam,"chromosomal OXA-51-like carbapenemase intrinsic to A. baumannii; AMRFinderPlus Subclass CARBAPENEM; membership from AMRFinderPlus DB 2026-08-07.1 AMRProt.fa (gene family blaOXA-51_fam)"
ABAU,blaOXA-408,blaOXA-51_fam,"chromosomal OXA-51-like carbapenemase intrinsic to A. baumannii; AMRFinderPlus Subclass CARBAPENEM; membership from AMRFinderPlus DB 2026-08-07.1 AMRProt.fa (gene family blaOXA-51_fam)"
ABAU,blaOXA-409,blaOXA-51_fam,"chromosomal OXA-51-like carbapenemase intrinsic to A. baumannii; AMRFinderPlus Subclass CARBAPENEM; membership from AMRFinderPlus DB 2026-08-07.1 AMRProt.fa (gene family blaOXA-51_fam)"
ABAU,blaOXA-410,blaOXA-51_fam,"chromosomal OXA-51-like carbapenemase intrinsic to A. baumannii; AMRFinderPlus Subclass CARBAPENEM; membership from AMRFinderPlus DB 2026-08-07.1 AMRProt.fa (gene family blaOXA-51_fam)"
ABAU,blaOXA-411,blaOXA-51_fam,"chromosomal OXA-51-like carbapenemase intrinsic to A. baumannii; AMRFinderPlus Subclass CARBAPENEM; membership from AMRFinderPlus DB 2026-08-07.1 AMRProt.fa (gene family blaOXA-51_fam)"
ABAU,blaOXA-412,blaOXA-51_fam,"chromosomal OXA-51-like carbapenemase intrinsic to A. baumannii; AMRFinderPlus Subclass CARBAPENEM; membership from AMRFinderPlus DB 2026-08-07.1 AMRProt.fa (gene family blaOXA-51_fam)"
ABAU,blaOXA-413,blaOXA-51_fam,"chromosomal OXA-51-like carbapenemase intrinsic to A. baumannii; AMRFinderPlus Subclass CARBAPENEM; membership from AMRFinderPlus DB 2026-08-07.1 AMRProt.fa (gene family blaOXA-51_fam)"
ABAU,blaOXA-414,blaOXA-51_fam,"chromosomal OXA-51-like carbapenemase intrinsic to A. baumannii; AMRFinderPlus Subclass CARBAPENEM; membership from AMRFinderPlus DB 2026-08-07.1 AMRProt.fa (gene family blaOXA-51_fam)"
ABAU,blaOXA-424,blaOXA-51_fam,"chromosomal OXA-51-like carbapenemase intrinsic to A. baumannii; AMRFinderPlus Subclass CARBAPENEM; membership from AMRFinderPlus DB 2026-08-07.1 AMRProt.fa (gene family blaOXA-51_fam)"
ABAU,blaOXA-425,blaOXA-51_fam,"chromosomal OXA-51-like carbapenemase intrinsic to A. baumannii; AMRFinderPlus Subclass CARBAPENEM; membership from AMRFinderPlus DB 2026-08-07.1 AMRProt.fa (gene family blaOXA-51_fam)"
ABAU,blaOXA-426,blaOXA-51_fam,"chromosomal OXA-51-like carbapenemase intrinsic to A. baumannii; AMRFinderPlus Subclass CARBAPENEM; membership from AMRFinderPlus DB 2026-08-07.1 AMRProt.fa (gene family blaOXA-51_fam)"
ABAU,blaOXA-429,blaOXA-51_fam,"chromosomal OXA-51-like carbapenemase intrinsic to A. baumannii; AMRFinderPlus Subclass CARBAPENEM; membership from AMRFinderPlus DB 2026-08-07.1 AMRProt.fa (gene family blaOXA-51_fam)"
ABAU,blaOXA-430,blaOXA-51_fam,"chromosomal OXA-51-like carbapenemase intrinsic to A. baumannii; AMRFinderPlus Subclass CARBAPENEM; membership from AMRFinderPlus DB 2026-08-07.1 AMRProt.fa (gene family blaOXA-51_fam)"
ABAU,blaOXA-431,blaOXA-51_fam,"chromosomal OXA-51-like carbapenemase intrinsic to A. baumannii; AMRFinderPlus Subclass CARBAPENEM; membership from AMRFinderPlus DB 2026-08-07.1 AMRProt.fa (gene family blaOXA-51_fam)"
ABAU,blaOXA-432,blaOXA-51_fam,"chromosomal OXA-51-like carbapenemase intrinsic to A. baumannii; AMRFinderPlus Subclass CARBAPENEM; membership from AMRFinderPlus DB 2026-08-07.1 AMRProt.fa (gene family blaOXA-51_fam)"
ABAU,blaOXA-433,blaOXA-51_fam,"chromosomal OXA-51-like carbapenemase intrinsic to A. baumannii; AMRFinderPlus Subclass CARBAPENEM; membership from AMRFinderPlus DB 2026-08-07.1 AMRProt.fa (gene family blaOXA-51_fam)"
ABAU,blaOXA-441,blaOXA-51_fam,"chromosomal OXA-51-like carbapenemase intrinsic to A. baumannii; AMRFinderPlus Subclass CARBAPENEM; membership from AMRFinderPlus DB 2026-08-07.1 AMRProt.fa (gene family blaOXA-51_fam)"
ABAU,blaOXA-442,blaOXA-51_fam,"chromosomal OXA-51-like carbapenemase intrinsic to A. baumannii; AMRFinderPlus Subclass CARBAPENEM; membership from AMRFinderPlus DB 2026-08-07.1 AMRProt.fa (gene family blaOXA-51_fam)"
ABAU,blaOXA-480,blaOXA-51_fam,"chromosomal OXA-51-like carbapenemase intrinsic to A. baumannii; AMRFinderPlus Subclass CARBAPENEM; membership from AMRFinderPlus DB 2026-08-07.1 AMRProt.fa (gene family blaOXA-51_fam)"
ABAU,blaOXA-497,blaOXA-51_fam,"chromosomal OXA-51-like carbapenemase intrinsic to A. baumannii; AMRFinderPlus Subclass CARBAPENEM; membership from AMRFinderPlus DB 2026-08-07.1 AMRProt.fa (gene family blaOXA-51_fam)"
ABAU,blaOXA-507,blaOXA-51_fam,"chromosomal OXA-51-like carbapenemase intrinsic to A. baumannii; AMRFinderPlus Subclass CARBAPENEM; membership from AMRFinderPlus DB 2026-08-07.1 AMRProt.fa (gene family blaOXA-51_fam)"
ABAU,blaOXA-508,blaOXA-51_fam,"chromosomal OXA-51-like carbapenemase intrinsic to A. baumannii; AMRFinderPlus Subclass CARBAPENEM; membership from AMRFinderPlus DB 2026-08-07.1 AMRProt.fa (gene family blaOXA-51_fam)"
ABAU,blaOXA-509,blaOXA-51_fam,"chromosomal OXA-51-like carbapenemase intrinsic to A. baumannii; AMRFinderPlus Subclass CARBAPENEM; membership from AMRFinderPlus DB 2026-08-07.1 AMRProt.fa (gene family blaOXA-51_fam)"
ABAU,blaOXA-510,blaOXA-51_fam,"chromosomal OXA-51-like carbapenemase intrinsic to A. baumannii; AMRFinderPlus Subclass CARBAPENEM; membership from AMRFinderPlus DB 2026-08-07.1 AMRProt.fa (gene family blaOXA-51_fam)"
ABAU,blaOXA-511,blaOXA-51_fam,"chromosomal OXA-51-like carbapenemase intrinsic to A. baumannii; AMRFinderPlus Subclass CARBAPENEM; membership from AMRFinderPlus DB 2026-08-07.1 AMRProt.fa (gene family blaOXA-51_fam)"
ABAU,blaOXA-516,blaOXA-51_fam,"chromosomal OXA-51-like carbapenemase intrinsic to A. baumannii; AMRFinderPlus Subclass CARBAPENEM; membership from AMRFinderPlus DB 2026-08-07.1 AMRProt.fa (gene family blaOXA-51_fam)"
ABAU,blaOXA-521,blaOXA-51_fam,"chromosomal OXA-51-like carbapenemase intrinsic to A. baumannii; AMRFinderPlus Subclass CARBAPENEM; membership from AMRFinderPlus DB 2026-08-07.1 AMRProt.fa (gene family blaOXA-51_fam)"
ABAU,blaOXA-523,blaOXA-51_fam,"chromosomal OXA-51-like carbapenemase intrinsic to A. baumannii; AMRFinderPlus Subclass CARBAPENEM; membership from AMRFinderPlus DB 2026-08-07.1 AMRProt.fa (gene family blaOXA-51_fam)"
ABAU,blaOXA-524,blaOXA-51_fam,"chromosomal OXA-51-like carbapenemase intrinsic to A. baumannii; AMRFinderPlus Subclass CARBAPENEM; membership from AMRFinderPlus DB 2026-08-07.1 AMRProt.fa (gene family blaOXA-51_fam)"
ABAU,blaOXA-525,blaOXA-51_fam,"chromosomal OXA-51-like carbapenemase intrinsic to A. baumannii; AMRFinderPlus Subclass CARBAPENEM; membership from AMRFinderPlus DB 2026-08-07.1 AMRProt.fa (gene family blaOXA-51_fam)"
ABAU,blaOXA-528,blaOXA-51_fam,"chromosomal OXA-51-like carbapenemase intrinsic to A. baumannii; AMRFinderPlus Subclass CARBAPENEM; membership from AMRFinderPlus DB 2026-08-07.1 AMRProt.fa (gene family blaOXA-51_fam)"
ABAU,blaOXA-529,blaOXA-51_fam,"chromosomal OXA-51-like carbapenemase intrinsic to A. baumannii; AMRFinderPlus Subclass CARBAPENEM; membership from AMRFinderPlus DB 2026-08-07.1 AMRProt.fa (gene family blaOXA-51_fam)"
ABAU,blaOXA-530,blaOXA-51_fam,"chromosomal OXA-51-like carbapenemase intrinsic to A. baumannii; AMRFinderPlus Subclass CARBAPENEM; membership from AMRFinderPlus DB 2026-08-07.1 AMRProt.fa (gene family blaOXA-51_fam)"
ABAU,blaOXA-531,blaOXA-51_fam,"chromosomal OXA-51-like carbapenemase intrinsic to A. baumannii; AMRFinderPlus Subclass CARBAPENEM; membership from AMRFinderPlus DB 2026-08-07.1 AMRProt.fa (gene family blaOXA-51_fam)"
ABAU,blaOXA-532,blaOXA-51_fam,"chromosomal OXA-51-like carbapenemase intrinsic to A. baumannii; AMRFinderPlus Subclass CARBAPENEM; membership from AMRFinderPlus DB 2026-08-07.1 AMRProt.fa (gene family blaOXA-51_fam)"
ABAU,blaOXA-536,blaOXA-51_fam,"chromosomal OXA-51-like carbapenemase intrinsic to A. baumannii; AMRFinderPlus Subclass CARBAPENEM; membership from AMRFinderPlus DB 2026-08-07.1 AMRProt.fa (gene family blaOXA-51_fam)"
ABAU,blaOXA-545,blaOXA-51_fam,"chromosomal OXA-51-like carbapenemase intrinsic to A. baumannii; AMRFinderPlus Subclass CARBAPENEM; membership from AMRFinderPlus DB 2026-08-07.1 AMRProt.fa (gene family blaOXA-51_fam)"
ABAU,blaOXA-554,blaOXA-51_fam,"chromosomal OXA-51-like carbapenemase intrinsic to A. baumannii; AMRFinderPlus Subclass CARBAPENEM; membership from AMRFinderPlus DB 2026-08-07.1 AMRProt.fa (gene family blaOXA-51_fam)"
ABAU,blaOXA-555,blaOXA-51_fam,"chromosomal OXA-51-like carbapenemase intrinsic to A. baumannii; AMRFinderPlus Subclass CARBAPENEM; membership from AMRFinderPlus DB 2026-08-07.1 AMRProt.fa (gene family blaOXA-51_fam)"
ABAU,blaOXA-556,blaOXA-51_fam,"chromosomal OXA-51-like carbapenemase intrinsic to A. baumannii; AMRFinderPlus Subclass CARBAPENEM; membership from AMRFinderPlus DB 2026-08-07.1 AMRProt.fa (gene family blaOXA-51_fam)"
ABAU,blaOXA-557,blaOXA-51_fam,"chromosomal OXA-51-like carbapenemase intrinsic to A. baumannii; AMRFinderPlus Subclass CARBAPENEM; membership from AMRFinderPlus DB 2026-08-07.1 AMRProt.fa (gene family blaOXA-51_fam)"
ABAU,blaOXA-558,blaOXA-51_fam,"chromosomal OXA-51-like carbapenemase intrinsic to A. baumannii; AMRFinderPlus Subclass CARBAPENEM; membership from AMRFinderPlus DB 2026-08-07.1 AMRProt.fa (gene family blaOXA-51_fam)"
ABAU,blaOXA-559,blaOXA-51_fam,"chromosomal OXA-51-like carbapenemase intrinsic to A. baumannii; AMRFinderPlus Subclass CARBAPENEM; membership from AMRFinderPlus DB 2026-08-07.1 AMRProt.fa (gene family blaOXA-51_fam)"
ABAU,blaOXA-560,blaOXA-51_fam,"chromosomal OXA-51-like carbapenemase intrinsic to A. baumannii; AMRFinderPlus Subclass CARBAPENEM; membership from AMRFinderPlus DB 2026-08-07.1 AMRProt.fa (gene family blaOXA-51_fam)"
ABAU,blaOXA-561,blaOXA-51_fam,"chromosomal OXA-51-like carbapenemase intrinsic to A. baumannii; AMRFinderPlus Subclass CARBAPENEM; membership from AMRFinderPlus DB 2026-08-07.1 AMRProt.fa (gene family blaOXA-51_fam)"
ABAU,blaOXA-562,blaOXA-51_fam,"chromosomal OXA-51-like carbapenemase intrinsic to A. baumannii; AMRFinderPlus Subclass CARBAPENEM; membership from AMRFinderPlus DB 2026-08-07.1 AMRProt.fa (gene family blaOXA-51_fam)"
ABAU,blaOXA-654,blaOXA-51_fam,"chromosomal OXA-51-like carbapenemase intrinsic to A. baumannii; AMRFinderPlus Subclass CARBAPENEM; membership from AMRFinderPlus DB 2026-08-07.1 AMRProt.fa (gene family blaOXA-51_fam)"
ABAU,blaOXA-680,blaOXA-51_fam,"chromosomal OXA-51-like carbapenemase intrinsic to A. baumannii; AMRFinderPlus Subclass CARBAPENEM; membership from AMRFinderPlus DB 2026-08-07.1 AMRProt.fa (gene family blaOXA-51_fam)"
ABAU,blaOXA-682,blaOXA-51_fam,"chromosomal OXA-51-like carbapenemase intrinsic to A. baumannii; AMRFinderPlus Subclass CARBAPENEM; membership from AMRFinderPlus DB 2026-08-07.1 AMRProt.fa (gene family blaOXA-51_fam)"
ABAU,blaOXA-683,blaOXA-51_fam,"chromosomal OXA-51-like carbapenemase intrinsic to A. baumannii; AMRFinderPlus Subclass CARBAPENEM; membership from AMRFinderPlus DB 2026-08-07.1 AMRProt.fa (gene family blaOXA-51_fam)"
ABAU,blaOXA-684,blaOXA-51_fam,"chromosomal OXA-51-like carbapenemase intrinsic to A. baumannii; AMRFinderPlus Subclass CARBAPENEM; membership from AMRFinderPlus DB 2026-08-07.1 AMRProt.fa (gene family blaOXA-51_fam)"
ABAU,blaOXA-685,blaOXA-51_fam,"chromosomal OXA-51-like carbapenemase intrinsic to A. baumannii; AMRFinderPlus Subclass CARBAPENEM; membership from AMRFinderPlus DB 2026-08-07.1 AMRProt.fa (gene family blaOXA-51_fam)"
ABAU,blaOXA-686,blaOXA-51_fam,"chromosomal OXA-51-like carbapenemase intrinsic to A. baumannii; AMRFinderPlus Subclass CARBAPENEM; membership from AMRFinderPlus DB 2026-08-07.1 AMRProt.fa (gene family blaOXA-51_fam)"
ABAU,blaOXA-687,blaOXA-51_fam,"chromosomal OXA-51-like carbapenemase intrinsic to A. baumannii; AMRFinderPlus Subclass CARBAPENEM; membership from AMRFinderPlus DB 2026-08-07.1 AMRProt.fa (gene family blaOXA-51_fam)"
ABAU,blaOXA-688,blaOXA-51_fam,"chromosomal OXA-51-like carbapenemase intrinsic to A. baumannii; AMRFinderPlus Subclass CARBAPENEM; membership from AMRFinderPlus DB 2026-08-07.1 AMRProt.fa (gene family blaOXA-51_fam)"
ABAU,blaOXA-689,blaOXA-51_fam,"chromosomal OXA-51-like carbapenemase intrinsic to A. baumannii; AMRFinderPlus Subclass CARBAPENEM; membership from AMRFinderPlus DB 2026-08-07.1 AMRProt.fa (gene family blaOXA-51_fam)"
ABAU,blaOXA-690,blaOXA-51_fam,"chromosomal OXA-51-like carbapenemase intrinsic to A. baumannii; AMRFinderPlus Subclass CARBAPENEM; membership from AMRFinderPlus DB 2026-08-07.1 AMRProt.fa (gene family blaOXA-51_fam)"
ABAU,blaOXA-691,blaOXA-51_fam,"chromosomal OXA-51-like carbapenemase intrinsic to A. baumannii; AMRFinderPlus Subclass CARBAPENEM; membership from AMRFinderPlus DB 2026-08-07.1 AMRProt.fa (gene family blaOXA-51_fam)"
ABAU,blaOXA-692,blaOXA-51_fam,"chromosomal OXA-51-like carbapenemase intrinsic to A. baumannii; AMRFinderPlus Subclass CARBAPENEM; membership from AMRFinderPlus DB 2026-08-07.1 AMRProt.fa (gene family blaOXA-51_fam)"
ABAU,blaOXA-693,blaOXA-51_fam,"chromosomal OXA-51-like carbapenemase intrinsic to A. baumannii; AMRFinderPlus Subclass CARBAPENEM; membership from AMRFinderPlus DB 2026-08-07.1 AMRProt.fa (gene family blaOXA-51_fam)"
ABAU,blaOXA-694,blaOXA-51_fam,"chromosomal OXA-51-like carbapenemase intrinsic to A. baumannii; AMRFinderPlus Subclass CARBAPENEM; membership from AMRFinderPlus DB 2026-08-07.1 AMRProt.fa (gene family blaOXA-51_fam)"
ABAU,blaOXA-695,blaOXA-51_fam,"chromosomal OXA-51-like carbapenemase intrinsic to A. baumannii; AMRFinderPlus Subclass CARBAPENEM; membership from AMRFinderPlus DB 2026-08-07.1 AMRProt.fa (gene family blaOXA-51_fam)"
ABAU,blaOXA-696,blaOXA-51_fam,"chromosomal OXA-51-like carbapenemase intrinsic to A. baumannii; AMRFinderPlus Subclass CARBAPENEM; membership from AMRFinderPlus DB 2026-08-07.1 AMRProt.fa (gene family blaOXA-51_fam)"
ABAU,blaOXA-697,blaOXA-51_fam,"chromosomal OXA-51-like carbapenemase intrinsic to A. baumannii; AMRFinderPlus Subclass CARBAPENEM; membership from AMRFinderPlus DB 2026-08-07.1 AMRProt.fa (gene family blaOXA-51_fam)"
ABAU,blaOXA-698,blaOXA-51_fam,"chromosomal OXA-51-like carbapenemase intrinsic to A. baumannii; AMRFinderPlus Subclass CARBAPENEM; membership from AMRFinderPlus DB 2026-08-07.1 AMRProt.fa (gene family blaOXA-51_fam)"
ABAU,blaOXA-699,blaOXA-51_fam,"chromosomal OXA-51-like carbapenemase intrinsic to A. baumannii; AMRFinderPlus Subclass CARBAPENEM; membership from AMRFinderPlus DB 2026-08-07.1 AMRProt.fa (gene family blaOXA-51_fam)"
ABAU,blaOXA-700,blaOXA-51_fam,"chromosomal OXA-51-like carbapenemase intrinsic to A. baumannii; AMRFinderPlus Subclass CARBAPENEM; membership from AMRFinderPlus DB 2026-08-07.1 AMRProt.fa (gene family blaOXA-51_fam)"
ABAU,blaOXA-701,blaOXA-51_fam,"chromosomal OXA-51-like carbapenemase intrinsic to A. baumannii; AMRFinderPlus Subclass CARBAPENEM; membership from AMRFinderPlus DB 2026-08-07.1 AMRProt.fa (gene family blaOXA-51_fam)"
ABAU,blaOXA-702,blaOXA-51_fam,"chromosomal OXA-51-like carbapenemase intrinsic to A. baumannii; AMRFinderPlus Subclass CARBAPENEM; membership from AMRFinderPlus DB 2026-08-07.1 AMRProt.fa (gene family blaOXA-51_fam)"
ABAU,blaOXA-703,blaOXA-51_fam,"chromosomal OXA-51-like carbapenemase intrinsic to A. baumannii; AMRFinderPlus Subclass CARBAPENEM; membership from AMRFinderPlus DB 2026-08-07.1 AMRProt.fa (gene family blaOXA-51_fam)"
ABAU,blaOXA-704,blaOXA-51_fam,"chromosomal OXA-51-like carbapenemase intrinsic to A. baumannii; AMRFinderPlus Subclass CARBAPENEM; membership from AMRFinderPlus DB 2026-08-07.1 AMRProt.fa (gene family blaOXA-51_fam)"
ABAU,blaOXA-705,blaOXA-51_fam,"chromosomal OXA-51-like carbapenemase intrinsic to A. baumannii; AMRFinderPlus Subclass CARBAPENEM; membership from AMRFinderPlus DB 2026-08-07.1 AMRProt.fa (gene family blaOXA-51_fam)"
ABAU,blaOXA-706,blaOXA-51_fam,"chromosomal OXA-51-like carbapenemase intrinsic to A. baumannii; AMRFinderPlus Subclass CARBAPENEM; membership from AMRFinderPlus DB 2026-08-07.1 AMRProt.fa (gene family blaOXA-51_fam)"
ABAU,blaOXA-707,blaOXA-51_fam,"chromosomal OXA-51-like carbapenemase intrinsic to A. baumannii; AMRFinderPlus Subclass CARBAPENEM; membership from AMRFinderPlus DB 2026-08-07.1 AMRProt.fa (gene family blaOXA-51_fam)"
ABAU,blaOXA-708,blaOXA-51_fam,"chromosomal OXA-51-like carbapenemase intrinsic to A. baumannii; AMRFinderPlus Subclass CARBAPENEM; membership from AMRFinderPlus DB 2026-08-07.1 AMRProt.fa (gene family blaOXA-51_fam)"
ABAU,blaOXA-709,blaOXA-51_fam,"chromosomal OXA-51-like carbapenemase intrinsic to A. baumannii; AMRFinderPlus Subclass CARBAPENEM; membership from AMRFinderPlus DB 2026-08-07.1 AMRProt.fa (gene family blaOXA-51_fam)"
ABAU,blaOXA-710,blaOXA-51_fam,"chromosomal OXA-51-like carbapenemase intrinsic to A. baumannii; AMRFinderPlus Subclass CARBAPENEM; membership from AMRFinderPlus DB 2026-08-07.1 AMRProt.fa (gene family blaOXA-51_fam)"
ABAU,blaOXA-711,blaOXA-51_fam,"chromosomal OXA-51-like carbapenemase intrinsic to A. baumannii; AMRFinderPlus Subclass CARBAPENEM; membership from AMRFinderPlus DB 2026-08-07.1 AMRProt.fa (gene family blaOXA-51_fam)"
ABAU,blaOXA-712,blaOXA-51_fam,"chromosomal OXA-51-like carbapenemase intrinsic to A. baumannii; AMRFinderPlus Subclass CARBAPENEM; membership from AMRFinderPlus DB 2026-08-07.1 AMRProt.fa (gene family blaOXA-51_fam)"
ABAU,blaOXA-713,blaOXA-51_fam,"chromosomal OXA-51-like carbapenemase intrinsic to A. baumannii; AMRFinderPlus Subclass CARBAPENEM; membership from AMRFinderPlus DB 2026-08-07.1 AMRProt.fa (gene family blaOXA-51_fam)"
ABAU,blaOXA-714,blaOXA-51_fam,"chromosomal OXA-51-like carbapenemase intrinsic to A. baumannii; AMRFinderPlus Subclass CARBAPENEM; membership from AMRFinderPlus DB 2026-08-07.1 AMRProt.fa (gene family blaOXA-51_fam)"
ABAU,blaOXA-715,blaOXA-51_fam,"chromosomal OXA-51-like carbapenemase intrinsic to A. baumannii; AMRFinderPlus Subclass CARBAPENEM; membership from AMRFinderPlus DB 2026-08-07.1 AMRProt.fa (gene family blaOXA-51_fam)"
ABAU,blaOXA-716,blaOXA-51_fam,"chromosomal OXA-51-like carbapenemase intrinsic to A. baumannii; AMRFinderPlus Subclass CARBAPENEM; membership from AMRFinderPlus DB 2026-08-07.1 AMRProt.fa (gene family blaOXA-51_fam)"
ABAU,blaOXA-717,blaOXA-51_fam,"chromosomal OXA-51-like carbapenemase intrinsic to A. baumannii; AMRFinderPlus Subclass CARBAPENEM; membership from AMRFinderPlus DB 2026-08-07.1 AMRProt.fa (gene family blaOXA-51_fam)"
ABAU,blaOXA-718,blaOXA-51_fam,"chromosomal OXA-51-like carbapenemase intrinsic to A. baumannii; AMRFinderPlus Subclass CARBAPENEM; membership from AMRFinderPlus DB 2026-08-07.1 AMRProt.fa (gene family blaOXA-51_fam)"
ABAU,blaOXA-719,blaOXA-51_fam,"chromosomal OXA-51-like carbapenemase intrinsic to A. baumannii; AMRFinderPlus Subclass CARBAPENEM; membership from AMRFinderPlus DB 2026-08-07.1 AMRProt.fa (gene family blaOXA-51_fam)"
ABAU,blaOXA-720,blaOXA-51_fam,"chromosomal OXA-51-like carbapenemase intrinsic to A. baumannii; AMRFinderPlus Subclass CARBAPENEM; membership from AMRFinderPlus DB 2026-08-07.1 AMRProt.fa (gene family blaOXA-51_fam)"
ABAU,blaOXA-721,blaOXA-51_fam,"chromosomal OXA-51-like carbapenemase intrinsic to A. baumannii; AMRFinderPlus Subclass CARBAPENEM; membership from AMRFinderPlus DB 2026-08-07.1 AMRProt.fa (gene family blaOXA-51_fam)"
ABAU,blaOXA-722,blaOXA-51_fam,"chromosomal OXA-51-like carbapenemase intrinsic to A. baumannii; AMRFinderPlus Subclass CARBAPENEM; membership from AMRFinderPlus DB 2026-08-07.1 AMRProt.fa (gene family blaOXA-51_fam)"
ABAU,blaOXA-723,blaOXA-51_fam,"chromosomal OXA-51-like carbapenemase intrinsic to A. baumannii; AMRFinderPlus Subclass CARBAPENEM; membership from AMRFinderPlus DB 2026-08-07.1 AMRProt.fa (gene family blaOXA-51_fam)"
ABAU,blaOXA-733,blaOXA-51_fam,"chromosomal OXA-51-like carbapenemase intrinsic to A. baumannii; AMRFinderPlus Subclass CARBAPENEM; membership from AMRFinderPlus DB 2026-08-07.1 AMRProt.fa (gene family blaOXA-51_fam)"
ABAU,blaOXA-734,blaOXA-51_fam,"chromosomal OXA-51-like carbapenemase intrinsic to A. baumannii; AMRFinderPlus Subclass CARBAPENEM; membership from AMRFinderPlus DB 2026-08-07.1 AMRProt.fa (gene family blaOXA-51_fam)"
ABAU,blaOXA-735,blaOXA-51_fam,"chromosomal OXA-51-like carbapenemase intrinsic to A. baumannii; AMRFinderPlus Subclass CARBAPENEM; membership from AMRFinderPlus DB 2026-08-07.1 AMRProt.fa (gene family blaOXA-51_fam)"
ABAU,blaOXA-738,blaOXA-51_fam,"chromosomal OXA-51-like carbapenemase intrinsic to A. baumannii; AMRFinderPlus Subclass CARBAPENEM; membership from AMRFinderPlus DB 2026-08-07.1 AMRProt.fa (gene family blaOXA-51_fam)"
ABAU,blaOXA-739,blaOXA-51_fam,"chromosomal OXA-51-like carbapenemase intrinsic to A. baumannii; AMRFinderPlus Subclass CARBAPENEM; membership from AMRFinderPlus DB 2026-08-07.1 AMRProt.fa (gene family blaOXA-51_fam)"
ABAU,blaOXA-740,blaOXA-51_fam,"chromosomal OXA-51-like carbapenemase intrinsic to A. baumannii; AMRFinderPlus Subclass CARBAPENEM; membership from AMRFinderPlus DB 2026-08-07.1 AMRProt.fa (gene family blaOXA-51_fam)"
ABAU,blaOXA-741,blaOXA-51_fam,"chromosomal OXA-51-like carbapenemase intrinsic to A. baumannii; AMRFinderPlus Subclass CARBAPENEM; membership from AMRFinderPlus DB 2026-08-07.1 AMRProt.fa (gene family blaOXA-51_fam)"
ABAU,blaOXA-742,blaOXA-51_fam,"chromosomal OXA-51-like carbapenemase intrinsic to A. baumannii; AMRFinderPlus Subclass CARBAPENEM; membership from AMRFinderPlus DB 2026-08-07.1 AMRProt.fa (gene family blaOXA-51_fam)"
ABAU,blaOXA-743,blaOXA-51_fam,"chromosomal OXA-51-like carbapenemase intrinsic to A. baumannii; AMRFinderPlus Subclass CARBAPENEM; membership from AMRFinderPlus DB 2026-08-07.1 AMRProt.fa (gene family blaOXA-51_fam)"
ABAU,blaOXA-744,blaOXA-51_fam,"chromosomal OXA-51-like carbapenemase intrinsic to A. baumannii; AMRFinderPlus Subclass CARBAPENEM; membership from AMRFinderPlus DB 2026-08-07.1 AMRProt.fa (gene family blaOXA-51_fam)"
ABAU,blaOXA-745,blaOXA-51_fam,"chromosomal OXA-51-like carbapenemase intrinsic to A. baumannii; AMRFinderPlus Subclass CARBAPENEM; membership from AMRFinderPlus DB 2026-08-07.1 AMRProt.fa (gene family blaOXA-51_fam)"
ABAU,blaOXA-746,blaOXA-51_fam,"chromosomal OXA-51-like carbapenemase intrinsic to A. baumannii; AMRFinderPlus Subclass CARBAPENEM; membership from AMRFinderPlus DB 2026-08-07.1 AMRProt.fa (gene family blaOXA-51_fam)"
ABAU,blaOXA-747,blaOXA-51_fam,"chromosomal OXA-51-like carbapenemase intrinsic to A. baumannii; AMRFinderPlus Subclass CARBAPENEM; membership from AMRFinderPlus DB 2026-08-07.1 AMRProt.fa (gene family blaOXA-51_fam)"
ABAU,blaOXA-748,blaOXA-51_fam,"chromosomal OXA-51-like carbapenemase intrinsic to A. baumannii; AMRFinderPlus Subclass CARBAPENEM; membership from AMRFinderPlus DB 2026-08-07.1 AMRProt.fa (gene family blaOXA-51_fam)"
ABAU,blaOXA-749,blaOXA-51_fam,"chromosomal OXA-51-like carbapenemase intrinsic to A. baumannii; AMRFinderPlus Subclass CARBAPENEM; membership from AMRFinderPlus DB 2026-08-07.1 AMRProt.fa (gene family blaOXA-51_fam)"
ABAU,blaOXA-750,blaOXA-51_fam,"chromosomal OXA-51-like carbapenemase intrinsic to A. baumannii; AMRFinderPlus Subclass CARBAPENEM; membership from AMRFinderPlus DB 2026-08-07.1 AMRProt.fa (gene family blaOXA-51_fam)"
ABAU,blaOXA-751,blaOXA-51_fam,"chromosomal OXA-51-like carbapenemase intrinsic to A. baumannii; AMRFinderPlus Subclass CARBAPENEM; membership from AMRFinderPlus DB 2026-08-07.1 AMRProt.fa (gene family blaOXA-51_fam)"
ABAU,blaOXA-752,blaOXA-51_fam,"chromosomal OXA-51-like carbapenemase intrinsic to A. baumannii; AMRFinderPlus Subclass CARBAPENEM; membership from AMRFinderPlus DB 2026-08-07.1 AMRProt.fa (gene family blaOXA-51_fam)"
ABAU,blaOXA-753,blaOXA-51_fam,"chromosomal OXA-51-like carbapenemase intrinsic to A. baumannii; AMRFinderPlus Subclass CARBAPENEM; membership from AMRFinderPlus DB 2026-08-07.1 AMRProt.fa (gene family blaOXA-51_fam)"
ABAU,blaOXA-754,blaOXA-51_fam,"chromosomal OXA-51-like carbapenemase intrinsic to A. baumannii; AMRFinderPlus Subclass CARBAPENEM; membership from AMRFinderPlus DB 2026-08-07.1 AMRProt.fa (gene family blaOXA-51_fam)"
ABAU,blaOXA-755,blaOXA-51_fam,"chromosomal OXA-51-like carbapenemase intrinsic to A. baumannii; AMRFinderPlus Subclass CARBAPENEM; membership from AMRFinderPlus DB 2026-08-07.1 AMRProt.fa (gene family blaOXA-51_fam)"
ABAU,blaOXA-756,blaOXA-51_fam,"chromosomal OXA-51-like carbapenemase intrinsic to A. baumannii; AMRFinderPlus Subclass CARBAPENEM; membership from AMRFinderPlus DB 2026-08-07.1 AMRProt.fa (gene family blaOXA-51_fam)"
ABAU,blaOXA-757,blaOXA-51_fam,"chromosomal OXA-51-like carbapenemase intrinsic to A. baumannii; AMRFinderPlus Subclass CARBAPENEM; membership from AMRFinderPlus DB 2026-08-07.1 AMRProt.fa (gene family blaOXA-51_fam)"
ABAU,blaOXA-758,blaOXA-51_fam,"chromosomal OXA-51-like carbapenemase intrinsic to A. baumannii; AMRFinderPlus Subclass CARBAPENEM; membership from AMRFinderPlus DB 2026-08-07.1 AMRProt.fa (gene family blaOXA-51_fam)"
ABAU,blaOXA-759,blaOXA-51_fam,"chromosomal OXA-51-like carbapenemase intrinsic to A. baumannii; AMRFinderPlus Subclass CARBAPENEM; membership from AMRFinderPlus DB 2026-08-07.1 AMRProt.fa (gene family blaOXA-51_fam)"
ABAU,blaOXA-760,blaOXA-51_fam,"chromosomal OXA-51-like carbapenemase intrinsic to A. baumannii; AMRFinderPlus Subclass CARBAPENEM; membership from AMRFinderPlus DB 2026-08-07.1 AMRProt.fa (gene family blaOXA-51_fam)"
ABAU,blaOXA-761,blaOXA-51_fam,"chromosomal OXA-51-like carbapenemase intrinsic to A. baumannii; AMRFinderPlus Subclass CARBAPENEM; membership from AMRFinderPlus DB 2026-08-07.1 AMRProt.fa (gene family blaOXA-51_fam)"
ABAU,blaOXA-762,blaOXA-51_fam,"chromosomal OXA-51-like carbapenemase intrinsic to A. baumannii; AMRFinderPlus Subclass CARBAPENEM; membership from AMRFinderPlus DB 2026-08-07.1 AMRProt.fa (gene family blaOXA-51_fam)"
ABAU,blaOXA-763,blaOXA-51_fam,"chromosomal OXA-51-like carbapenemase intrinsic to A. baumannii; AMRFinderPlus Subclass CARBAPENEM; membership from AMRFinderPlus DB 2026-08-07.1 AMRProt.fa (gene family blaOXA-51_fam)"
ABAU,blaOXA-764,blaOXA-51_fam,"chromosomal OXA-51-like carbapenemase intrinsic to A. baumannii; AMRFinderPlus Subclass CARBAPENEM; membership from AMRFinderPlus DB 2026-08-07.1 AMRProt.fa (gene family blaOXA-51_fam)"
ABAU,blaOXA-765,blaOXA-51_fam,"chromosomal OXA-51-like carbapenemase intrinsic to A. baumannii; AMRFinderPlus Subclass CARBAPENEM; membership from AMRFinderPlus DB 2026-08-07.1 AMRProt.fa (gene family blaOXA-51_fam)"
ABAU,blaOXA-766,blaOXA-51_fam,"chromosomal OXA-51-like carbapenemase intrinsic to A. baumannii; AMRFinderPlus Subclass CARBAPENEM; membership from AMRFinderPlus DB 2026-08-07.1 AMRProt.fa (gene family blaOXA-51_fam)"
ABAU,blaOXA-767,blaOXA-51_fam,"chromosomal OXA-51-like carbapenemase intrinsic to A. baumannii; AMRFinderPlus Subclass CARBAPENEM; membership from AMRFinderPlus DB 2026-08-07.1 AMRProt.fa (gene family blaOXA-51_fam)"
ABAU,blaOXA-768,blaOXA-51_fam,"chromosomal OXA-51-like carbapenemase intrinsic to A. baumannii; AMRFinderPlus Subclass CARBAPENEM; membership from AMRFinderPlus DB 2026-08-07.1 AMRProt.fa (gene family blaOXA-51_fam)"
ABAU,blaOXA-769,blaOXA-51_fam,"chromosomal OXA-51-like carbapenemase intrinsic to A. baumannii; AMRFinderPlus Subclass CARBAPENEM; membership from AMRFinderPlus DB 2026-08-07.1 AMRProt.fa (gene family blaOXA-51_fam)"
ABAU,blaOXA-770,blaOXA-51_fam,"chromosomal OXA-51-like carbapenemase intrinsic to A. baumannii; AMRFinderPlus Subclass CARBAPENEM; membership from AMRFinderPlus DB 2026-08-07.1 AMRProt.fa (gene family blaOXA-51_fam)"
ABAU,blaOXA-771,blaOXA-51_fam,"chromosomal OXA-51-like carbapenemase intrinsic to A. baumannii; AMRFinderPlus Subclass CARBAPENEM; membership from AMRFinderPlus DB 2026-08-07.1 AMRProt.fa (gene family blaOXA-51_fam)"
ABAU,blaOXA-772,blaOXA-51_fam,"chromosomal OXA-51-like carbapenemase intrinsic to A. baumannii; AMRFinderPlus Subclass CARBAPENEM; membership from AMRFinderPlus DB 2026-08-07.1 AMRProt.fa (gene family blaOXA-51_fam)"
ABAU,blaOXA-773,blaOXA-51_fam,"chromosomal OXA-51-like carbapenemase intrinsic to A. baumannii; AMRFinderPlus Subclass CARBAPENEM; membership from AMRFinderPlus DB 2026-08-07.1 AMRProt.fa (gene family blaOXA-51_fam)"
ABAU,blaOXA-774,blaOXA-51_fam,"chromosomal OXA-51-like carbapenemase intrinsic to A. baumannii; AMRFinderPlus Subclass CARBAPENEM; membership from AMRFinderPlus DB 2026-08-07.1 AMRProt.fa (gene family blaOXA-51_fam)"
ABAU,blaOXA-775,blaOXA-51_fam,"chromosomal OXA-51-like carbapenemase intrinsic to A. baumannii; AMRFinderPlus Subclass CARBAPENEM; membership from AMRFinderPlus DB 2026-08-07.1 AMRProt.fa (gene family blaOXA-51_fam)"
ABAU,blaOXA-776,blaOXA-51_fam,"chromosomal OXA-51-like carbapenemase intrinsic to A. baumannii; AMRFinderPlus Subclass CARBAPENEM; membership from AMRFinderPlus DB 2026-08-07.1 AMRProt.fa (gene family blaOXA-51_fam)"
ABAU,blaOXA-781,blaOXA-51_fam,"chromosomal OXA-51-like carbapenemase intrinsic to A. baumannii; AMRFinderPlus Subclass CARBAPENEM; membership from AMRFinderPlus DB 2026-08-07.1 AMRProt.fa (gene family blaOXA-51_fam)"
ABAU,blaOXA-782,blaOXA-51_fam,"chromosomal OXA-51-like carbapenemase intrinsic to A. baumannii; AMRFinderPlus Subclass CARBAPENEM; membership from AMRFinderPlus DB 2026-08-07.1 AMRProt.fa (gene family blaOXA-51_fam)"
ABAU,blaOXA-797,blaOXA-51_fam,"chromosomal OXA-51-like carbapenemase intrinsic to A. baumannii; AMRFinderPlus Subclass CARBAPENEM; membership from AMRFinderPlus DB 2026-08-07.1 AMRProt.fa (gene family blaOXA-51_fam)"
ABAU,blaOXA-798,blaOXA-51_fam,"chromosomal OXA-51-like carbapenemase intrinsic to A. baumannii; AMRFinderPlus Subclass CARBAPENEM; membership from AMRFinderPlus DB 2026-08-07.1 AMRProt.fa (gene family blaOXA-51_fam)"
ABAU,blaOXA-799,blaOXA-51_fam,"chromosomal OXA-51-like carbapenemase intrinsic to A. baumannii; AMRFinderPlus Subclass CARBAPENEM; membership from AMRFinderPlus DB 2026-08-07.1 AMRProt.fa (gene family blaOXA-51_fam)"
ABAU,blaOXA-800,blaOXA-51_fam,"chromosomal OXA-51-like carbapenemase intrinsic to A. baumannii; AMRFinderPlus Subclass CARBAPENEM; membership from AMRFinderPlus DB 2026-08-07.1 AMRProt.fa (gene family blaOXA-51_fam)"
ABAU,blaOXA-828,blaOXA-51_fam,"chromosomal OXA-51-like carbapenemase intrinsic to A. baumannii; AMRFinderPlus Subclass CARBAPENEM; membership from AMRFinderPlus DB 2026-08-07.1 AMRProt.fa (gene family blaOXA-51_fam)"
ABAU,blaOXA-829,blaOXA-51_fam,"chromosomal OXA-51-like carbapenemase intrinsic to A. baumannii; AMRFinderPlus Subclass CARBAPENEM; membership from AMRFinderPlus DB 2026-08-07.1 AMRProt.fa (gene family blaOXA-51_fam)"
ABAU,blaOXA-831,blaOXA-51_fam,"chromosomal OXA-51-like carbapenemase intrinsic to A. baumannii; AMRFinderPlus Subclass CARBAPENEM; membership from AMRFinderPlus DB 2026-08-07.1 AMRProt.fa (gene family blaOXA-51_fam)"
ABAU,blaOXA-834,blaOXA-51_fam,"chromosomal OXA-51-like carbapenemase intrinsic to A. baumannii; AMRFinderPlus Subclass CARBAPENEM; membership from AMRFinderPlus DB 2026-08-07.1 AMRProt.fa (gene family blaOXA-51_fam)"
ABAU,blaOXA-852,blaOXA-51_fam,"chromosomal OXA-51-like carbapenemase intrinsic to A. baumannii; AMRFinderPlus Subclass CARBAPENEM; membership from AMRFinderPlus DB 2026-08-07.1 AMRProt.fa (gene family blaOXA-51_fam)"
ABAU,blaOXA-853,blaOXA-51_fam,"chromosomal OXA-51-like carbapenemase intrinsic to A. baumannii; AMRFinderPlus Subclass CARBAPENEM; membership from AMRFinderPlus DB 2026-08-07.1 AMRProt.fa (gene family blaOXA-51_fam)"
ABAU,blaOXA-854,blaOXA-51_fam,"chromosomal OXA-51-like carbapenemase intrinsic to A. baumannii; AMRFinderPlus Subclass CARBAPENEM; membership from AMRFinderPlus DB 2026-08-07.1 AMRProt.fa (gene family blaOXA-51_fam)"
ABAU,blaOXA-855,blaOXA-51_fam,"chromosomal OXA-51-like carbapenemase intrinsic to A. baumannii; AMRFinderPlus Subclass CARBAPENEM; membership from AMRFinderPlus DB 2026-08-07.1 AMRProt.fa (gene family blaOXA-51_fam)"
ABAU,blaOXA-856,blaOXA-51_fam,"chromosomal OXA-51-like carbapenemase intrinsic to A. baumannii; AMRFinderPlus Subclass CARBAPENEM; membership from AMRFinderPlus DB 2026-08-07.1 AMRProt.fa (gene family blaOXA-51_fam)"
ABAU,blaOXA-857,blaOXA-51_fam,"chromosomal OXA-51-like carbapenemase intrinsic to A. baumannii; AMRFinderPlus Subclass CARBAPENEM; membership from AMRFinderPlus DB 2026-08-07.1 AMRProt.fa (gene family blaOXA-51_fam)"
ABAU,blaOXA-858,blaOXA-51_fam,"chromosomal OXA-51-like carbapenemase intrinsic to A. baumannii; AMRFinderPlus Subclass CARBAPENEM; membership from AMRFinderPlus DB 2026-08-07.1 AMRProt.fa (gene family blaOXA-51_fam)"
ABAU,blaOXA-859,blaOXA-51_fam,"chromosomal OXA-51-like carbapenemase intrinsic to A. baumannii; AMRFinderPlus Subclass CARBAPENEM; membership from AMRFinderPlus DB 2026-08-07.1 AMRProt.fa (gene family blaOXA-51_fam)"
ABAU,blaOXA-860,blaOXA-51_fam,"chromosomal OXA-51-like carbapenemase intrinsic to A. baumannii; AMRFinderPlus Subclass CARBAPENEM; membership from AMRFinderPlus DB 2026-08-07.1 AMRProt.fa (gene family blaOXA-51_fam)"
ABAU,blaOXA-861,blaOXA-51_fam,"chromosomal OXA-51-like carbapenemase intrinsic to A. baumannii; AMRFinderPlus Subclass CARBAPENEM; membership from AMRFinderPlus DB 2026-08-07.1 AMRProt.fa (gene family blaOXA-51_fam)"
ABAU,blaOXA-862,blaOXA-51_fam,"chromosomal OXA-51-like carbapenemase intrinsic to A. baumannii; AMRFinderPlus Subclass CARBAPENEM; membership from AMRFinderPlus DB 2026-08-07.1 AMRProt.fa (gene family blaOXA-51_fam)"
ABAU,blaOXA-863,blaOXA-51_fam,"chromosomal OXA-51-like carbapenemase intrinsic to A. baumannii; AMRFinderPlus Subclass CARBAPENEM; membership from AMRFinderPlus DB 2026-08-07.1 AMRProt.fa (gene family blaOXA-51_fam)"
ABAU,blaOXA-864,blaOXA-51_fam,"chromosomal OXA-51-like carbapenemase intrinsic to A. baumannii; AMRFinderPlus Subclass CARBAPENEM; membership from AMRFinderPlus DB 2026-08-07.1 AMRProt.fa (gene family blaOXA-51_fam)"
ABAU,blaOXA-865,blaOXA-51_fam,"chromosomal OXA-51-like carbapenemase intrinsic to A. baumannii; AMRFinderPlus Subclass CARBAPENEM; membership from AMRFinderPlus DB 2026-08-07.1 AMRProt.fa (gene family blaOXA-51_fam)"
ABAU,blaOXA-866,blaOXA-51_fam,"chromosomal OXA-51-like carbapenemase intrinsic to A. baumannii; AMRFinderPlus Subclass CARBAPENEM; membership from AMRFinderPlus DB 2026-08-07.1 AMRProt.fa (gene family blaOXA-51_fam)"
ABAU,blaOXA-867,blaOXA-51_fam,"chromosomal OXA-51-like carbapenemase intrinsic to A. baumannii; AMRFinderPlus Subclass CARBAPENEM; membership from AMRFinderPlus DB 2026-08-07.1 AMRProt.fa (gene family blaOXA-51_fam)"
ABAU,blaOXA-868,blaOXA-51_fam,"chromosomal OXA-51-like carbapenemase intrinsic to A. baumannii; AMRFinderPlus Subclass CARBAPENEM; membership from AMRFinderPlus DB 2026-08-07.1 AMRProt.fa (gene family blaOXA-51_fam)"
ABAU,blaOXA-869,blaOXA-51_fam,"chromosomal OXA-51-like carbapenemase intrinsic to A. baumannii; AMRFinderPlus Subclass CARBAPENEM; membership from AMRFinderPlus DB 2026-08-07.1 AMRProt.fa (gene family blaOXA-51_fam)"
ABAU,blaOXA-870,blaOXA-51_fam,"chromosomal OXA-51-like carbapenemase intrinsic to A. baumannii; AMRFinderPlus Subclass CARBAPENEM; membership from AMRFinderPlus DB 2026-08-07.1 AMRProt.fa (gene family blaOXA-51_fam)"
ABAU,blaOXA-871,blaOXA-51_fam,"chromosomal OXA-51-like carbapenemase intrinsic to A. baumannii; AMRFinderPlus Subclass CARBAPENEM; membership from AMRFinderPlus DB 2026-08-07.1 AMRProt.fa (gene family blaOXA-51_fam)"
ABAU,blaOXA-872,blaOXA-51_fam,"chromosomal OXA-51-like carbapenemase intrinsic to A. baumannii; AMRFinderPlus Subclass CARBAPENEM; membership from AMRFinderPlus DB 2026-08-07.1 AMRProt.fa (gene family blaOXA-51_fam)"
ABAU,blaOXA-873,blaOXA-51_fam,"chromosomal OXA-51-like carbapenemase intrinsic to A. baumannii; AMRFinderPlus Subclass CARBAPENEM; membership from AMRFinderPlus DB 2026-08-07.1 AMRProt.fa (gene family blaOXA-51_fam)"
ABAU,blaOXA-874,blaOXA-51_fam,"chromosomal OXA-51-like carbapenemase intrinsic to A. baumannii; AMRFinderPlus Subclass CARBAPENEM; membership from AMRFinderPlus DB 2026-08-07.1 AMRProt.fa (gene family blaOXA-51_fam)"
ABAU,blaOXA-875,blaOXA-51_fam,"chromosomal OXA-51-like carbapenemase intrinsic to A. baumannii; AMRFinderPlus Subclass CARBAPENEM; membership from AMRFinderPlus DB 2026-08-07.1 AMRProt.fa (gene family blaOXA-51_fam)"
ABAU,blaOXA-876,blaOXA-51_fam,"chromosomal OXA-51-like carbapenemase intrinsic to A. baumannii; AMRFinderPlus Subclass CARBAPENEM; membership from AMRFinderPlus DB 2026-08-07.1 AMRProt.fa (gene family blaOXA-51_fam)"
ABAU,blaOXA-877,blaOXA-51_fam,"chromosomal OXA-51-like carbapenemase intrinsic to A. baumannii; AMRFinderPlus Subclass CARBAPENEM; membership from AMRFinderPlus DB 2026-08-07.1 AMRProt.fa (gene family blaOXA-51_fam)"
ABAU,blaOXA-878,blaOXA-51_fam,"chromosomal OXA-51-like carbapenemase intrinsic to A. baumannii; AMRFinderPlus Subclass CARBAPENEM; membership from AMRFinderPlus DB 2026-08-07.1 AMRProt.fa (gene family blaOXA-51_fam)"
ABAU,blaOXA-879,blaOXA-51_fam,"chromosomal OXA-51-like carbapenemase intrinsic to A. baumannii; AMRFinderPlus Subclass CARBAPENEM; membership from AMRFinderPlus DB 2026-08-07.1 AMRProt.fa (gene family blaOXA-51_fam)"
ABAU,blaOXA-880,blaOXA-51_fam,"chromosomal OXA-51-like carbapenemase intrinsic to A. baumannii; AMRFinderPlus Subclass CARBAPENEM; membership from AMRFinderPlus DB 2026-08-07.1 AMRProt.fa (gene family blaOXA-51_fam)"
ABAU,blaOXA-881,blaOXA-51_fam,"chromosomal OXA-51-like carbapenemase intrinsic to A. baumannii; AMRFinderPlus Subclass CARBAPENEM; membership from AMRFinderPlus DB 2026-08-07.1 AMRProt.fa (gene family blaOXA-51_fam)"
ABAU,blaOXA-882,blaOXA-51_fam,"chromosomal OXA-51-like carbapenemase intrinsic to A. baumannii; AMRFinderPlus Subclass CARBAPENEM; membership from AMRFinderPlus DB 2026-08-07.1 AMRProt.fa (gene family blaOXA-51_fam)"
ABAU,blaOXA-883,blaOXA-51_fam,"chromosomal OXA-51-like carbapenemase intrinsic to A. baumannii; AMRFinderPlus Subclass CARBAPENEM; membership from AMRFinderPlus DB 2026-08-07.1 AMRProt.fa (gene family blaOXA-51_fam)"
ABAU,blaOXA-884,blaOXA-51_fam,"chromosomal OXA-51-like carbapenemase intrinsic to A. baumannii; AMRFinderPlus Subclass CARBAPENEM; membership from AMRFinderPlus DB 2026-08-07.1 AMRProt.fa (gene family blaOXA-51_fam)"
ABAU,blaOXA-885,blaOXA-51_fam,"chromosomal OXA-51-like carbapenemase intrinsic to A. baumannii; AMRFinderPlus Subclass CARBAPENEM; membership from AMRFinderPlus DB 2026-08-07.1 AMRProt.fa (gene family blaOXA-51_fam)"
ABAU,blaOXA-886,blaOXA-51_fam,"chromosomal OXA-51-like carbapenemase intrinsic to A. baumannii; AMRFinderPlus Subclass CARBAPENEM; membership from AMRFinderPlus DB 2026-08-07.1 AMRProt.fa (gene family blaOXA-51_fam)"
ABAU,blaOXA-887,blaOXA-51_fam,"chromosomal OXA-51-like carbapenemase intrinsic to A. baumannii; AMRFinderPlus Subclass CARBAPENEM; membership from AMRFinderPlus DB 2026-08-07.1 AMRProt.fa (gene family blaOXA-51_fam)"
ABAU,blaOXA-888,blaOXA-51_fam,"chromosomal OXA-51-like carbapenemase intrinsic to A. baumannii; AMRFinderPlus Subclass CARBAPENEM; membership from AMRFinderPlus DB 2026-08-07.1 AMRProt.fa (gene family blaOXA-51_fam)"
ABAU,blaOXA-889,blaOXA-51_fam,"chromosomal OXA-51-like carbapenemase intrinsic to A. baumannii; AMRFinderPlus Subclass CARBAPENEM; membership from AMRFinderPlus DB 2026-08-07.1 AMRProt.fa (gene family blaOXA-51_fam)"
ABAU,blaOXA-890,blaOXA-51_fam,"chromosomal OXA-51-like carbapenemase intrinsic to A. baumannii; AMRFinderPlus Subclass CARBAPENEM; membership from AMRFinderPlus DB 2026-08-07.1 AMRProt.fa (gene family blaOXA-51_fam)"
ABAU,blaOXA-891,blaOXA-51_fam,"chromosomal OXA-51-like carbapenemase intrinsic to A. baumannii; AMRFinderPlus Subclass CARBAPENEM; membership from AMRFinderPlus DB 2026-08-07.1 AMRProt.fa (gene family blaOXA-51_fam)"
ABAU,blaOXA-892,blaOXA-51_fam,"chromosomal OXA-51-like carbapenemase intrinsic to A. baumannii; AMRFinderPlus Subclass CARBAPENEM; membership from AMRFinderPlus DB 2026-08-07.1 AMRProt.fa (gene family blaOXA-51_fam)"
ABAU,blaOXA-909,blaOXA-51_fam,"chromosomal OXA-51-like carbapenemase intrinsic to A. baumannii; AMRFinderPlus Subclass CARBAPENEM; membership from AMRFinderPlus DB 2026-08-07.1 AMRProt.fa (gene family blaOXA-51_fam)"
ABAU,blaOXA-910,blaOXA-51_fam,"chromosomal OXA-51-like carbapenemase intrinsic to A. baumannii; AMRFinderPlus Subclass CARBAPENEM; membership from AMRFinderPlus DB 2026-08-07.1 AMRProt.fa (gene family blaOXA-51_fam)"
ABAU,blaOXA-916,blaOXA-51_fam,"chromosomal OXA-51-like carbapenemase intrinsic to A. baumannii; AMRFinderPlus Subclass CARBAPENEM; membership from AMRFinderPlus DB 2026-08-07.1 AMRProt.fa (gene family blaOXA-51_fam)"
ABAU,blaOXA-927,blaOXA-51_fam,"chromosomal OXA-51-like carbapenemase intrinsic to A. baumannii; AMRFinderPlus Subclass CARBAPENEM; membership from AMRFinderPlus DB 2026-08-07.1 AMRProt.fa (gene family blaOXA-51_fam)"
ABAU,blaOXA-938,blaOXA-51_fam,"chromosomal OXA-51-like carbapenemase intrinsic to A. baumannii; AMRFinderPlus Subclass CARBAPENEM; membership from AMRFinderPlus DB 2026-08-07.1 AMRProt.fa (gene family blaOXA-51_fam)"
ABAU,blaOXA-939,blaOXA-51_fam,"chromosomal OXA-51-like carbapenemase intrinsic to A. baumannii; AMRFinderPlus Subclass CARBAPENEM; membership from AMRFinderPlus DB 2026-08-07.1 AMRProt.fa (gene family blaOXA-51_fam)"
ABAU,blaOXA-940,blaOXA-51_fam,"chromosomal OXA-51-like carbapenemase intrinsic to A. baumannii; AMRFinderPlus Subclass CARBAPENEM; membership from AMRFinderPlus DB 2026-08-07.1 AMRProt.fa (gene family blaOXA-51_fam)"
ABAU,blaOXA-954,blaOXA-51_fam,"chromosomal OXA-51-like carbapenemase intrinsic to A. baumannii; AMRFinderPlus Subclass CARBAPENEM; membership from AMRFinderPlus DB 2026-08-07.1 AMRProt.fa (gene family blaOXA-51_fam)"
ABAU,blaOXA-955,blaOXA-51_fam,"chromosomal OXA-51-like carbapenemase intrinsic to A. baumannii; AMRFinderPlus Subclass CARBAPENEM; membership from AMRFinderPlus DB 2026-08-07.1 AMRProt.fa (gene family blaOXA-51_fam)"
ABAU,blaOXA-970,blaOXA-51_fam,"chromosomal OXA-51-like carbapenemase intrinsic to A. baumannii; AMRFinderPlus Subclass CARBAPENEM; membership from AMRFinderPlus DB 2026-08-07.1 AMRProt.fa (gene family blaOXA-51_fam)"
ABAU,blaOXA-971,blaOXA-51_fam,"chromosomal OXA-51-like carbapenemase intrinsic to A. baumannii; AMRFinderPlus Subclass CARBAPENEM; membership from AMRFinderPlus DB 2026-08-07.1 AMRProt.fa (gene family blaOXA-51_fam)"
ABAU,blaOXA-972,blaOXA-51_fam,"chromosomal OXA-51-like carbapenemase intrinsic to A. baumannii; AMRFinderPlus Subclass CARBAPENEM; membership from AMRFinderPlus DB 2026-08-07.1 AMRProt.fa (gene family blaOXA-51_fam)"
ABAU,blaOXA-973,blaOXA-51_fam,"chromosomal OXA-51-like carbapenemase intrinsic to A. baumannii; AMRFinderPlus Subclass CARBAPENEM; membership from AMRFinderPlus DB 2026-08-07.1 AMRProt.fa (gene family blaOXA-51_fam)"
ABAU,blaOXA-974,blaOXA-51_fam,"chromosomal OXA-51-like carbapenemase intrinsic to A. baumannii; AMRFinderPlus Subclass CARBAPENEM; membership from AMRFinderPlus DB 2026-08-07.1 AMRProt.fa (gene family blaOXA-51_fam)"
ABAU,blaOXA-975,blaOXA-51_fam,"chromosomal OXA-51-like carbapenemase intrinsic to A. baumannii; AMRFinderPlus Subclass CARBAPENEM; membership from AMRFinderPlus DB 2026-08-07.1 AMRProt.fa (gene family blaOXA-51_fam)"
ABAU,blaOXA-976,blaOXA-51_fam,"chromosomal OXA-51-like carbapenemase intrinsic to A. baumannii; AMRFinderPlus Subclass CARBAPENEM; membership from AMRFinderPlus DB 2026-08-07.1 AMRProt.fa (gene family blaOXA-51_fam)"
ABAU,blaOXA-977,blaOXA-51_fam,"chromosomal OXA-51-like carbapenemase intrinsic to A. baumannii; AMRFinderPlus Subclass CARBAPENEM; membership from AMRFinderPlus DB 2026-08-07.1 AMRProt.fa (gene family blaOXA-51_fam)"
ABAU,blaOXA-1013,blaOXA-51_fam,"chromosomal OXA-51-like carbapenemase intrinsic to A. baumannii; AMRFinderPlus Subclass CARBAPENEM; membership from AMRFinderPlus DB 2026-08-07.1 AMRProt.fa (gene family blaOXA-51_fam)"
ABAU,blaOXA-1047,blaOXA-51_fam,"chromosomal OXA-51-like carbapenemase intrinsic to A. baumannii; AMRFinderPlus Subclass CARBAPENEM; membership from AMRFinderPlus DB 2026-08-07.1 AMRProt.fa (gene family blaOXA-51_fam)"
ABAU,blaOXA-1048,blaOXA-51_fam,"chromosomal OXA-51-like carbapenemase intrinsic to A. baumannii; AMRFinderPlus Subclass CARBAPENEM; membership from AMRFinderPlus DB 2026-08-07.1 AMRProt.fa (gene family blaOXA-51_fam)"
ABAU,blaOXA-1058,blaOXA-51_fam,"chromosomal OXA-51-like carbapenemase intrinsic to A. baumannii; AMRFinderPlus Subclass CARBAPENEM; membership from AMRFinderPlus DB 2026-08-07.1 AMRProt.fa (gene family blaOXA-51_fam)"
ABAU,blaOXA-1059,blaOXA-51_fam,"chromosomal OXA-51-like carbapenemase intrinsic to A. baumannii; AMRFinderPlus Subclass CARBAPENEM; membership from AMRFinderPlus DB 2026-08-07.1 AMRProt.fa (gene family blaOXA-51_fam)"
ABAU,blaOXA-1060,blaOXA-51_fam,"chromosomal OXA-51-like carbapenemase intrinsic to A. baumannii; AMRFinderPlus Subclass CARBAPENEM; membership from AMRFinderPlus DB 2026-08-07.1 AMRProt.fa (gene family blaOXA-51_fam)"
ABAU,blaOXA-1061,blaOXA-51_fam,"chromosomal OXA-51-like carbapenemase intrinsic to A. baumannii; AMRFinderPlus Subclass CARBAPENEM; membership from AMRFinderPlus DB 2026-08-07.1 AMRProt.fa (gene family blaOXA-51_fam)"
ABAU,blaOXA-1062,blaOXA-51_fam,"chromosomal OXA-51-like carbapenemase intrinsic to A. baumannii; AMRFinderPlus Subclass CARBAPENEM; membership from AMRFinderPlus DB 2026-08-07.1 AMRProt.fa (gene family blaOXA-51_fam)"
ABAU,blaOXA-1063,blaOXA-51_fam,"chromosomal OXA-51-like carbapenemase intrinsic to A. baumannii; AMRFinderPlus Subclass CARBAPENEM; membership from AMRFinderPlus DB 2026-08-07.1 AMRProt.fa (gene family blaOXA-51_fam)"
ABAU,blaOXA-1064,blaOXA-51_fam,"chromosomal OXA-51-like carbapenemase intrinsic to A. baumannii; AMRFinderPlus Subclass CARBAPENEM; membership from AMRFinderPlus DB 2026-08-07.1 AMRProt.fa (gene family blaOXA-51_fam)"
ABAU,blaOXA-1065,blaOXA-51_fam,"chromosomal OXA-51-like carbapenemase intrinsic to A. baumannii; AMRFinderPlus Subclass CARBAPENEM; membership from AMRFinderPlus DB 2026-08-07.1 AMRProt.fa (gene family blaOXA-51_fam)"
ABAU,blaOXA-1066,blaOXA-51_fam,"chromosomal OXA-51-like carbapenemase intrinsic to A. baumannii; AMRFinderPlus Subclass CARBAPENEM; membership from AMRFinderPlus DB 2026-08-07.1 AMRProt.fa (gene family blaOXA-51_fam)"
ABAU,blaOXA-1067,blaOXA-51_fam,"chromosomal OXA-51-like carbapenemase intrinsic to A. baumannii; AMRFinderPlus Subclass CARBAPENEM; membership from AMRFinderPlus DB 2026-08-07.1 AMRProt.fa (gene family blaOXA-51_fam)"
ABAU,blaOXA-1068,blaOXA-51_fam,"chromosomal OXA-51-like carbapenemase intrinsic to A. baumannii; AMRFinderPlus Subclass CARBAPENEM; membership from AMRFinderPlus DB 2026-08-07.1 AMRProt.fa (gene family blaOXA-51_fam)"
ABAU,blaOXA-1069,blaOXA-51_fam,"chromosomal OXA-51-like carbapenemase intrinsic to A. baumannii; AMRFinderPlus Subclass CARBAPENEM; membership from AMRFinderPlus DB 2026-08-07.1 AMRProt.fa (gene family blaOXA-51_fam)"
ABAU,blaOXA-1070,blaOXA-51_fam,"chromosomal OXA-51-like carbapenemase intrinsic to A. baumannii; AMRFinderPlus Subclass CARBAPENEM; membership from AMRFinderPlus DB 2026-08-07.1 AMRProt.fa (gene family blaOXA-51_fam)"
ABAU,blaOXA-1071,blaOXA-51_fam,"chromosomal OXA-51-like carbapenemase intrinsic to A. baumannii; AMRFinderPlus Subclass CARBAPENEM; membership from AMRFinderPlus DB 2026-08-07.1 AMRProt.fa (gene family blaOXA-51_fam)"
ABAU,blaOXA-1072,blaOXA-51_fam,"chromosomal OXA-51-like carbapenemase intrinsic to A. baumannii; AMRFinderPlus Subclass CARBAPENEM; membership from AMRFinderPlus DB 2026-08-07.1 AMRProt.fa (gene family blaOXA-51_fam)"
ABAU,blaOXA-1073,blaOXA-51_fam,"chromosomal OXA-51-like carbapenemase intrinsic to A. baumannii; AMRFinderPlus Subclass CARBAPENEM; membership from AMRFinderPlus DB 2026-08-07.1 AMRProt.fa (gene family blaOXA-51_fam)"
ABAU,blaOXA-1074,blaOXA-51_fam,"chromosomal OXA-51-like carbapenemase intrinsic to A. baumannii; AMRFinderPlus Subclass CARBAPENEM; membership from AMRFinderPlus DB 2026-08-07.1 AMRProt.fa (gene family blaOXA-51_fam)"
ABAU,blaOXA-1075,blaOXA-51_fam,"chromosomal OXA-51-like carbapenemase intrinsic to A. baumannii; AMRFinderPlus Subclass CARBAPENEM; membership from AMRFinderPlus DB 2026-08-07.1 AMRProt.fa (gene family blaOXA-51_fam)"
ABAU,blaOXA-1076,blaOXA-51_fam,"chromosomal OXA-51-like carbapenemase intrinsic to A. baumannii; AMRFinderPlus Subclass CARBAPENEM; membership from AMRFinderPlus DB 2026-08-07.1 AMRProt.fa (gene family blaOXA-51_fam)"
ABAU,blaOXA-1077,blaOXA-51_fam,"chromosomal OXA-51-like carbapenemase intrinsic to A. baumannii; AMRFinderPlus Subclass CARBAPENEM; membership from AMRFinderPlus DB 2026-08-07.1 AMRProt.fa (gene family blaOXA-51_fam)"
ABAU,blaOXA-1078,blaOXA-51_fam,"chromosomal OXA-51-like carbapenemase intrinsic to A. baumannii; AMRFinderPlus Subclass CARBAPENEM; membership from AMRFinderPlus DB 2026-08-07.1 AMRProt.fa (gene family blaOXA-51_fam)"
ABAU,blaOXA-1079,blaOXA-51_fam,"chromosomal OXA-51-like carbapenemase intrinsic to A. baumannii; AMRFinderPlus Subclass CARBAPENEM; membership from AMRFinderPlus DB 2026-08-07.1 AMRProt.fa (gene family blaOXA-51_fam)"
ABAU,blaOXA-1080,blaOXA-51_fam,"chromosomal OXA-51-like carbapenemase intrinsic to A. baumannii; AMRFinderPlus Subclass CARBAPENEM; membership from AMRFinderPlus DB 2026-08-07.1 AMRProt.fa (gene family blaOXA-51_fam)"
ABAU,blaOXA-1092,blaOXA-51_fam,"chromosomal OXA-51-like carbapenemase intrinsic to A. baumannii; AMRFinderPlus Subclass CARBAPENEM; membership from AMRFinderPlus DB 2026-08-07.1 AMRProt.fa (gene family blaOXA-51_fam)"
ABAU,blaOXA-1093,blaOXA-51_fam,"chromosomal OXA-51-like carbapenemase intrinsic to A. baumannii; AMRFinderPlus Subclass CARBAPENEM; membership from AMRFinderPlus DB 2026-08-07.1 AMRProt.fa (gene family blaOXA-51_fam)"
ABAU,blaOXA-1094,blaOXA-51_fam,"chromosomal OXA-51-like carbapenemase intrinsic to A. baumannii; AMRFinderPlus Subclass CARBAPENEM; membership from AMRFinderPlus DB 2026-08-07.1 AMRProt.fa (gene family blaOXA-51_fam)"
ABAU,blaOXA-1096,blaOXA-51_fam,"chromosomal OXA-51-like carbapenemase intrinsic to A. baumannii; AMRFinderPlus Subclass CARBAPENEM; membership from AMRFinderPlus DB 2026-08-07.1 AMRProt.fa (gene family blaOXA-51_fam)"
ABAU,blaOXA-1097,blaOXA-51_fam,"chromosomal OXA-51-like carbapenemase intrinsic to A. baumannii; AMRFinderPlus Subclass CARBAPENEM; membership from AMRFinderPlus DB 2026-08-07.1 AMRProt.fa (gene family blaOXA-51_fam)"
ABAU,blaOXA-1098,blaOXA-51_fam,"chromosomal OXA-51-like carbapenemase intrinsic to A. baumannii; AMRFinderPlus Subclass CARBAPENEM; membership from AMRFinderPlus DB 2026-08-07.1 AMRProt.fa (gene family blaOXA-51_fam)"
ABAU,blaOXA-1109,blaOXA-51_fam,"chromosomal OXA-51-like carbapenemase intrinsic to A. baumannii; AMRFinderPlus Subclass CARBAPENEM; membership from AMRFinderPlus DB 2026-08-07.1 AMRProt.fa (gene family blaOXA-51_fam)"
ABAU,blaOXA-1117,blaOXA-51_fam,"chromosomal OXA-51-like carbapenemase intrinsic to A. baumannii; AMRFinderPlus Subclass CARBAPENEM; membership from AMRFinderPlus DB 2026-08-07.1 AMRProt.fa (gene family blaOXA-51_fam)"
ABAU,blaOXA-1118,blaOXA-51_fam,"chromosomal OXA-51-like carbapenemase intrinsic to A. baumannii; AMRFinderPlus Subclass CARBAPENEM; membership from AMRFinderPlus DB 2026-08-07.1 AMRProt.fa (gene family blaOXA-51_fam)"
ABAU,blaOXA-1121,blaOXA-51_fam,"chromosomal OXA-51-like carbapenemase intrinsic to A. baumannii; AMRFinderPlus Subclass CARBAPENEM; membership from AMRFinderPlus DB 2026-08-07.1 AMRProt.fa (gene family blaOXA-51_fam)"
ABAU,blaOXA-1122,blaOXA-51_fam,"chromosomal OXA-51-like carbapenemase intrinsic to A. baumannii; AMRFinderPlus Subclass CARBAPENEM; membership from AMRFinderPlus DB 2026-08-07.1 AMRProt.fa (gene family blaOXA-51_fam)"
ABAU,blaOXA-1123,blaOXA-51_fam,"chromosomal OXA-51-like carbapenemase intrinsic to A. baumannii; AMRFinderPlus Subclass CARBAPENEM; membership from AMRFinderPlus DB 2026-08-07.1 AMRProt.fa (gene family blaOXA-51_fam)"
ABAU,blaOXA-1214,blaOXA-51_fam,"chromosomal OXA-51-like carbapenemase intrinsic to A. baumannii; AMRFinderPlus Subclass CARBAPENEM; membership from AMRFinderPlus DB 2026-08-07.1 AMRProt.fa (gene family blaOXA-51_fam)"
ABAU,blaOXA-1217,blaOXA-51_fam,"chromosomal OXA-51-like carbapenemase intrinsic to A. baumannii; AMRFinderPlus Subclass CARBAPENEM; membership from AMRFinderPlus DB 2026-08-07.1 AMRProt.fa (gene family blaOXA-51_fam)"
ABAU,blaOXA-1218,blaOXA-51_fam,"chromosomal OXA-51-like carbapenemase intrinsic to A. baumannii; AMRFinderPlus Subclass CARBAPENEM; membership from AMRFinderPlus DB 2026-08-07.1 AMRProt.fa (gene family blaOXA-51_fam)"
ABAU,blaOXA-1219,blaOXA-51_fam,"chromosomal OXA-51-like carbapenemase intrinsic to A. baumannii; AMRFinderPlus Subclass CARBAPENEM; membership from AMRFinderPlus DB 2026-08-07.1 AMRProt.fa (gene family blaOXA-51_fam)"
ABAU,blaOXA-1220,blaOXA-51_fam,"chromosomal OXA-51-like carbapenemase intrinsic to A. baumannii; AMRFinderPlus Subclass CARBAPENEM; membership from AMRFinderPlus DB 2026-08-07.1 AMRProt.fa (gene family blaOXA-51_fam)"
ABAU,blaOXA-1229,blaOXA-51_fam,"chromosomal OXA-51-like carbapenemase intrinsic to A. baumannii; AMRFinderPlus Subclass CARBAPENEM; membership from AMRFinderPlus DB 2026-08-07.1 AMRProt.fa (gene family blaOXA-51_fam)"
ABAU,blaOXA-1230,blaOXA-51_fam,"chromosomal OXA-51-like carbapenemase intrinsic to A. baumannii; AMRFinderPlus Subclass CARBAPENEM; membership from AMRFinderPlus DB 2026-08-07.1 AMRProt.fa (gene family blaOXA-51_fam)"
ABAU,blaOXA-1249,blaOXA-51_fam,"chromosomal OXA-51-like carbapenemase intrinsic to A. baumannii; AMRFinderPlus Subclass CARBAPENEM; membership from AMRFinderPlus DB 2026-08-07.1 AMRProt.fa (gene family blaOXA-51_fam)"
ABAU,blaOXA-1265,blaOXA-51_fam,"chromosomal OXA-51-like carbapenemase intrinsic to A. baumannii; AMRFinderPlus Subclass CARBAPENEM; membership from AMRFinderPlus DB 2026-08-07.1 AMRProt.fa (gene family blaOXA-51_fam)"
ABAU,blaOXA-1328,blaOXA-51_fam,"chromosomal OXA-51-like carbapenemase intrinsic to A. baumannii; AMRFinderPlus Subclass CARBAPENEM; membership from AMRFinderPlus DB 2026-08-07.1 AMRProt.fa (gene family blaOXA-51_fam)"
ABAU,blaOXA-1329,blaOXA-51_fam,"chromosomal OXA-51-like carbapenemase intrinsic to A. baumannii; AMRFinderPlus Subclass CARBAPENEM; membership from AMRFinderPlus DB 2026-08-07.1 AMRProt.fa (gene family blaOXA-51_fam)"
ABAU,blaOXA-1335,blaOXA-51_fam,"chromosomal OXA-51-like carbapenemase intrinsic to A. baumannii; AMRFinderPlus Subclass CARBAPENEM; membership from AMRFinderPlus DB 2026-08-07.1 AMRProt.fa (gene family blaOXA-51_fam)"
ABAU,blaOXA-1336,blaOXA-51_fam,"chromosomal OXA-51-like carbapenemase intrinsic to A. baumannii; AMRFinderPlus Subclass CARBAPENEM; membership from AMRFinderPlus DB 2026-08-07.1 AMRProt.fa (gene family blaOXA-51_fam)"
ABAU,blaOXA-1337,blaOXA-51_fam,"chromosomal OXA-51-like carbapenemase intrinsic to A. baumannii; AMRFinderPlus Subclass CARBAPENEM; membership from AMRFinderPlus DB 2026-08-07.1 AMRProt.fa (gene family blaOXA-51_fam)"
ABAU,blaOXA-1338,blaOXA-51_fam,"chromosomal OXA-51-like carbapenemase intrinsic to A. baumannii; AMRFinderPlus Subclass CARBAPENEM; membership from AMRFinderPlus DB 2026-08-07.1 AMRProt.fa (gene family blaOXA-51_fam)"
ABAU,blaOXA-1339,blaOXA-51_fam,"chromosomal OXA-51-like carbapenemase intrinsic to A. baumannii; AMRFinderPlus Subclass CARBAPENEM; membership from AMRFinderPlus DB 2026-08-07.1 AMRProt.fa (gene family blaOXA-51_fam)"
ABAU,blaOXA-1340,blaOXA-51_fam,"chromosomal OXA-51-like carbapenemase intrinsic to A. baumannii; AMRFinderPlus Subclass CARBAPENEM; membership from AMRFinderPlus DB 2026-08-07.1 AMRProt.fa (gene family blaOXA-51_fam)"
ABAU,blaOXA-1341,blaOXA-51_fam,"chromosomal OXA-51-like carbapenemase intrinsic to A. baumannii; AMRFinderPlus Subclass CARBAPENEM; membership from AMRFinderPlus DB 2026-08-07.1 AMRProt.fa (gene family blaOXA-51_fam)"
ABAU,blaOXA-1374,blaOXA-51_fam,"chromosomal OXA-51-like carbapenemase intrinsic to A. baumannii; AMRFinderPlus Subclass CARBAPENEM; membership from AMRFinderPlus DB 2026-08-07.1 AMRProt.fa (gene family blaOXA-51_fam)"
ABAU,blaOXA-1377,blaOXA-51_fam,"chromosomal OXA-51-like carbapenemase intrinsic to A. baumannii; AMRFinderPlus Subclass CARBAPENEM; membership from AMRFinderPlus DB 2026-08-07.1 AMRProt.fa (gene family blaOXA-51_fam)"
ABAU,blaOXA-1380,blaOXA-51_fam,"chromosomal OXA-51-like carbapenemase intrinsic to A. baumannii; AMRFinderPlus Subclass CARBAPENEM; membership from AMRFinderPlus DB 2026-08-07.1 AMRProt.fa (gene family blaOXA-51_fam)"
ABAU,blaOXA-1388,blaOXA-51_fam,"chromosomal OXA-51-like carbapenemase intrinsic to A. baumannii; AMRFinderPlus Subclass CARBAPENEM; membership from AMRFinderPlus DB 2026-08-07.1 AMRProt.fa (gene family blaOXA-51_fam)"
ABAU,blaOXA-1424,blaOXA-51_fam,"chromosomal OXA-51-like carbapenemase intrinsic to A. baumannii; AMRFinderPlus Subclass CARBAPENEM; membership from AMRFinderPlus DB 2026-08-07.1 AMRProt.fa (gene family blaOXA-51_fam)"
ABAU,blaOXA-1448,blaOXA-51_fam,"chromosomal OXA-51-like carbapenemase intrinsic to A. baumannii; AMRFinderPlus Subclass CARBAPENEM; membership from AMRFinderPlus DB 2026-08-07.1 AMRProt.fa (gene family blaOXA-51_fam)"
ABAU,blaOXA-1449,blaOXA-51_fam,"chromosomal OXA-51-like carbapenemase intrinsic to A. baumannii; AMRFinderPlus Subclass CARBAPENEM; membership from AMRFinderPlus DB 2026-08-07.1 AMRProt.fa (gene family blaOXA-51_fam)"
ABAU,blaOXA-1454,blaOXA-51_fam,"chromosomal OXA-51-like carbapenemase intrinsic to A. baumannii; AMRFinderPlus Subclass CARBAPENEM; membership from AMRFinderPlus DB 2026-08-07.1 AMRProt.fa (gene family blaOXA-51_fam)"
ABAU,blaOXA-1455,blaOXA-51_fam,"chromosomal OXA-51-like carbapenemase intrinsic to A. baumannii; AMRFinderPlus Subclass CARBAPENEM; membership from AMRFinderPlus DB 2026-08-07.1 AMRProt.fa (gene family blaOXA-51_fam)"
ABAU,blaOXA-1456,blaOXA-51_fam,"chromosomal OXA-51-like carbapenemase intrinsic to A. baumannii; AMRFinderPlus Subclass CARBAPENEM; membership from AMRFinderPlus DB 2026-08-07.1 AMRProt.fa (gene family blaOXA-51_fam)"
