synthetic,species,drug,model,split,vme_rate,call_vme_rate,call_me_rate,active_call_rate_s,uncertain_rate,me_rate,mine_rate,categorical_agreement,essential_agreement,exact_agreement,auroc,band_coverage,band_width_steps,n,n_exact,n_band,n_cat,n_lab_r,n_lab_s,n_call,n_call_lab_r,n_call_lab_s,vme_rate_rederived,call_vme_rate_rederived,call_me_rate_rederived,active_call_rate_s_rederived,uncertain_rate_rederived,me_rate_rederived,mine_rate_rederived,categorical_agreement_rederived,n_cat_rederived,n_lab_r_rederived,n_lab_s_rederived,n_call_rederived,n_call_lab_r_rederived,n_call_lab_s_rederived
True,ECOLI,ceftriaxone,aft_known,cv,0.0515463917525773,0.0,0.1,0.825,0.0338983050847457,0.0,0.0112994350282485,0.96045197740113,0.6833333333333333,0.3666666666666666,0.9984536082474228,0.9166666666666666,5.694915254237288,177,60,60,177,97,80,177,97,80,0.0515463917525773,0.0,0.1,0.825,0.0338983050847457,0.0,0.0112994350282485,0.96045197740113,177,97,80,177,97,80
True,ECOLI,ceftriaxone,aft_known,lolo_ECOLI_ML_001,0.0,0.0,0.5,0.5,0.0,0.0,0.0,1.0,0.8571428571428571,0.3571428571428571,1.0,1.0,4.0,37,14,14,37,35,2,37,35,2,0.0,0.0,0.5,0.5,0.0,0.0,0.0,1.0,37,35,2,37,35,2
True,ECOLI,ceftriaxone,aft_known,lolo_ECOLI_ML_002,0.0,0.0,0.5,0.5,0.0,0.0,0.0,1.0,0.75,0.25,1.0,1.0,4.0,29,8,8,29,23,6,29,23,6,0.0,0.0,0.5,0.5,0.0,0.0,0.0,1.0,29,23,6,29,23,6
True,ECOLI,ceftriaxone,aft_known,test,0.0,0.0,0.1052631578947368,0.8947368421052632,0.0,0.0,0.0,1.0,1.0,0.2105263157894736,1.0,1.0,4.0,38,19,19,38,19,19,38,19,19,0.0,0.0,0.1052631578947368,0.8947368421052632,0.0,0.0,0.0,1.0,38,19,19,38,19,19
True,ECOLI,ceftriaxone,aft_known_unitig,cv,0.1030927835051546,0.0,0.1,0.275,0.2824858757062147,0.0,0.0169491525423728,0.9265536723163842,0.5333333333333333,0.1666666666666666,0.99284793814433,0.8833333333333333,9.92090395480226,177,60,60,177,97,80,177,97,80,0.1030927835051546,0.0,0.1,0.275,0.2824858757062147,0.0,0.0169491525423728,0.9265536723163842,177,97,80,177,97,80
True,ECOLI,ceftriaxone,aft_known_unitig,lolo_ECOLI_ML_001,0.1142857142857142,0.0,0.5,0.5,0.0,0.0,0.0,0.8918918918918919,0.5714285714285714,0.0,0.9857142857142858,1.0,10.0,37,14,14,37,35,2,37,35,2,0.1142857142857142,0.0,0.5,0.5,0.0,0.0,0.0,0.8918918918918919,37,35,2,37,35,2
True,ECOLI,ceftriaxone,aft_known_unitig,lolo_ECOLI_ML_002,0.1304347826086956,0.0,0.5,0.5,0.0,0.0,0.0,0.896551724137931,0.5,0.125,1.0,1.0,10.0,29,8,8,29,23,6,29,23,6,0.1304347826086956,0.0,0.5,0.5,0.0,0.0,0.0,0.896551724137931,29,23,6,29,23,6
True,ECOLI,ceftriaxone,aft_known_unitig,test,0.0,0.0,0.1052631578947368,0.8947368421052632,0.0,0.0,0.0,1.0,0.5263157894736842,0.2105263157894736,1.0,1.0,10.0,38,19,19,38,19,19,38,19,19,0.0,0.0,0.1052631578947368,0.8947368421052632,0.0,0.0,0.0,1.0,38,19,19,38,19,19
True,ECOLI,ceftriaxone,b0_resfinder,cv,0.0,,,,,0.0,0.0,1.0,,,,,,177,0,0,177,97,80,0,0,0,0.0,,,,,0.0,0.0,1.0,177,97,80,0,0,0
True,ECOLI,ceftriaxone,b0_resfinder,test,0.0,,,,,0.0,0.0,1.0,,,,,,38,0,0,38,19,19,0,0,0,0.0,,,,,0.0,0.0,1.0,38,19,19,0,0,0
True,ECOLI,ceftriaxone,b1_lookup,cv,0.5257731958762887,0.0,0.1,0.0,0.4067796610169492,0.0875,0.0,0.672316384180791,0.5666666666666667,0.2166666666666666,0.8504510309278351,0.7666666666666667,13.457627118644067,177,60,60,177,97,80,177,97,80,0.5257731958762887,0.0,0.1,0.0,0.4067796610169492,0.0875,0.0,0.672316384180791,177,97,80,177,97,80
True,ECOLI,ceftriaxone,b1_lookup,lolo_ECOLI_ML_001,0.8,0.0,0.5,0.0,0.027027027027027,0.0,0.0,0.2432432432432432,0.3571428571428571,0.0714285714285714,0.6,1.0,16.0,37,14,14,37,35,2,37,35,2,0.8,0.0,0.5,0.0,0.027027027027027,0.0,0.0,0.2432432432432432,37,35,2,37,35,2
True,ECOLI,ceftriaxone,b1_lookup,lolo_ECOLI_ML_002,0.0,0.0,0.5,0.0,0.1034482758620689,0.0,0.7931034482758621,0.2068965517241379,0.125,0.0,0.6739130434782609,1.0,16.0,29,8,8,29,23,6,29,23,6,0.0,0.0,0.5,0.0,0.1034482758620689,0.0,0.7931034482758621,0.2068965517241379,29,23,6,29,23,6
True,ECOLI,ceftriaxone,b1_lookup,test,0.0,0.0,0.1052631578947368,0.0,0.4473684210526316,0.0526315789473684,0.0,0.9736842105263158,0.9473684210526316,0.1052631578947368,0.9889196675900276,1.0,16.0,38,19,19,38,19,19,38,19,19,0.0,0.0,0.1052631578947368,0.0,0.4473684210526316,0.0526315789473684,0.0,0.9736842105263158,38,19,19,38,19,19
True,ECOLI,ceftriaxone,b2_xgb_steps,cv,0.0721649484536082,0.0,0.1,0.0,0.4067796610169492,0.1375,0.0,0.8983050847457628,0.8,0.5333333333333333,0.9306701030927836,0.9333333333333332,12.384180790960452,177,60,60,177,97,80,177,97,80,0.0721649484536082,0.0,0.1,0.0,0.4067796610169492,0.1375,0.0,0.8983050847457628,177,97,80,177,97,80
True,ECOLI,ceftriaxone,b2_xgb_steps,lolo_ECOLI_ML_001,0.0857142857142857,0.0,0.5,0.0,0.027027027027027,0.0,0.0,0.918918918918919,0.7142857142857143,0.2857142857142857,0.9642857142857144,0.9285714285714286,12.0,37,14,14,37,35,2,37,35,2,0.0857142857142857,0.0,0.5,0.0,0.027027027027027,0.0,0.0,0.918918918918919,37,35,2,37,35,2
True,ECOLI,ceftriaxone,b2_xgb_steps,lolo_ECOLI_ML_002,0.0,0.0,0.5,0.0,0.1034482758620689,0.1666666666666666,0.0,0.9655172413793104,0.75,0.75,0.9673913043478262,1.0,12.0,29,8,8,29,23,6,29,23,6,0.0,0.0,0.5,0.0,0.1034482758620689,0.1666666666666666,0.0,0.9655172413793104,29,23,6,29,23,6
True,ECOLI,ceftriaxone,b2_xgb_steps,test,0.0,0.0,0.1052631578947368,0.0,0.4473684210526316,0.0,0.0,1.0,1.0,0.4210526315789473,1.0,1.0,12.0,38,19,19,38,19,19,38,19,19,0.0,0.0,0.1052631578947368,0.0,0.4473684210526316,0.0,0.0,1.0,38,19,19,38,19,19
True,ECOLI,ciprofloxacin,aft_known,cv,0.0227272727272727,0.0113636363636363,0.0,0.8192771084337349,0.3407821229050279,0.0,0.0614525139664804,0.9273743016759776,0.8802816901408451,0.4225352112676056,0.9933598028477548,0.9577464788732394,4.0,179,142,142,179,88,83,179,88,83,0.0227272727272727,0.0113636363636363,0.0,0.8192771084337349,0.3407821229050279,0.0,0.0614525139664804,0.9273743016759776,179,88,83,179,88,83
True,ECOLI,ciprofloxacin,aft_known,lolo_ECOLI_ML_001,0.0,0.0,0.0,1.0,0.282051282051282,0.0,0.1025641025641025,0.8974358974358975,0.8,0.3333333333333333,1.0,0.9666666666666668,4.0,39,30,30,39,33,2,39,33,2,0.0,0.0,0.0,1.0,0.282051282051282,0.0,0.1025641025641025,0.8974358974358975,39,33,2,39,33,2
True,ECOLI,ciprofloxacin,aft_known,lolo_ECOLI_ML_002,0.0,0.0,0.0,1.0,0.3870967741935484,0.0,0.032258064516129,0.967741935483871,0.9,0.25,1.0,1.0,4.0,31,20,20,31,27,3,31,27,3,0.0,0.0,0.0,1.0,0.3870967741935484,0.0,0.032258064516129,0.967741935483871,31,27,3,31,27,3
True,ECOLI,ciprofloxacin,aft_known,test,0.0,0.0,0.0,0.9393939393939394,0.1578947368421052,0.0,0.0526315789473684,0.9473684210526316,0.84375,0.375,1.0,0.875,4.0,38,32,32,38,4,33,38,4,33,0.0,0.0,0.0,0.9393939393939394,0.1578947368421052,0.0,0.0526315789473684,0.9473684210526316,38,4,33,38,4,33
True,ECOLI,ciprofloxacin,aft_known_unitig,cv,0.034090909090909,0.0,0.0,0.8554216867469879,0.3798882681564245,0.0,0.0502793296089385,0.9329608938547486,0.8732394366197183,0.3943661971830985,0.9993838992332968,0.9929577464788732,4.0,179,142,142,179,88,83,179,88,83,0.034090909090909,0.0,0.0,0.8554216867469879,0.3798882681564245,0.0,0.0502793296089385,0.9329608938547486,179,88,83,179,88,83
True,ECOLI,ciprofloxacin,aft_known_unitig,lolo_ECOLI_ML_001,0.0,0.0,0.0,0.5,0.3846153846153846,0.0,0.1025641025641025,0.8974358974358975,0.9666666666666668,0.4333333333333333,1.0,1.0,4.0,39,30,30,39,33,2,39,33,2,0.0,0.0,0.0,0.5,0.3846153846153846,0.0,0.1025641025641025,0.8974358974358975,39,33,2,39,33,2
True,ECOLI,ciprofloxacin,aft_known_unitig,lolo_ECOLI_ML_002,0.0,0.0,0.0,0.0,0.7096774193548387,0.0,0.0,1.0,0.85,0.4,1.0,1.0,4.0,31,20,20,31,27,3,31,27,3,0.0,0.0,0.0,0.0,0.7096774193548387,0.0,0.0,1.0,31,27,3,31,27,3
True,ECOLI,ciprofloxacin,aft_known_unitig,test,0.0,0.0,0.0,0.8181818181818182,0.2631578947368421,0.0,0.0263157894736842,0.9736842105263158,0.9375,0.375,1.0,1.0,4.0,38,32,32,38,4,33,38,4,33,0.0,0.0,0.0,0.8181818181818182,0.2631578947368421,0.0,0.0263157894736842,0.9736842105263158,38,4,33,38,4,33
True,ECOLI,ciprofloxacin,b0_resfinder,cv,0.5454545454545454,,,,,0.1325301204819277,0.0446927374301676,0.6256983240223464,,,,,,179,0,0,179,88,83,0,0,0,0.5454545454545454,,,,,0.1325301204819277,0.0446927374301676,0.6256983240223464,179,88,83,0,0,0
True,ECOLI,ciprofloxacin,b0_resfinder,test,1.0,,,,,0.1212121212121212,0.0263157894736842,0.7631578947368421,,,,,,38,0,0,38,4,33,0,0,0,1.0,,,,,0.1212121212121212,0.0263157894736842,0.7631578947368421,38,4,33,0,0,0
True,ECOLI,ciprofloxacin,b1_lookup,cv,0.6590909090909091,0.0,0.0,0.072289156626506,0.9664804469273744,0.1686746987951807,0.0670391061452514,0.5307262569832403,0.4647887323943662,0.2535211267605634,0.6631297918948521,0.7394366197183099,9.35195530726257,179,142,142,179,88,83,179,88,83,0.6590909090909091,0.0,0.0,0.072289156626506,0.9664804469273744,0.1686746987951807,0.0670391061452514,0.5307262569832403,179,88,83,179,88,83
True,ECOLI,ciprofloxacin,b1_lookup,lolo_ECOLI_ML_001,0.7878787878787878,0.0,0.0,0.0,1.0,0.0,0.1025641025641025,0.2307692307692307,0.2666666666666666,0.1333333333333333,0.803030303030303,1.0,12.0,39,30,30,39,33,2,39,33,2,0.7878787878787878,0.0,0.0,0.0,1.0,0.0,0.1025641025641025,0.2307692307692307,39,33,2,39,33,2
True,ECOLI,ciprofloxacin,b1_lookup,lolo_ECOLI_ML_002,0.8148148148148148,0.0,0.0,0.0,1.0,0.0,0.032258064516129,0.2580645161290322,0.35,0.05,1.0,1.0,12.0,31,20,20,31,27,3,31,27,3,0.8148148148148148,0.0,0.0,0.0,1.0,0.0,0.032258064516129,0.2580645161290322,31,27,3,31,27,3
True,ECOLI,ciprofloxacin,b1_lookup,test,0.0,0.0,0.0,0.0,1.0,0.0,0.2105263157894736,0.7894736842105263,0.65625,0.375,1.0,1.0,12.0,38,32,32,38,4,33,38,4,33,0.0,0.0,0.0,0.0,1.0,0.0,0.2105263157894736,0.7894736842105263,38,4,33,38,4,33
True,ECOLI,ciprofloxacin,b2_xgb_steps,cv,0.034090909090909,0.0227272727272727,0.0,0.7710843373493976,0.5810055865921788,0.0481927710843373,0.0502793296089385,0.9106145251396648,0.8309859154929577,0.3591549295774648,0.984118291347207,0.9225352112676056,5.217877094972067,179,142,142,179,88,83,179,88,83,0.034090909090909,0.0227272727272727,0.0,0.7710843373493976,0.5810055865921788,0.0481927710843373,0.0502793296089385,0.9106145251396648,179,88,83,179,88,83
True,ECOLI,ciprofloxacin,b2_xgb_steps,lolo_ECOLI_ML_001,0.0303030303030303,0.0,0.0,1.0,0.4358974358974359,0.0,0.1025641025641025,0.8717948717948718,0.8,0.2666666666666666,1.0,0.9666666666666668,4.0,39,30,30,39,33,2,39,33,2,0.0303030303030303,0.0,0.0,1.0,0.4358974358974359,0.0,0.1025641025641025,0.8717948717948718,39,33,2,39,33,2
True,ECOLI,ciprofloxacin,b2_xgb_steps,lolo_ECOLI_ML_002,0.0,0.0,0.0,1.0,0.5161290322580645,0.0,0.064516129032258,0.935483870967742,0.75,0.25,1.0,0.95,4.0,31,20,20,31,27,3,31,27,3,0.0,0.0,0.0,1.0,0.5161290322580645,0.0,0.064516129032258,0.935483870967742,31,27,3,31,27,3
True,ECOLI,ciprofloxacin,b2_xgb_steps,test,0.0,0.0,0.0,0.9393939393939394,0.131578947368421,0.0,0.0263157894736842,0.9736842105263158,0.8125,0.53125,1.0,0.875,4.0,38,32,32,38,4,33,38,4,33,0.0,0.0,0.0,0.9393939393939394,0.131578947368421,0.0,0.0263157894736842,0.9736842105263158,38,4,33,38,4,33
True,ECOLI,meropenem,aft_known,cv,0.2,0.0222222222222222,0.05,0.9333333333333332,0.0109890109890109,0.0166666666666666,0.0989010989010989,0.8406593406593407,0.5753424657534246,0.1917808219178082,0.970648148148148,0.9178082191780822,5.593406593406593,182,73,73,182,45,120,182,45,120,0.2777777777777778,0.0185185185185185,0.017391304347826,0.9652173913043478,0.011049723756906,0.008695652173913,0.0607734806629834,0.850828729281768,181,54,115,181,54,115
True,ECOLI,meropenem,aft_known,lolo_ECOLI_ML_001,0.0,0.0,0.0666666666666666,0.9333333333333332,0.0,0.0666666666666666,0.05,0.925,0.8666666666666667,0.3333333333333333,1.0,1.0,6.0,40,15,15,40,20,15,40,20,15,0.0,0.0,0.0,1.0,0.0,0.0,0.05,0.95,40,23,14,40,23,14
True,ECOLI,meropenem,aft_known,lolo_ECOLI_ML_002,0.0,0.0,0.25,0.75,0.0,0.0833333333333333,0.2758620689655172,0.6896551724137931,0.9444444444444444,0.5555555555555556,0.9924242424242424,1.0,6.0,29,18,18,29,11,12,29,11,12,0.0,0.0,0.0,1.0,0.0,0.0,0.2068965517241379,0.7931034482758621,29,12,9,29,12,9
True,ECOLI,meropenem,aft_known,test,0.0,0.0,0.0666666666666666,0.9333333333333332,0.0,0.0333333333333333,0.075,0.9,0.9375,0.25,1.0,1.0,6.0,40,16,16,40,6,30,40,6,30,0.0,0.0,0.0357142857142857,0.9642857142857144,0.0,0.0,0.0512820512820512,0.9487179487179488,39,8,28,39,8,28
True,ECOLI,meropenem,aft_known_unitig,cv,0.1777777777777777,0.0222222222222222,0.05,0.8333333333333334,0.0769230769230769,0.0,0.0989010989010989,0.8571428571428571,0.4520547945205479,0.1506849315068493,0.9791666666666669,0.8493150684931506,7.186813186813187,182,73,73,182,45,120,182,45,120,0.2962962962962963,0.0185185185185185,0.017391304347826,0.8695652173913043,0.0718232044198895,0.0,0.0718232044198895,0.8397790055248618,181,54,115,181,54,115
True,ECOLI,meropenem,aft_known_unitig,lolo_ECOLI_ML_001,0.0,0.0,0.0666666666666666,0.9333333333333332,0.0,0.0,0.125,0.875,0.4,0.0666666666666666,1.0,1.0,8.0,40,15,15,40,20,15,40,20,15,0.0869565217391304,0.0,0.0,1.0,0.0,0.0,0.125,0.825,40,23,14,40,23,14
True,ECOLI,meropenem,aft_known_unitig,lolo_ECOLI_ML_002,0.0909090909090909,0.0,0.25,0.75,0.0,0.0,0.1034482758620689,0.8620689655172413,0.8333333333333334,0.3333333333333333,0.9810606060606062,1.0,8.0,29,18,18,29,11,12,29,11,12,0.0833333333333333,0.0,0.0,1.0,0.0,0.0,0.1724137931034483,0.7931034482758621,29,12,9,29,12,9
True,ECOLI,meropenem,aft_known_unitig,test,0.0,0.0,0.0666666666666666,0.9333333333333332,0.0,0.0,0.125,0.875,0.6875,0.25,1.0,1.0,8.0,40,16,16,40,6,30,40,6,30,0.0,0.0,0.0357142857142857,0.9642857142857144,0.0,0.0,0.0512820512820512,0.9487179487179488,39,8,28,39,8,28
True,ECOLI,meropenem,b0_resfinder,cv,0.0222222222222222,,,,,0.05,0.0934065934065934,0.8681318681318682,,,,,,182,0,0,182,45,120,0,0,0,0.0185185185185185,,,,,0.017391304347826,0.0662983425414364,0.9171270718232044,181,54,115,0,0,0
True,ECOLI,meropenem,b0_resfinder,test,0.0,,,,,0.0666666666666666,0.1,0.85,,,,,,40,0,0,40,6,30,0,0,0,0.0,,,,,0.0357142857142857,0.0769230769230769,0.8974358974358975,39,8,28,0,0,0
True,ECOLI,meropenem,b1_lookup,cv,1.0,0.0,0.05,0.0,0.6318681318681318,0.0166666666666666,0.0879120879120879,0.6538461538461539,0.3835616438356164,0.0410958904109589,0.5092592592592592,0.8493150684931506,17.560439560439562,182,73,73,182,45,120,182,45,120,0.9629629629629628,0.0,0.017391304347826,0.0,0.6298342541436464,0.008695652173913,0.0718232044198895,0.6353591160220995,181,54,115,181,54,115
True,ECOLI,meropenem,b1_lookup,lolo_ECOLI_ML_001,0.95,0.0,0.0666666666666666,0.0,0.35,0.0666666666666666,0.125,0.375,0.5333333333333333,0.1333333333333333,0.43,0.8666666666666667,18.0,40,15,15,40,20,15,40,20,15,0.9565217391304348,0.0,0.0,0.0,0.35,0.0,0.075,0.375,40,23,14,40,23,14
True,ECOLI,meropenem,b1_lookup,lolo_ECOLI_ML_002,0.9090909090909092,0.0,0.25,0.0,0.3103448275862069,0.0,0.1724137931034483,0.4827586206896552,0.3333333333333333,0.2222222222222222,0.4318181818181817,0.9444444444444444,18.0,29,18,18,29,11,12,29,11,12,0.8333333333333334,0.0,0.0,0.0,0.3103448275862069,0.0,0.2413793103448276,0.4137931034482758,29,12,9,29,12,9
True,ECOLI,meropenem,b1_lookup,test,0.5,0.0,0.0666666666666666,0.0,0.7,0.0333333333333333,0.075,0.825,0.75,0.375,0.9333333333333332,1.0,18.0,40,16,16,40,6,30,40,6,30,0.375,0.0,0.0357142857142857,0.0,0.6923076923076923,0.0,0.0512820512820512,0.8717948717948718,39,8,28,39,8,28
True,ECOLI,meropenem,b2_xgb_steps,cv,0.1555555555555555,0.0222222222222222,0.05,0.1833333333333333,0.5054945054945055,0.0833333333333333,0.0714285714285714,0.8351648351648352,0.726027397260274,0.4383561643835616,0.926574074074074,0.9178082191780822,12.78021978021978,182,73,73,182,45,120,182,45,120,0.1666666666666666,0.0185185185185185,0.017391304347826,0.1913043478260869,0.5027624309392266,0.0521739130434782,0.0773480662983425,0.8397790055248618,181,54,115,181,54,115
True,ECOLI,meropenem,b2_xgb_steps,lolo_ECOLI_ML_001,0.05,0.0,0.0666666666666666,0.0,0.35,0.0666666666666666,0.175,0.775,0.9333333333333332,0.5333333333333333,0.9566666666666668,1.0,14.0,40,15,15,40,20,15,40,20,15,0.0434782608695652,0.0,0.0,0.0,0.35,0.0,0.175,0.8,40,23,14,40,23,14
True,ECOLI,meropenem,b2_xgb_steps,lolo_ECOLI_ML_002,0.2727272727272727,0.0,0.25,0.0,0.3103448275862069,0.0,0.2413793103448276,0.6551724137931034,0.5,0.3888888888888889,0.8484848484848484,0.9444444444444444,14.0,29,18,18,29,11,12,29,11,12,0.3333333333333333,0.0,0.0,0.0,0.3103448275862069,0.0,0.2413793103448276,0.6206896551724138,29,12,9,29,12,9
True,ECOLI,meropenem,b2_xgb_steps,test,0.0,0.0,0.0666666666666666,0.0,0.7,0.0333333333333333,0.125,0.85,1.0,0.4375,1.0,1.0,14.0,40,16,16,40,6,30,40,6,30,0.0,0.0,0.0357142857142857,0.0,0.6923076923076923,0.0,0.1025641025641025,0.8974358974358975,39,8,28,39,8,28
True,ECOLI,piperacillin-tazobactam,aft_known,cv,0.1515151515151515,0.0303030303030303,0.0,0.7752808988764045,0.4585987261146497,0.0,0.0509554140127388,0.8853503184713376,0.8773584905660378,0.4339622641509434,0.9878277153558052,0.9339622641509434,3.6305732484076434,157,106,106,157,66,89,157,66,89,0.0677966101694915,0.0338983050847457,0.0,0.7752808988764045,0.4516129032258064,0.0,0.0838709677419354,0.8903225806451613,155,59,89,155,59,89
True,ECOLI,piperacillin-tazobactam,aft_known,lolo_ECOLI_ML_001,0.0,0.0,0.0,0.1,0.4285714285714285,0.0,0.2,0.8,0.6153846153846154,0.2307692307692307,0.988,1.0,4.0,35,13,13,35,25,10,35,25,10,0.0,0.0,0.0,0.1,0.4117647058823529,0.0,0.1764705882352941,0.8235294117647058,34,23,10,34,23,10
True,ECOLI,piperacillin-tazobactam,aft_known,lolo_ECOLI_ML_002,0.05,0.0,0.0,0.7142857142857143,0.2222222222222222,0.0,0.0,0.9629629629629628,0.7857142857142857,0.2857142857142857,0.9892857142857144,1.0,4.0,27,14,14,27,20,7,27,20,7,0.0,0.0,0.0,0.7142857142857143,0.2307692307692307,0.0,0.0384615384615384,0.9615384615384616,26,18,7,26,18,7
True,ECOLI,piperacillin-tazobactam,aft_known,test,0.0,0.0,0.0,0.8695652173913043,0.1428571428571428,0.0,0.0285714285714285,0.9714285714285714,0.8333333333333334,0.3333333333333333,1.0,1.0,4.0,35,24,24,35,11,23,35,11,23,0.0,0.0,0.0,0.8695652173913043,0.1470588235294117,0.0,0.0294117647058823,0.9705882352941176,34,10,23,34,10,23
True,ECOLI,piperacillin-tazobactam,aft_known_unitig,cv,0.106060606060606,0.0,0.0,0.6629213483146067,0.445859872611465,0.0,0.0955414012738853,0.8598726114649682,0.7735849056603774,0.4245283018867924,0.9778685733741912,0.9245283018867924,4.0,157,106,106,157,66,89,157,66,89,0.1016949152542373,0.0,0.0,0.6629213483146067,0.4387096774193548,0.0,0.0709677419354838,0.8903225806451613,155,59,89,155,59,89
True,ECOLI,piperacillin-tazobactam,aft_known_unitig,lolo_ECOLI_ML_001,0.0,0.0,0.0,0.1,0.4,0.1,0.1714285714285714,0.8,0.6153846153846154,0.2307692307692307,0.984,1.0,4.0,35,13,13,35,25,10,35,25,10,0.0,0.0,0.0,0.1,0.3823529411764705,0.1,0.1470588235294117,0.8235294117647058,34,23,10,34,23,10
True,ECOLI,piperacillin-tazobactam,aft_known_unitig,lolo_ECOLI_ML_002,0.05,0.0,0.0,0.5714285714285714,0.2962962962962963,0.0,0.037037037037037,0.925925925925926,1.0,0.5,1.0,1.0,4.0,27,14,14,27,20,7,27,20,7,0.0,0.0,0.0,0.5714285714285714,0.3076923076923077,0.0,0.0769230769230769,0.9230769230769232,26,18,7,26,18,7
True,ECOLI,piperacillin-tazobactam,aft_known_unitig,test,0.0,0.0,0.0,0.8695652173913043,0.2857142857142857,0.0,0.0285714285714285,0.9714285714285714,0.75,0.25,1.0,1.0,4.0,35,24,24,35,11,23,35,11,23,0.0,0.0,0.0,0.8695652173913043,0.2941176470588235,0.0,0.0294117647058823,0.9705882352941176,34,10,23,34,10,23
True,ECOLI,piperacillin-tazobactam,b0_resfinder,cv,0.1363636363636363,,,,,0.0,0.0127388535031847,0.929936305732484,,,,,,157,0,0,157,66,89,0,0,0,0.0677966101694915,,,,,0.0,0.0451612903225806,0.9290322580645162,155,59,89,0,0,0
True,ECOLI,piperacillin-tazobactam,b0_resfinder,test,0.0,,,,,0.0,0.0285714285714285,0.9714285714285714,,,,,,35,0,0,35,11,23,0,0,0,0.0,,,,,0.0,0.0294117647058823,0.9705882352941176,34,10,23,0,0,0
True,ECOLI,piperacillin-tazobactam,b1_lookup,cv,0.9242424242424242,0.0,0.0,0.0449438202247191,0.9745222929936306,0.0,0.0445859872611464,0.5668789808917197,0.7264150943396226,0.2924528301886792,0.6025706503234594,0.9245283018867924,7.10828025477707,157,106,106,157,66,89,157,66,89,0.9322033898305084,0.0,0.0,0.0449438202247191,0.9741935483870968,0.0,0.064516129032258,0.5806451612903226,155,59,89,155,59,89
True,ECOLI,piperacillin-tazobactam,b1_lookup,lolo_ECOLI_ML_001,0.88,0.0,0.0,0.0,1.0,0.0,0.1142857142857142,0.2571428571428571,0.6923076923076923,0.3076923076923077,0.384,1.0,8.0,35,13,13,35,25,10,35,25,10,0.8695652173913043,0.0,0.0,0.0,1.0,0.0,0.1470588235294117,0.2647058823529412,34,23,10,34,23,10
True,ECOLI,piperacillin-tazobactam,b1_lookup,lolo_ECOLI_ML_002,0.9,0.0,0.0,0.0,1.0,0.0,0.0,0.3333333333333333,0.2857142857142857,0.2142857142857142,0.4857142857142857,0.7142857142857143,8.0,27,14,14,27,20,7,27,20,7,0.8888888888888888,0.0,0.0,0.0,1.0,0.0,0.0384615384615384,0.3461538461538461,26,18,7,26,18,7
True,ECOLI,piperacillin-tazobactam,b1_lookup,test,0.8181818181818182,0.0,0.0,0.0,1.0,0.0,0.0,0.7428571428571429,0.7083333333333334,0.3333333333333333,0.9466403162055336,1.0,8.0,35,24,24,35,11,23,35,11,23,0.8,0.0,0.0,0.0,1.0,0.0,0.0,0.7647058823529411,34,10,23,34,10,23
True,ECOLI,piperacillin-tazobactam,b2_xgb_steps,cv,0.303030303030303,0.106060606060606,0.0,0.7640449438202247,0.4968152866242038,0.0,0.1783439490445859,0.6942675159235668,0.8018867924528302,0.3584905660377358,0.914368403132448,0.9339622641509434,4.0,157,106,106,157,66,89,157,66,89,0.2542372881355932,0.1186440677966101,0.0,0.7640449438202247,0.4903225806451612,0.0,0.2,0.7032258064516129,155,59,89,155,59,89
True,ECOLI,piperacillin-tazobactam,b2_xgb_steps,lolo_ECOLI_ML_001,1.0,1.0,0.0,0.7,0.0857142857142857,0.0,0.0285714285714285,0.2571428571428571,0.4615384615384615,0.1538461538461538,0.4,0.6923076923076923,4.0,35,13,13,35,25,10,35,25,10,1.0,1.0,0.0,0.7,0.088235294117647,0.0,0.0588235294117647,0.2647058823529412,34,23,10,34,23,10
True,ECOLI,piperacillin-tazobactam,b2_xgb_steps,lolo_ECOLI_ML_002,1.0,0.25,0.0,0.8571428571428571,0.5925925925925926,0.0,0.0,0.2592592592592592,0.5,0.1428571428571428,0.8607142857142857,0.7142857142857143,4.0,27,14,14,27,20,7,27,20,7,1.0,0.2777777777777778,0.0,0.8571428571428571,0.5769230769230769,0.0,0.0384615384615384,0.2692307692307692,26,18,7,26,18,7
True,ECOLI,piperacillin-tazobactam,b2_xgb_steps,test,0.6363636363636364,0.0909090909090909,0.0,0.8695652173913043,0.3142857142857143,0.0,0.0,0.8,0.7916666666666666,0.2916666666666667,0.9426877470355732,0.9166666666666666,4.0,35,24,24,35,11,23,35,11,23,0.6,0.1,0.0,0.8695652173913043,0.2941176470588235,0.0,0.0,0.8235294117647058,34,10,23,34,10,23
True,KPNEU,ceftriaxone,aft_known,cv,0.0080321285140562,0.0,0.0444444444444444,0.9555555555555556,0.0,0.0,0.0023310023310023,0.993006993006993,0.7708333333333334,0.2638888888888889,0.9998215082552432,0.9583333333333334,4.0,429,144,144,429,249,180,429,249,180,0.0080321285140562,0.0,0.0444444444444444,0.9555555555555556,0.0,0.0,0.0023310023310023,0.993006993006993,429,249,180,429,249,180
True,KPNEU,ceftriaxone,aft_known,lolo_KPNEU_ML_001,0.0128205128205128,0.0,0.1666666666666666,0.8333333333333334,0.0,0.0,0.0,0.988095238095238,0.8214285714285714,0.3214285714285714,0.998931623931624,0.8928571428571429,4.0,84,28,28,84,78,6,84,78,6,0.0128205128205128,0.0,0.1666666666666666,0.8333333333333334,0.0,0.0,0.0,0.988095238095238,84,78,6,84,78,6
True,KPNEU,ceftriaxone,aft_known,lolo_KPNEU_ML_002,0.0,0.0,0.0,1.0,0.0,0.0,0.0,1.0,0.9411764705882352,0.7058823529411765,1.0,1.0,4.0,76,17,17,76,68,8,76,68,8,0.0,0.0,0.0,1.0,0.0,0.0,0.0,1.0,76,68,8,76,68,8
True,KPNEU,ceftriaxone,aft_known,test,0.0,0.0,0.0232558139534883,0.9767441860465116,0.0,0.0,0.0,1.0,0.5161290322580645,0.2903225806451613,1.0,0.967741935483871,4.0,81,31,31,81,38,43,81,38,43,0.0,0.0,0.0232558139534883,0.9767441860465116,0.0,0.0,0.0,1.0,81,38,43,81,38,43
True,KPNEU,ceftriaxone,aft_known_unitig,cv,0.0120481927710843,0.0,0.0444444444444444,0.9444444444444444,0.0046620046620046,0.0,0.0139860139860139,0.9790209790209792,0.6319444444444444,0.2083333333333333,0.9994533690316822,0.9375,4.0,429,144,144,429,249,180,429,249,180,0.0120481927710843,0.0,0.0444444444444444,0.9444444444444444,0.0046620046620046,0.0,0.0139860139860139,0.9790209790209792,429,249,180,429,249,180
True,KPNEU,ceftriaxone,aft_known_unitig,lolo_KPNEU_ML_001,0.0128205128205128,0.0,0.1666666666666666,0.3333333333333333,0.0357142857142857,0.0,0.0,0.988095238095238,0.75,0.3571428571428571,1.0,0.9642857142857144,4.0,84,28,28,84,78,6,84,78,6,0.0128205128205128,0.0,0.1666666666666666,0.3333333333333333,0.0357142857142857,0.0,0.0,0.988095238095238,84,78,6,84,78,6
True,KPNEU,ceftriaxone,aft_known_unitig,lolo_KPNEU_ML_002,0.0,0.0,0.0,1.0,0.0,0.0,0.0,1.0,0.8235294117647058,0.4117647058823529,1.0,1.0,4.0,76,17,17,76,68,8,76,68,8,0.0,0.0,0.0,1.0,0.0,0.0,0.0,1.0,76,68,8,76,68,8
True,KPNEU,ceftriaxone,aft_known_unitig,test,0.0263157894736842,0.0,0.0232558139534883,0.9767441860465116,0.0,0.0,0.0,0.9876543209876544,0.6129032258064516,0.3548387096774194,1.0,0.967741935483871,4.0,81,31,31,81,38,43,81,38,43,0.0263157894736842,0.0,0.0232558139534883,0.9767441860465116,0.0,0.0,0.0,0.9876543209876544,81,38,43,81,38,43
True,KPNEU,ceftriaxone,b0_resfinder,cv,0.0,,,,,0.0,0.0,1.0,,,,,,429,0,0,429,249,180,0,0,0,0.0,,,,,0.0,0.0,1.0,429,249,180,0,0,0
True,KPNEU,ceftriaxone,b0_resfinder,test,0.0,,,,,0.0,0.0,1.0,,,,,,81,0,0,81,38,43,0,0,0,0.0,,,,,0.0,0.0,1.0,81,38,43,0,0,0
True,KPNEU,ceftriaxone,b1_lookup,cv,0.0,0.0,0.0444444444444444,0.1666666666666666,0.331002331002331,0.1388888888888889,0.0,0.9417249417249416,0.6944444444444444,0.2083333333333333,0.9403614457831324,0.9513888888888888,9.198135198135198,429,144,144,429,249,180,429,249,180,0.0,0.0,0.0444444444444444,0.1666666666666666,0.331002331002331,0.1388888888888889,0.0,0.9417249417249416,429,249,180,429,249,180
True,KPNEU,ceftriaxone,b1_lookup,lolo_KPNEU_ML_001,0.7692307692307693,0.0,0.1666666666666666,0.0,0.0595238095238095,0.0,0.0,0.2857142857142857,0.2142857142857142,0.0714285714285714,0.7435897435897436,1.0,10.0,84,28,28,84,78,6,84,78,6,0.7692307692307693,0.0,0.1666666666666666,0.0,0.0595238095238095,0.0,0.0,0.2857142857142857,84,78,6,84,78,6
True,KPNEU,ceftriaxone,b1_lookup,lolo_KPNEU_ML_002,0.0,0.0,0.0,0.0,0.1052631578947368,0.625,0.0,0.9342105263157896,0.5294117647058824,0.2941176470588235,0.765625,1.0,10.0,76,17,17,76,68,8,76,68,8,0.0,0.0,0.0,0.0,0.1052631578947368,0.625,0.0,0.9342105263157896,76,68,8,76,68,8
True,KPNEU,ceftriaxone,b1_lookup,test,0.0,0.0,0.0232558139534883,0.0,0.5185185185185185,0.1162790697674418,0.0,0.9382716049382716,0.8709677419354839,0.3225806451612903,0.9709302325581396,1.0,10.0,81,31,31,81,38,43,81,38,43,0.0,0.0,0.0232558139534883,0.0,0.5185185185185185,0.1162790697674418,0.0,0.9382716049382716,81,38,43,81,38,43
True,KPNEU,ceftriaxone,b2_xgb_steps,cv,0.0160642570281124,0.0,0.0611111111111111,0.9388888888888888,0.0,0.0166666666666666,0.0,0.9836829836829836,0.9166666666666666,0.5347222222222222,0.985809906291834,0.9236111111111112,2.508158508158508,429,144,144,429,249,180,429,249,180,0.0160642570281124,0.0,0.0611111111111111,0.9388888888888888,0.0,0.0166666666666666,0.0,0.9836829836829836,429,249,180,429,249,180
True,KPNEU,ceftriaxone,b2_xgb_steps,lolo_KPNEU_ML_001,0.0128205128205128,0.0,0.1666666666666666,0.8333333333333334,0.0,0.0,0.0,0.988095238095238,0.9285714285714286,0.4642857142857143,0.9925213675213675,0.9285714285714286,2.0,84,28,28,84,78,6,84,78,6,0.0128205128205128,0.0,0.1666666666666666,0.8333333333333334,0.0,0.0,0.0,0.988095238095238,84,78,6,84,78,6
True,KPNEU,ceftriaxone,b2_xgb_steps,lolo_KPNEU_ML_002,0.0,0.0,0.0,1.0,0.0,0.0,0.0,1.0,0.9411764705882352,0.5882352941176471,1.0,0.9411764705882352,2.0,76,17,17,76,68,8,76,68,8,0.0,0.0,0.0,1.0,0.0,0.0,0.0,1.0,76,68,8,76,68,8
True,KPNEU,ceftriaxone,b2_xgb_steps,test,0.0263157894736842,0.0,0.0232558139534883,0.9767441860465116,0.0,0.0,0.0,0.9876543209876544,0.967741935483871,0.6774193548387096,0.9865361077111384,0.967741935483871,2.0,81,31,31,81,38,43,81,38,43,0.0263157894736842,0.0,0.0232558139534883,0.9767441860465116,0.0,0.0,0.0,0.9876543209876544,81,38,43,81,38,43
True,KPNEU,ciprofloxacin,aft_known,cv,0.0307692307692307,0.0,0.0043290043290043,0.7402597402597403,0.2857142857142857,0.0043290043290043,0.0758928571428571,0.9084821428571428,0.80625,0.353125,0.993872793872794,0.9375,4.0,448,320,320,448,195,231,448,195,231,0.0307692307692307,0.0,0.0043290043290043,0.7402597402597403,0.2857142857142857,0.0043290043290043,0.0758928571428571,0.9084821428571428,448,195,231,448,195,231
True,KPNEU,ciprofloxacin,aft_known,lolo_KPNEU_ML_001,0.0133333333333333,0.0,0.0,0.5,0.2282608695652173,0.0,0.1195652173913043,0.8695652173913043,0.7368421052631579,0.3157894736842105,0.9933333333333334,0.912280701754386,4.0,92,57,57,92,75,8,92,75,8,0.0133333333333333,0.0,0.0,0.5,0.2282608695652173,0.0,0.1195652173913043,0.8695652173913043,92,75,8,92,75,8
True,KPNEU,ciprofloxacin,aft_known,lolo_KPNEU_ML_002,0.0,0.0,0.0,0.4375,0.3947368421052631,0.0625,0.0394736842105263,0.9473684210526316,0.8636363636363636,0.4090909090909091,0.9936440677966102,0.9545454545454546,4.0,76,44,44,76,59,16,76,59,16,0.0,0.0,0.0,0.4375,0.3947368421052631,0.0625,0.0394736842105263,0.9473684210526316,76,59,16,76,59,16
True,KPNEU,ciprofloxacin,aft_known,test,0.0714285714285714,0.0714285714285714,0.0,0.639344262295082,0.3625,0.0163934426229508,0.1,0.875,0.7384615384615385,0.2,0.9537470725995316,0.9384615384615383,4.0,80,65,65,80,14,61,80,14,61,0.0714285714285714,0.0714285714285714,0.0,0.639344262295082,0.3625,0.0163934426229508,0.1,0.875,80,14,61,80,14,61
True,KPNEU,ciprofloxacin,aft_known_unitig,cv,0.0102564102564102,0.0,0.0043290043290043,0.8484848484848485,0.1808035714285714,0.0043290043290043,0.0513392857142857,0.9419642857142856,0.9375,0.48125,0.9982572982572984,0.9375,2.0,448,320,320,448,195,231,448,195,231,0.0102564102564102,0.0,0.0043290043290043,0.8484848484848485,0.1808035714285714,0.0043290043290043,0.0513392857142857,0.9419642857142856,448,195,231,448,195,231
True,KPNEU,ciprofloxacin,aft_known_unitig,lolo_KPNEU_ML_001,0.0133333333333333,0.0,0.0,0.375,0.217391304347826,0.0,0.0978260869565217,0.8913043478260869,0.9298245614035088,0.5087719298245614,0.9941666666666666,0.9298245614035088,2.0,92,57,57,92,75,8,92,75,8,0.0133333333333333,0.0,0.0,0.375,0.217391304347826,0.0,0.0978260869565217,0.8913043478260869,92,75,8,92,75,8
True,KPNEU,ciprofloxacin,aft_known_unitig,lolo_KPNEU_ML_002,0.0,0.0,0.0,0.625,0.2368421052631578,0.0,0.0263157894736842,0.9736842105263158,1.0,0.4318181818181818,1.0,1.0,2.0,76,44,44,76,59,16,76,59,16,0.0,0.0,0.0,0.625,0.2368421052631578,0.0,0.0263157894736842,0.9736842105263158,76,59,16,76,59,16
True,KPNEU,ciprofloxacin,aft_known_unitig,test,0.0,0.0,0.0163934426229508,0.8524590163934426,0.225,0.0163934426229508,0.0625,0.925,0.9384615384615383,0.4153846153846154,0.9923887587822012,0.9384615384615383,2.0,80,65,65,80,14,61,80,14,61,0.0,0.0,0.0163934426229508,0.8524590163934426,0.225,0.0163934426229508,0.0625,0.925,80,14,61,80,14,61
True,KPNEU,ciprofloxacin,b0_resfinder,cv,0.4256410256410256,,,,,0.2337662337662337,0.0491071428571428,0.6450892857142857,,,,,,448,0,0,448,195,231,0,0,0,0.4256410256410256,,,,,0.2337662337662337,0.0491071428571428,0.6450892857142857,448,195,231,0,0,0
True,KPNEU,ciprofloxacin,b0_resfinder,test,0.4285714285714285,,,,,0.2950819672131147,0.0625,0.6375,,,,,,80,0,0,80,14,61,0,0,0,0.4285714285714285,,,,,0.2950819672131147,0.0625,0.6375,80,14,61,0,0,0
True,KPNEU,ciprofloxacin,b1_lookup,cv,0.5435897435897435,0.0,0.0,0.0,0.9776785714285714,0.0086580086580086,0.1361607142857142,0.6227678571428571,0.584375,0.284375,0.8661893661893663,0.925,9.316964285714286,448,320,320,448,195,231,448,195,231,0.5435897435897435,0.0,0.0,0.0,0.9776785714285714,0.0086580086580086,0.1361607142857142,0.6227678571428571,448,195,231,448,195,231
True,KPNEU,ciprofloxacin,b1_lookup,lolo_KPNEU_ML_001,0.7466666666666667,0.0,0.0,0.0,0.9021739130434784,0.0,0.0978260869565217,0.2934782608695652,0.2105263157894736,0.087719298245614,0.72,0.631578947368421,8.0,92,57,57,92,75,8,92,75,8,0.7466666666666667,0.0,0.0,0.0,0.9021739130434784,0.0,0.0978260869565217,0.2934782608695652,92,75,8,92,75,8
True,KPNEU,ciprofloxacin,b1_lookup,lolo_KPNEU_ML_002,0.6610169491525424,0.0,0.0,0.125,0.9210526315789472,0.0,0.0131578947368421,0.4736842105263157,0.4318181818181818,0.2045454545454545,0.7314618644067796,0.8636363636363636,8.0,76,44,44,76,59,16,76,59,16,0.6610169491525424,0.0,0.0,0.125,0.9210526315789472,0.0,0.0131578947368421,0.4736842105263157,76,59,16,76,59,16
True,KPNEU,ciprofloxacin,b1_lookup,test,0.5,0.0,0.0,0.0163934426229508,0.975,0.0163934426229508,0.075,0.825,0.7384615384615385,0.2923076923076923,0.8747072599531617,1.0,8.0,80,65,65,80,14,61,80,14,61,0.5,0.0,0.0,0.0163934426229508,0.975,0.0163934426229508,0.075,0.825,80,14,61,80,14,61
True,KPNEU,ciprofloxacin,b2_xgb_steps,cv,0.0358974358974358,0.0,0.0,0.5670995670995671,0.5513392857142857,0.0216450216450216,0.0625,0.9107142857142856,0.7875,0.421875,0.9908313908313908,0.946875,5.504464285714286,448,320,320,448,195,231,448,195,231,0.0358974358974358,0.0,0.0,0.5670995670995671,0.5513392857142857,0.0216450216450216,0.0625,0.9107142857142856,448,195,231,448,195,231
True,KPNEU,ciprofloxacin,b2_xgb_steps,lolo_KPNEU_ML_001,0.0266666666666666,0.0,0.0,0.5,0.717391304347826,0.0,0.0978260869565217,0.8804347826086957,0.7543859649122807,0.3508771929824561,0.9941666666666666,0.9649122807017544,6.0,92,57,57,92,75,8,92,75,8,0.0266666666666666,0.0,0.0,0.5,0.717391304347826,0.0,0.0978260869565217,0.8804347826086957,92,75,8,92,75,8
True,KPNEU,ciprofloxacin,b2_xgb_steps,lolo_KPNEU_ML_002,0.0,0.0,0.0,0.375,0.6973684210526315,0.125,0.0657894736842105,0.9078947368421052,0.7954545454545454,0.4545454545454545,0.9713983050847458,0.9772727272727272,6.0,76,44,44,76,59,16,76,59,16,0.0,0.0,0.0,0.375,0.6973684210526315,0.125,0.0657894736842105,0.9078947368421052,76,59,16,76,59,16
True,KPNEU,ciprofloxacin,b2_xgb_steps,test,0.0714285714285714,0.0,0.0,0.4918032786885246,0.5625,0.0491803278688524,0.0625,0.8875,0.7538461538461538,0.3692307692307692,0.9631147540983608,0.953846153846154,6.0,80,65,65,80,14,61,80,14,61,0.0714285714285714,0.0,0.0,0.4918032786885246,0.5625,0.0491803278688524,0.0625,0.8875,80,14,61,80,14,61
True,KPNEU,gentamicin,aft_known,cv,0.02,0.02,0.0,0.9845360824742267,0.2716981132075471,0.0051546391752577,0.1320754716981132,0.8603773584905661,0.9497206703910616,0.5921787709497207,0.9751030927835052,0.9497206703910616,2.0,265,179,179,265,50,194,265,50,194,0.025,0.025,0.0,0.9845360824742267,0.2661596958174905,0.0051546391752577,0.1216730038022813,0.870722433460076,263,40,194,263,40,194
True,KPNEU,gentamicin,aft_known,lolo_KPNEU_ML_001,0.0,0.0,0.0,0.9117647058823528,0.392156862745098,0.0,0.3137254901960784,0.6862745098039216,1.0,0.7333333333333333,0.9558823529411764,1.0,2.0,51,30,30,51,13,34,51,13,34,0.0,0.0,0.0,0.9117647058823528,0.3673469387755102,0.0,0.1632653061224489,0.8367346938775511,49,5,34,49,5,34
True,KPNEU,gentamicin,aft_known,lolo_KPNEU_ML_002,0.0,0.0,0.0,1.0,0.4615384615384615,0.0,0.3076923076923077,0.6923076923076923,0.8974358974358975,0.4358974358974359,1.0,0.8974358974358975,2.0,52,39,39,52,14,28,52,14,28,0.0,0.0,0.0,1.0,0.4615384615384615,0.0,0.3076923076923077,0.6923076923076923,52,14,28,52,14,28
True,KPNEU,gentamicin,aft_known,test,0.0,0.0,0.0,1.0,0.1320754716981132,0.0,0.0188679245283018,0.981132075471698,0.95,0.7,1.0,0.95,2.0,53,40,40,53,7,45,53,7,45,0.0,0.0,0.0,1.0,0.1320754716981132,0.0,0.0188679245283018,0.981132075471698,53,7,45,53,7,45
True,KPNEU,gentamicin,aft_known_unitig,cv,0.02,0.02,0.0,0.9845360824742267,0.2754716981132075,0.0103092783505154,0.1584905660377358,0.8301886792452831,0.9385474860335196,0.5195530726256983,0.983298969072165,0.9385474860335196,2.0,265,179,179,265,50,194,265,50,194,0.025,0.025,0.0,0.9845360824742267,0.2699619771863117,0.0103092783505154,0.1330798479087452,0.8555133079847909,263,40,194,263,40,194
True,KPNEU,gentamicin,aft_known_unitig,lolo_KPNEU_ML_001,0.0,0.0,0.0,0.9117647058823528,0.392156862745098,0.0294117647058823,0.2745098039215686,0.7058823529411765,0.9666666666666668,0.6666666666666666,0.9479638009049772,0.9666666666666668,2.0,51,30,30,51,13,34,51,13,34,0.0,0.0,0.0,0.9117647058823528,0.3673469387755102,0.0294117647058823,0.1836734693877551,0.7959183673469388,49,5,34,49,5,34
True,KPNEU,gentamicin,aft_known_unitig,lolo_KPNEU_ML_002,0.0,0.0,0.0,1.0,0.4615384615384615,0.0,0.2884615384615384,0.7115384615384616,0.9230769230769232,0.6410256410256411,1.0,0.9230769230769232,2.0,52,39,39,52,14,28,52,14,28,0.0,0.0,0.0,1.0,0.4615384615384615,0.0,0.2884615384615384,0.7115384615384616,52,14,28,52,14,28
True,KPNEU,gentamicin,aft_known_unitig,test,0.0,0.0,0.0,1.0,0.1132075471698113,0.0,0.0377358490566037,0.9622641509433962,0.975,0.625,1.0,0.975,2.0,53,40,40,53,7,45,53,7,45,0.0,0.0,0.0,1.0,0.1132075471698113,0.0,0.0377358490566037,0.9622641509433962,53,7,45,53,7,45
True,KPNEU,gentamicin,b0_resfinder,cv,1.0,,,,,0.0,0.0792452830188679,0.7320754716981132,,,,,,265,0,0,265,50,194,0,0,0,1.0,,,,,0.0,0.1102661596958174,0.7376425855513308,263,40,194,0,0,0
True,KPNEU,gentamicin,b0_resfinder,test,1.0,,,,,0.0,0.0188679245283018,0.8490566037735849,,,,,,53,0,0,53,7,45,0,0,0,1.0,,,,,0.0,0.0188679245283018,0.8490566037735849,53,7,45,0,0,0
True,KPNEU,gentamicin,b1_lookup,cv,0.76,0.0,0.0,0.0309278350515463,0.9773584905660376,0.0051546391752577,0.0792452830188679,0.7735849056603774,0.7094972067039106,0.5307262569832403,0.6368041237113402,0.9217877094972068,7.494339622641509,265,179,179,265,50,194,265,50,194,0.725,0.0,0.0,0.0309278350515463,0.9771863117870724,0.0051546391752577,0.1026615969581749,0.7832699619771863,263,40,194,263,40,194
True,KPNEU,gentamicin,b1_lookup,lolo_KPNEU_ML_001,0.8461538461538461,0.0,0.0,0.0,1.0,0.0,0.1372549019607843,0.6470588235294118,0.5,0.4,0.5746606334841629,1.0,8.0,51,30,30,51,13,34,51,13,34,0.8,0.0,0.0,0.0,1.0,0.0,0.2244897959183673,0.6938775510204082,49,5,34,49,5,34
True,KPNEU,gentamicin,b1_lookup,lolo_KPNEU_ML_002,0.9285714285714286,0.0,0.0,0.0,1.0,0.0,0.173076923076923,0.5769230769230769,0.5384615384615384,0.4358974358974359,0.5854591836734694,0.9230769230769232,8.0,52,39,39,52,14,28,52,14,28,0.9285714285714286,0.0,0.0,0.0,1.0,0.0,0.173076923076923,0.5769230769230769,52,14,28,52,14,28
True,KPNEU,gentamicin,b1_lookup,test,0.2857142857142857,0.0,0.0,0.0,1.0,0.0,0.0188679245283018,0.9433962264150944,0.9,0.725,0.8571428571428572,0.975,8.0,53,40,40,53,7,45,53,7,45,0.2857142857142857,0.0,0.0,0.0,1.0,0.0,0.0188679245283018,0.9433962264150944,53,7,45,53,7,45
True,KPNEU,gentamicin,b2_xgb_steps,cv,0.02,0.02,0.0,0.9845360824742267,0.2641509433962264,0.0051546391752577,0.1547169811320754,0.8377358490566038,0.9608938547486032,0.6536312849162011,0.9825257731958762,0.9608938547486032,2.0,265,179,179,265,50,194,265,50,194,0.025,0.025,0.0,0.9845360824742267,0.2585551330798479,0.0051546391752577,0.1444866920152091,0.8479087452471483,263,40,194,263,40,194
True,KPNEU,gentamicin,b2_xgb_steps,lolo_KPNEU_ML_001,0.0,0.0,0.0,0.9117647058823528,0.3725490196078431,0.0294117647058823,0.2156862745098039,0.7647058823529411,0.9333333333333332,0.5666666666666667,0.9615384615384616,0.9333333333333332,2.0,51,30,30,51,13,34,51,13,34,0.0,0.0,0.0,0.9117647058823528,0.3469387755102041,0.0294117647058823,0.2244897959183673,0.7551020408163265,49,5,34,49,5,34
True,KPNEU,gentamicin,b2_xgb_steps,lolo_KPNEU_ML_002,0.0,0.0,0.0,1.0,0.4615384615384615,0.0,0.3076923076923077,0.6923076923076923,0.9487179487179488,0.5641025641025641,1.0,0.9487179487179488,2.0,52,39,39,52,14,28,52,14,28,0.0,0.0,0.0,1.0,0.4615384615384615,0.0,0.3076923076923077,0.6923076923076923,52,14,28,52,14,28
True,KPNEU,gentamicin,b2_xgb_steps,test,0.0,0.0,0.0,1.0,0.1509433962264151,0.0,0.0,1.0,0.975,0.725,1.0,0.975,2.0,53,40,40,53,7,45,53,7,45,0.0,0.0,0.0,1.0,0.1509433962264151,0.0,0.0,1.0,53,7,45,53,7,45
True,KPNEU,meropenem,aft_known,cv,0.0063694267515923,0.0,0.0218181818181818,0.9709090909090908,0.0044150110375275,0.0036363636363636,0.0596026490066225,0.93598233995585,0.7085427135678392,0.2261306532663316,0.9994788650839606,0.964824120603015,4.0,453,199,199,453,157,275,453,157,275,0.0057142857142857,0.0,0.0152091254752851,0.9771863117870724,0.004524886877828,0.0038022813688212,0.0271493212669683,0.9683257918552036,442,175,263,442,175,263
True,KPNEU,meropenem,aft_known,lolo_KPNEU_ML_001,0.0,0.0,0.0555555555555555,0.9444444444444444,0.0,0.0,0.0681818181818181,0.9318181818181818,0.7368421052631579,0.2894736842105263,1.0,0.9210526315789472,4.0,88,38,38,88,64,18,88,64,18,0.0,0.0,0.0,1.0,0.0,0.0,0.0,1.0,87,70,17,87,70,17
True,KPNEU,meropenem,aft_known,lolo_KPNEU_ML_002,0.0,0.0,0.0555555555555555,0.8333333333333334,0.0259740259740259,0.0,0.0649350649350649,0.935064935064935,0.85,0.3,1.0,1.0,4.0,77,40,40,77,55,18,77,55,18,0.0,0.0,0.0625,0.8125,0.0266666666666666,0.0,0.0133333333333333,0.9866666666666668,75,59,16,75,59,16
True,KPNEU,meropenem,aft_known,test,0.0,0.0,0.0163934426229508,0.9672131147540984,0.0119047619047619,0.0,0.0952380952380952,0.9047619047619048,0.7777777777777778,0.2222222222222222,0.9995178399228544,0.9444444444444444,4.0,84,36,36,84,17,61,84,17,61,0.0,0.0,0.0172413793103448,0.9827586206896552,0.0,0.0,0.0246913580246913,0.9753086419753086,81,23,58,81,23,58
True,KPNEU,meropenem,aft_known_unitig,cv,0.0063694267515923,0.0,0.0218181818181818,0.9672727272727272,0.0066225165562913,0.0036363636363636,0.0706401766004415,0.9249448123620309,0.7487437185929648,0.2864321608040201,0.9992009264620728,0.9748743718592964,4.0,453,199,199,453,157,275,453,157,275,0.0057142857142857,0.0,0.0152091254752851,0.973384030418251,0.006787330316742,0.0,0.0429864253393665,0.9547511312217196,442,175,263,442,175,263
True,KPNEU,meropenem,aft_known_unitig,lolo_KPNEU_ML_001,0.0,0.0,0.0555555555555555,0.9444444444444444,0.0,0.0,0.0795454545454545,0.9204545454545454,0.5789473684210527,0.1842105263157894,1.0,0.9736842105263158,4.0,88,38,38,88,64,18,88,64,18,0.0,0.0,0.0,1.0,0.0,0.0,0.0,1.0,87,70,17,87,70,17
True,KPNEU,meropenem,aft_known_unitig,lolo_KPNEU_ML_002,0.0,0.0,0.0555555555555555,0.8888888888888888,0.0129870129870129,0.0,0.0779220779220779,0.922077922077922,0.8,0.5,1.0,0.975,4.0,77,40,40,77,55,18,77,55,18,0.0,0.0,0.0625,0.875,0.0133333333333333,0.0,0.0266666666666666,0.9733333333333334,75,59,16,75,59,16
True,KPNEU,meropenem,aft_known_unitig,test,0.0,0.0,0.0163934426229508,0.9836065573770492,0.0,0.0,0.0833333333333333,0.9166666666666666,0.75,0.1388888888888889,1.0,1.0,4.0,84,36,36,84,17,61,84,17,61,0.0,0.0,0.0172413793103448,0.9827586206896552,0.0,0.0,0.0123456790123456,0.9876543209876544,81,23,58,81,23,58
True,KPNEU,meropenem,b0_resfinder,cv,0.0,,,,,0.0218181818181818,0.0463576158940397,0.9403973509933776,,,,,,453,0,0,453,157,275,0,0,0,0.0,,,,,0.0152091254752851,0.0090497737556561,0.9819004524886876,442,175,263,0,0,0
True,KPNEU,meropenem,b0_resfinder,test,0.0,,,,,0.0163934426229508,0.0714285714285714,0.9166666666666666,,,,,,84,0,0,84,17,61,0,0,0,0.0,,,,,0.0172413793103448,0.0,0.9876543209876544,81,23,58,0,0,0
True,KPNEU,meropenem,b1_lookup,cv,0.6878980891719745,0.0,0.0218181818181818,0.0,0.5938189845474614,0.0072727272727272,0.0463576158940397,0.7108167770419426,0.6030150753768844,0.2060301507537688,0.8136768963520555,0.9045226130653268,15.346578366445916,453,199,199,453,157,275,453,157,275,0.6514285714285715,0.0,0.0152091254752851,0.0,0.5859728506787331,0.0038022813688212,0.0135746606334841,0.7262443438914027,442,175,263,442,175,263
True,KPNEU,meropenem,b1_lookup,lolo_KPNEU_ML_001,0.765625,0.0,0.0555555555555555,0.0,0.1931818181818181,0.0,0.0681818181818181,0.375,0.2894736842105263,0.131578947368421,0.6597222222222221,0.868421052631579,16.0,88,38,38,88,64,18,88,64,18,0.7428571428571429,0.0,0.0,0.0,0.1954022988505747,0.0,0.0,0.4022988505747126,87,70,17,87,70,17
True,KPNEU,meropenem,b1_lookup,lolo_KPNEU_ML_002,0.6363636363636364,0.0,0.0555555555555555,0.0,0.2207792207792207,0.0,0.0519480519480519,0.4935064935064935,0.45,0.25,0.6818181818181819,0.925,16.0,77,40,40,77,55,18,77,55,18,0.6101694915254238,0.0,0.0625,0.0,0.2,0.0,0.0,0.52,75,59,16,75,59,16
True,KPNEU,meropenem,b1_lookup,test,0.7647058823529411,0.0,0.0163934426229508,0.0,0.7142857142857143,0.0,0.0714285714285714,0.7738095238095238,0.75,0.3611111111111111,0.8182256509161041,1.0,16.0,84,36,36,84,17,61,84,17,61,0.6521739130434783,0.0,0.0172413793103448,0.0,0.7037037037037037,0.0,0.0,0.8148148148148148,81,23,58,81,23,58
True,KPNEU,meropenem,b2_xgb_steps,cv,0.1783439490445859,0.0,0.0254545454545454,0.730909090909091,0.1479028697571744,0.029090909090909,0.0485651214128035,0.8719646799116998,0.7989949748743719,0.5025125628140703,0.9655935147654892,0.9095477386934674,6.993377483443709,453,199,199,453,157,275,453,157,275,0.1714285714285714,0.0,0.0152091254752851,0.7376425855513308,0.1470588235294117,0.0190114068441064,0.0113122171945701,0.9095022624434388,442,175,263,442,175,263
True,KPNEU,meropenem,b2_xgb_steps,lolo_KPNEU_ML_001,0.015625,0.0,0.0555555555555555,0.9444444444444444,0.0,0.0,0.0681818181818181,0.9204545454545454,0.6842105263157895,0.2894736842105263,0.9978298611111112,1.0,6.0,88,38,38,88,64,18,88,64,18,0.0142857142857142,0.0,0.0,1.0,0.0,0.0,0.0,0.9885057471264368,87,70,17,87,70,17
True,KPNEU,meropenem,b2_xgb_steps,lolo_KPNEU_ML_002,0.2545454545454545,0.0,0.0555555555555555,0.6666666666666666,0.0649350649350649,0.1666666666666666,0.0519480519480519,0.7272727272727273,0.65,0.35,0.8994949494949496,0.825,6.0,77,40,40,77,55,18,77,55,18,0.2372881355932203,0.0,0.0625,0.6875,0.0533333333333333,0.125,0.0,0.7866666666666666,75,59,16,75,59,16
True,KPNEU,meropenem,b2_xgb_steps,test,0.1764705882352941,0.0,0.0163934426229508,0.9836065573770492,0.0,0.0163934426229508,0.0714285714285714,0.8809523809523809,0.8888888888888888,0.6111111111111112,0.9681774349083896,0.9444444444444444,6.0,84,36,36,84,17,61,84,17,61,0.1304347826086956,0.0,0.0172413793103448,0.9827586206896552,0.0,0.0172413793103448,0.0,0.9506172839506172,81,23,58,81,23,58
True,KPNEU,piperacillin-tazobactam,aft_known,cv,0.0413223140495867,0.0,0.0,0.8597560975609756,0.1433447098976109,0.0060975609756097,0.0409556313993174,0.938566552901024,0.9142857142857144,0.4228571428571429,0.9970268091110664,0.9257142857142856,2.42320819112628,293,175,175,293,121,164,293,121,164,0.0,0.0,0.0,0.8597560975609756,0.140893470790378,0.0060975609756097,0.0618556701030927,0.9347079037800688,291,113,164,291,113,164
True,KPNEU,piperacillin-tazobactam,aft_known,lolo_KPNEU_ML_001,0.0,0.0,0.0,0.8181818181818182,0.0909090909090909,0.0,0.0545454545454545,0.9454545454545454,0.9411764705882352,0.2352941176470588,1.0,0.9411764705882352,2.0,55,17,17,55,42,11,55,42,11,0.0,0.0,0.0,0.8181818181818182,0.0925925925925925,0.0,0.0555555555555555,0.9444444444444444,54,41,11,54,41,11
True,KPNEU,piperacillin-tazobactam,aft_known,lolo_KPNEU_ML_002,0.0227272727272727,0.0,0.0,0.1666666666666666,0.14,0.0,0.04,0.94,0.8181818181818182,0.1818181818181818,0.9867424242424242,0.8181818181818182,2.0,50,11,11,50,44,6,50,44,6,0.0,0.0,0.0,0.1666666666666666,0.14,0.0,0.08,0.92,50,42,6,50,42,6
True,KPNEU,piperacillin-tazobactam,aft_known,test,0.0666666666666666,0.0,0.0357142857142857,0.8214285714285714,0.1162790697674418,0.0357142857142857,0.0,0.9534883720930232,0.896551724137931,0.3793103448275862,0.9916666666666666,0.896551724137931,2.0,43,29,29,43,15,28,43,15,28,0.0,0.0,0.0357142857142857,0.8214285714285714,0.1162790697674418,0.0357142857142857,0.0232558139534883,0.9534883720930232,43,14,28,43,14,28
True,KPNEU,piperacillin-tazobactam,aft_known_unitig,cv,0.024793388429752,0.0,0.0,0.6463414634146342,0.3378839590443686,0.0,0.068259385665529,0.9215017064846416,0.7771428571428571,0.3828571428571428,0.9963213061882684,0.9714285714285714,4.0,293,175,175,293,121,164,293,121,164,0.0088495575221238,0.0,0.0,0.6463414634146342,0.3367697594501718,0.0,0.0652920962199312,0.9312714776632304,291,113,164,291,113,164
True,KPNEU,piperacillin-tazobactam,aft_known_unitig,lolo_KPNEU_ML_001,0.0,0.0,0.0,1.0,0.2545454545454545,0.0,0.0181818181818181,0.9818181818181818,0.4117647058823529,0.1176470588235294,1.0,1.0,4.0,55,17,17,55,42,11,55,42,11,0.0,0.0,0.0,1.0,0.2592592592592592,0.0,0.0185185185185185,0.9814814814814816,54,41,11,54,41,11
True,KPNEU,piperacillin-tazobactam,aft_known_unitig,lolo_KPNEU_ML_002,0.0,0.0,0.0,0.0,0.22,0.0,0.12,0.88,0.9090909090909092,0.4545454545454545,0.990530303030303,1.0,4.0,50,11,11,50,44,6,50,44,6,0.0,0.0,0.0,0.0,0.22,0.0,0.12,0.88,50,42,6,50,42,6
True,KPNEU,piperacillin-tazobactam,aft_known_unitig,test,0.0666666666666666,0.0,0.0,0.5357142857142857,0.3953488372093023,0.0,0.0232558139534883,0.9534883720930232,0.9655172413793104,0.6206896551724138,0.9940476190476192,1.0,4.0,43,29,29,43,15,28,43,15,28,0.0,0.0,0.0,0.5357142857142857,0.3953488372093023,0.0,0.0465116279069767,0.9534883720930232,43,14,28,43,14,28
True,KPNEU,piperacillin-tazobactam,b0_resfinder,cv,0.0661157024793388,,,,,0.0,0.0273037542662116,0.9453924914675768,,,,,,293,0,0,293,121,164,0,0,0,0.0176991150442477,,,,,0.0,0.0481099656357388,0.9450171821305842,291,113,164,0,0,0
True,KPNEU,piperacillin-tazobactam,b0_resfinder,test,0.0666666666666666,,,,,0.0,0.0,0.9767441860465116,,,,,,43,0,0,43,15,28,0,0,0,0.0,,,,,0.0,0.0232558139534883,0.9767441860465116,43,14,28,0,0,0
True,KPNEU,piperacillin-tazobactam,b1_lookup,cv,0.7851239669421488,0.0,0.0,0.4146341463414634,0.726962457337884,0.0,0.0511945392491467,0.6245733788395904,0.7485714285714286,0.3371428571428571,0.7570550292279783,0.9314285714285714,5.515358361774744,293,175,175,293,121,164,293,121,164,0.7876106194690266,0.0,0.0,0.4146341463414634,0.7285223367697594,0.0,0.0652920962199312,0.6288659793814433,291,113,164,291,113,164
True,KPNEU,piperacillin-tazobactam,b1_lookup,lolo_KPNEU_ML_001,0.8333333333333334,0.0,0.0,0.0909090909090909,0.8909090909090909,0.0,0.0363636363636363,0.3272727272727272,0.6470588235294118,0.2941176470588235,0.5833333333333334,0.8823529411764706,6.0,55,17,17,55,42,11,55,42,11,0.8536585365853658,0.0,0.0,0.0909090909090909,0.9074074074074074,0.0,0.037037037037037,0.3148148148148148,54,41,11,54,41,11
True,KPNEU,piperacillin-tazobactam,b1_lookup,lolo_KPNEU_ML_002,0.8409090909090909,0.0,0.0,0.0,0.92,0.0,0.06,0.2,0.2727272727272727,0.0,0.5757575757575757,0.6363636363636364,6.0,50,11,11,50,44,6,50,44,6,0.8333333333333334,0.0,0.0,0.0,0.92,0.0,0.1,0.2,50,42,6,50,42,6
True,KPNEU,piperacillin-tazobactam,b1_lookup,test,0.8666666666666667,0.0,0.0,0.3571428571428571,0.7441860465116279,0.0,0.0465116279069767,0.6511627906976745,0.7241379310344828,0.3103448275862069,0.8357142857142857,0.9655172413793104,6.0,43,29,29,43,15,28,43,15,28,0.8571428571428571,0.0,0.0,0.3571428571428571,0.7441860465116279,0.0,0.0697674418604651,0.6511627906976745,43,14,28,43,14,28
True,KPNEU,piperacillin-tazobactam,b2_xgb_steps,cv,0.3140495867768595,0.0743801652892562,0.0060975609756097,0.6219512195121951,0.4402730375426621,0.0060975609756097,0.1706484641638225,0.6962457337883959,0.8342857142857143,0.4571428571428571,0.9140546260834508,0.9371428571428572,4.0,293,175,175,293,121,164,293,121,164,0.3008849557522124,0.0707964601769911,0.0060975609756097,0.6219512195121951,0.4432989690721649,0.0060975609756097,0.1718213058419244,0.7079037800687286,291,113,164,291,113,164
True,KPNEU,piperacillin-tazobactam,b2_xgb_steps,lolo_KPNEU_ML_001,0.1428571428571428,0.0238095238095238,0.0,0.6363636363636364,0.6181818181818182,0.0,0.4,0.4909090909090909,0.7647058823529411,0.4117647058823529,0.9393939393939392,1.0,4.0,55,17,17,55,42,11,55,42,11,0.1463414634146341,0.024390243902439,0.0,0.6363636363636364,0.6111111111111112,0.0,0.3888888888888889,0.5,54,41,11,54,41,11
True,KPNEU,piperacillin-tazobactam,b2_xgb_steps,lolo_KPNEU_ML_002,0.25,0.0227272727272727,0.1666666666666666,0.1666666666666666,0.76,0.1666666666666666,0.56,0.2,0.8181818181818182,0.4545454545454545,0.4981060606060606,0.9090909090909092,4.0,50,11,11,50,44,6,50,44,6,0.238095238095238,0.0238095238095238,0.1666666666666666,0.1666666666666666,0.76,0.1666666666666666,0.56,0.22,50,42,6,50,42,6
True,KPNEU,piperacillin-tazobactam,b2_xgb_steps,test,0.3333333333333333,0.0666666666666666,0.0,0.7142857142857143,0.3953488372093023,0.0,0.1860465116279069,0.6976744186046512,0.8620689655172413,0.3793103448275862,0.9023809523809524,1.0,4.0,43,29,29,43,15,28,43,15,28,0.2857142857142857,0.0714285714285714,0.0,0.7142857142857143,0.3953488372093023,0.0,0.2093023255813953,0.6976744186046512,43,14,28,43,14,28
