species,drug,model,split,distance_bin,bin_low,bin_high,vme_rate,me_rate,mine_rate,categorical_agreement,essential_agreement,exact_agreement,auroc,band_coverage,band_width_steps,n,n_exact,n_cat,n_lab_r,n_lab_s
ECOLI,ceftriaxone,aft_known,cv,"(0.005, 0.01]",0.005,0.01,0.0,0.0,0.0196078431372549,0.9803921568627451,0.8888888888888888,0.6666666666666666,1.0,0.9869281045751634,6.0,153,47,153,92,61
ECOLI,ceftriaxone,aft_known,cv,"(0.01, 0.02]",0.01,0.02,0.0,0.0,0.0,1.0,0.8571428571428571,0.7142857142857143,1.0,1.0,6.0,35,12,35,12,23
ECOLI,ceftriaxone,aft_known,lolo_ECOLI_ML_001,"(0.005, 0.01]",0.005,0.01,0.0,0.0,0.0,1.0,0.8421052631578947,0.7105263157894737,1.0,1.0,6.0,38,14,38,35,3
ECOLI,ceftriaxone,aft_known,lolo_ECOLI_ML_002,"(0.005, 0.01]",0.005,0.01,0.0,0.0,0.0,1.0,0.9333333333333333,0.8,1.0,1.0,6.0,30,8,30,24,6
ECOLI,ceftriaxone,aft_known,test,"(0.005, 0.01]",0.005,0.01,0.0,0.0,0.0,1.0,1.0,0.6842105263157895,1.0,1.0,6.0,19,8,19,6,13
ECOLI,ceftriaxone,aft_known,test,"(0.01, 0.02]",0.01,0.02,0.0,0.0,0.0,1.0,1.0,0.5238095238095238,1.0,1.0,6.0,21,11,21,14,7
ECOLI,ceftriaxone,aft_known_unitig,cv,"(0.005, 0.01]",0.005,0.01,0.08695652173913043,0.0,0.0196078431372549,0.9281045751633987,0.8300653594771242,0.5751633986928104,0.9911796151104776,0.9673202614379085,10.0,153,47,153,92,61
ECOLI,ceftriaxone,aft_known_unitig,cv,"(0.01, 0.02]",0.01,0.02,0.16666666666666666,0.0,0.0,0.9428571428571428,0.8571428571428571,0.5714285714285714,0.9927536231884058,1.0,10.0,35,12,35,12,23
ECOLI,ceftriaxone,aft_known_unitig,lolo_ECOLI_ML_001,"(0.005, 0.01]",0.005,0.01,0.11428571428571428,0.0,0.0,0.8947368421052632,0.6578947368421053,0.5789473684210527,0.9952380952380953,1.0,10.0,38,14,38,35,3
ECOLI,ceftriaxone,aft_known_unitig,lolo_ECOLI_ML_002,"(0.005, 0.01]",0.005,0.01,0.041666666666666664,0.0,0.06666666666666667,0.9,0.8333333333333334,0.7666666666666667,1.0,1.0,10.0,30,8,30,24,6
ECOLI,ceftriaxone,aft_known_unitig,test,"(0.005, 0.01]",0.005,0.01,0.0,0.0,0.0,1.0,0.7368421052631579,0.631578947368421,1.0,1.0,10.0,19,8,19,6,13
ECOLI,ceftriaxone,aft_known_unitig,test,"(0.01, 0.02]",0.01,0.02,0.0,0.0,0.0,1.0,0.8095238095238095,0.5238095238095238,0.9999999999999999,1.0,10.0,21,11,21,14,7
ECOLI,ceftriaxone,b1_lookup,cv,"(0.005, 0.01]",0.005,0.01,0.5652173913043478,0.04918032786885246,0.0,0.6405228758169934,0.5294117647058824,0.39215686274509803,0.8874732715609409,0.8169934640522876,14.0,153,47,153,92,61
ECOLI,ceftriaxone,b1_lookup,cv,"(0.01, 0.02]",0.01,0.02,0.0,0.17391304347826086,0.0,0.8857142857142857,0.6285714285714286,0.4857142857142857,0.8967391304347826,0.9714285714285714,14.0,35,12,35,12,23
ECOLI,ceftriaxone,b1_lookup,lolo_ECOLI_ML_001,"(0.005, 0.01]",0.005,0.01,0.8,0.0,0.0,0.2631578947368421,0.21052631578947367,0.13157894736842105,0.6,1.0,14.0,38,14,38,35,3
ECOLI,ceftriaxone,b1_lookup,lolo_ECOLI_ML_002,"(0.005, 0.01]",0.005,0.01,0.0,0.8333333333333334,0.0,0.8333333333333334,0.3,0.23333333333333334,0.6701388888888888,1.0,14.0,30,8,30,24,6
ECOLI,ceftriaxone,b1_lookup,test,"(0.005, 0.01]",0.005,0.01,0.0,0.07692307692307693,0.0,0.9473684210526315,0.8947368421052632,0.5263157894736842,0.9935897435897436,1.0,14.0,19,8,19,6,13
ECOLI,ceftriaxone,b1_lookup,test,"(0.01, 0.02]",0.01,0.02,0.0,0.0,0.0,1.0,0.6666666666666666,0.2857142857142857,1.0,1.0,14.0,21,11,21,14,7
ECOLI,ceftriaxone,b2_xgb_steps,cv,"(0.005, 0.01]",0.005,0.01,0.06521739130434782,0.18032786885245902,0.0,0.8888888888888888,0.6993464052287581,0.3202614379084967,0.9180327868852458,0.934640522875817,12.0,153,47,153,92,61
ECOLI,ceftriaxone,b2_xgb_steps,cv,"(0.01, 0.02]",0.01,0.02,0.0,0.043478260869565216,0.0,0.9714285714285714,0.9428571428571428,0.34285714285714286,0.9855072463768115,1.0,12.0,35,12,35,12,23
ECOLI,ceftriaxone,b2_xgb_steps,lolo_ECOLI_ML_001,"(0.005, 0.01]",0.005,0.01,0.08571428571428572,0.0,0.0,0.9210526315789473,0.5263157894736842,0.2631578947368421,0.9714285714285715,0.9736842105263158,12.0,38,14,38,35,3
ECOLI,ceftriaxone,b2_xgb_steps,lolo_ECOLI_ML_002,"(0.005, 0.01]",0.005,0.01,0.0,0.16666666666666666,0.0,0.9666666666666667,0.8,0.36666666666666664,0.96875,1.0,12.0,30,8,30,24,6
ECOLI,ceftriaxone,b2_xgb_steps,test,"(0.005, 0.01]",0.005,0.01,0.0,0.0,0.0,1.0,1.0,0.2631578947368421,1.0,1.0,12.0,19,8,19,6,13
ECOLI,ceftriaxone,b2_xgb_steps,test,"(0.01, 0.02]",0.01,0.02,0.0,0.0,0.0,1.0,0.9047619047619048,0.38095238095238093,1.0,1.0,12.0,21,11,21,14,7
ECOLI,ciprofloxacin,aft_known,cv,"(0.005, 0.01]",0.005,0.01,0.011904761904761904,0.0,0.044585987261146494,0.9490445859872612,0.8152866242038217,0.4140127388535032,0.9992784992784993,0.9554140127388535,4.0,157,116,157,84,66
ECOLI,ciprofloxacin,aft_known,cv,"(0.01, 0.02]",0.01,0.02,0.2857142857142857,0.0,0.03225806451612903,0.9032258064516129,0.8064516129032258,0.41935483870967744,0.8975155279503106,0.9354838709677419,4.0,31,26,31,7,23
ECOLI,ciprofloxacin,aft_known,lolo_ECOLI_ML_001,"(0.005, 0.01]",0.005,0.01,0.0,0.0,0.1,0.9,0.875,0.4,1.0,1.0,4.0,40,30,40,34,2
ECOLI,ciprofloxacin,aft_known,lolo_ECOLI_ML_002,"(0.005, 0.01]",0.005,0.01,0.0,0.0,0.03125,0.96875,0.75,0.375,1.0,0.9375,4.0,32,20,32,28,3
ECOLI,ciprofloxacin,aft_known,test,"(0.005, 0.01]",0.005,0.01,0.0,0.0,0.0,1.0,0.8,0.4,1.0,0.85,4.0,20,18,20,4,16
ECOLI,ciprofloxacin,aft_known,test,"(0.01, 0.02]",0.01,0.02,0.0,0.0,0.1,0.9,0.85,0.45,1.0,0.95,4.0,20,14,20,1,18
ECOLI,ciprofloxacin,aft_known_unitig,cv,"(0.005, 0.01]",0.005,0.01,0.023809523809523808,0.0,0.044585987261146494,0.9426751592356688,0.802547770700637,0.34394904458598724,0.9996392496392497,0.9617834394904459,4.0,157,116,157,84,66
ECOLI,ciprofloxacin,aft_known_unitig,cv,"(0.01, 0.02]",0.01,0.02,0.14285714285714285,0.0,0.06451612903225806,0.9032258064516129,0.7741935483870968,0.3548387096774194,0.984472049689441,0.967741935483871,4.0,31,26,31,7,23
ECOLI,ciprofloxacin,aft_known_unitig,lolo_ECOLI_ML_001,"(0.005, 0.01]",0.005,0.01,0.029411764705882353,0.0,0.1,0.875,0.95,0.4,1.0,1.0,4.0,40,30,40,34,2
ECOLI,ciprofloxacin,aft_known_unitig,lolo_ECOLI_ML_002,"(0.005, 0.01]",0.005,0.01,0.0,0.0,0.03125,0.96875,0.90625,0.40625,1.0,1.0,4.0,32,20,32,28,3
ECOLI,ciprofloxacin,aft_known_unitig,test,"(0.005, 0.01]",0.005,0.01,0.0,0.0,0.0,1.0,0.9,0.65,1.0,1.0,4.0,20,18,20,4,16
ECOLI,ciprofloxacin,aft_known_unitig,test,"(0.01, 0.02]",0.01,0.02,0.0,0.0,0.05,0.95,0.8,0.45,1.0,1.0,4.0,20,14,20,1,18
ECOLI,ciprofloxacin,b1_lookup,cv,"(0.005, 0.01]",0.005,0.01,0.7142857142857143,0.10606060606060606,0.07006369426751592,0.5031847133757962,0.3885350318471338,0.22929936305732485,0.6751443001443,0.8598726114649682,12.0,157,116,157,84,66
ECOLI,ciprofloxacin,b1_lookup,cv,"(0.01, 0.02]",0.01,0.02,0.0,0.43478260869565216,0.03225806451612903,0.6451612903225806,0.4838709677419355,0.22580645161290322,0.782608695652174,1.0,12.0,31,26,31,7,23
ECOLI,ciprofloxacin,b1_lookup,lolo_ECOLI_ML_001,"(0.005, 0.01]",0.005,0.01,0.7941176470588235,0.0,0.1,0.225,0.275,0.075,0.8014705882352942,1.0,12.0,40,30,40,34,2
ECOLI,ciprofloxacin,b1_lookup,lolo_ECOLI_ML_002,"(0.005, 0.01]",0.005,0.01,0.8214285714285714,0.0,0.03125,0.25,0.21875,0.03125,1.0,1.0,12.0,32,20,32,28,3
ECOLI,ciprofloxacin,b1_lookup,test,"(0.005, 0.01]",0.005,0.01,0.0,0.0,0.15,0.85,0.7,0.3,0.984375,1.0,12.0,20,18,20,4,16
ECOLI,ciprofloxacin,b1_lookup,test,"(0.01, 0.02]",0.01,0.02,0.0,0.0,0.3,0.7,0.7,0.45,1.0,1.0,12.0,20,14,20,1,18
ECOLI,ciprofloxacin,b2_xgb_steps,cv,"(0.005, 0.01]",0.005,0.01,0.011904761904761904,0.030303030303030304,0.044585987261146494,0.9363057324840764,0.8089171974522293,0.35668789808917195,0.9966630591630592,0.9426751592356688,4.0,157,116,157,84,66
ECOLI,ciprofloxacin,b2_xgb_steps,cv,"(0.01, 0.02]",0.01,0.02,0.2857142857142857,0.08695652173913043,0.06451612903225806,0.8064516129032258,0.7096774193548387,0.3548387096774194,0.860248447204969,0.8064516129032258,4.0,31,26,31,7,23
ECOLI,ciprofloxacin,b2_xgb_steps,lolo_ECOLI_ML_001,"(0.005, 0.01]",0.005,0.01,0.029411764705882353,0.0,0.1,0.875,0.825,0.3,1.0,0.95,4.0,40,30,40,34,2
ECOLI,ciprofloxacin,b2_xgb_steps,lolo_ECOLI_ML_002,"(0.005, 0.01]",0.005,0.01,0.0,0.0,0.0625,0.9375,0.625,0.28125,1.0,0.875,4.0,32,20,32,28,3
ECOLI,ciprofloxacin,b2_xgb_steps,test,"(0.005, 0.01]",0.005,0.01,0.0,0.0,0.0,1.0,0.8,0.5,1.0,0.85,4.0,20,18,20,4,16
ECOLI,ciprofloxacin,b2_xgb_steps,test,"(0.01, 0.02]",0.01,0.02,0.0,0.0,0.05,0.95,0.9,0.6,1.0,0.95,4.0,20,14,20,1,18
ECOLI,meropenem,aft_known,cv,"(0.005, 0.01]",0.005,0.01,0.15217391304347827,0.0,0.22875816993464052,0.7254901960784313,0.7712418300653595,0.5228758169934641,0.9797641073080481,0.9411764705882353,6.0,153,63,153,46,94
ECOLI,meropenem,aft_known,cv,"(0.01, 0.02]",0.01,0.02,0.0,0.0,0.13953488372093023,0.8604651162790697,0.7906976744186046,0.6744186046511628,0.9941176470588236,1.0,6.0,43,12,43,5,34
ECOLI,meropenem,aft_known,lolo_ECOLI_ML_001,"(0.005, 0.01]",0.005,0.01,0.0,0.0,0.11904761904761904,0.8809523809523809,0.8333333333333334,0.5714285714285714,1.0,1.0,6.0,42,16,42,21,16
ECOLI,meropenem,aft_known,lolo_ECOLI_ML_002,"(0.005, 0.01]",0.005,0.01,0.08333333333333333,0.0,0.0967741935483871,0.8709677419354839,0.967741935483871,0.7096774193548387,0.983974358974359,1.0,6.0,31,19,31,12,13
ECOLI,meropenem,aft_known,test,"(0.005, 0.01]",0.005,0.01,0.0,0.0,0.14285714285714285,0.8571428571428571,1.0,0.8095238095238095,1.0,1.0,6.0,21,5,21,1,18
ECOLI,meropenem,aft_known,test,"(0.01, 0.02]",0.01,0.02,0.0,0.0,0.15,0.85,0.95,0.6,1.0,1.0,6.0,20,11,20,6,12
ECOLI,meropenem,aft_known_unitig,cv,"(0.005, 0.01]",0.005,0.01,0.13043478260869565,0.0,0.27450980392156865,0.6862745098039216,0.6143790849673203,0.33986928104575165,0.9798797409805734,0.9607843137254902,6.0,153,63,153,46,94
ECOLI,meropenem,aft_known_unitig,cv,"(0.01, 0.02]",0.01,0.02,0.0,0.0,0.13953488372093023,0.8604651162790697,0.8372093023255814,0.6976744186046512,1.0,0.9767441860465116,6.0,43,12,43,5,34
ECOLI,meropenem,aft_known_unitig,lolo_ECOLI_ML_001,"(0.005, 0.01]",0.005,0.01,0.0,0.0,0.23809523809523808,0.7619047619047619,0.6666666666666666,0.35714285714285715,1.0,1.0,6.0,42,16,42,21,16
ECOLI,meropenem,aft_known_unitig,lolo_ECOLI_ML_002,"(0.005, 0.01]",0.005,0.01,0.08333333333333333,0.0,0.1935483870967742,0.7741935483870968,0.9354838709677419,0.5806451612903226,0.9775641025641026,1.0,6.0,31,19,31,12,13
ECOLI,meropenem,aft_known_unitig,test,"(0.005, 0.01]",0.005,0.01,0.0,0.0,0.0,1.0,1.0,0.9523809523809523,1.0,1.0,6.0,21,5,21,1,18
ECOLI,meropenem,aft_known_unitig,test,"(0.01, 0.02]",0.01,0.02,0.0,0.0,0.15,0.85,0.95,0.5,1.0,1.0,6.0,20,11,20,6,12
ECOLI,meropenem,b1_lookup,cv,"(0.005, 0.01]",0.005,0.01,0.9347826086956522,0.0,0.0915032679738562,0.6274509803921569,0.6013071895424836,0.37254901960784315,0.5218547641073081,0.8627450980392157,18.0,153,63,153,46,94
ECOLI,meropenem,b1_lookup,cv,"(0.01, 0.02]",0.01,0.02,0.8,0.0,0.11627906976744186,0.7906976744186046,0.7674418604651163,0.4883720930232558,0.8470588235294119,1.0,18.0,43,12,43,5,34
ECOLI,meropenem,b1_lookup,lolo_ECOLI_ML_001,"(0.005, 0.01]",0.005,0.01,0.9523809523809523,0.0,0.11904761904761904,0.40476190476190477,0.42857142857142855,0.23809523809523808,0.5833333333333334,0.7380952380952381,18.0,42,16,42,21,16
ECOLI,meropenem,b1_lookup,lolo_ECOLI_ML_002,"(0.005, 0.01]",0.005,0.01,0.9166666666666666,0.0,0.1935483870967742,0.45161290322580644,0.45161290322580644,0.25806451612903225,0.5769230769230769,0.967741935483871,18.0,31,19,31,12,13
ECOLI,meropenem,b1_lookup,test,"(0.005, 0.01]",0.005,0.01,1.0,0.0,0.14285714285714285,0.8095238095238095,0.9047619047619048,0.6666666666666666,0.888888888888889,1.0,18.0,21,5,21,1,18
ECOLI,meropenem,b1_lookup,test,"(0.01, 0.02]",0.01,0.02,0.5,0.0,0.1,0.75,0.8,0.65,0.9166666666666667,1.0,18.0,20,11,20,6,12
ECOLI,meropenem,b2_xgb_steps,cv,"(0.005, 0.01]",0.005,0.01,0.08695652173913043,0.0,0.1895424836601307,0.7843137254901961,0.7908496732026143,0.28104575163398693,0.9444958371877891,0.9934640522875817,14.0,153,63,153,46,94
ECOLI,meropenem,b2_xgb_steps,cv,"(0.01, 0.02]",0.01,0.02,0.0,0.0,0.18604651162790697,0.813953488372093,0.8604651162790697,0.2558139534883721,1.0,0.9302325581395349,14.0,43,12,43,5,34
ECOLI,meropenem,b2_xgb_steps,lolo_ECOLI_ML_001,"(0.005, 0.01]",0.005,0.01,0.38095238095238093,0.0,0.16666666666666666,0.6428571428571429,0.6190476190476191,0.23809523809523808,0.9300595238095237,0.9761904761904762,14.0,42,16,42,21,16
ECOLI,meropenem,b2_xgb_steps,lolo_ECOLI_ML_002,"(0.005, 0.01]",0.005,0.01,0.16666666666666666,0.0,0.3225806451612903,0.6129032258064516,0.8709677419354839,0.45161290322580644,0.9423076923076923,1.0,14.0,31,19,31,12,13
ECOLI,meropenem,b2_xgb_steps,test,"(0.005, 0.01]",0.005,0.01,0.0,0.0,0.14285714285714285,0.8571428571428571,1.0,0.14285714285714285,1.0,1.0,14.0,21,5,21,1,18
ECOLI,meropenem,b2_xgb_steps,test,"(0.01, 0.02]",0.01,0.02,0.0,0.0,0.0,1.0,1.0,0.35,1.0,1.0,14.0,20,11,20,6,12
ECOLI,piperacillin-tazobactam,aft_known,cv,"(0.005, 0.01]",0.005,0.01,0.09836065573770492,0.06578947368421052,0.007246376811594203,0.9130434782608695,0.8260869565217391,0.427536231884058,0.9856557377049181,0.9637681159420289,4.0,138,85,138,61,76
ECOLI,piperacillin-tazobactam,aft_known,cv,"(0.01, 0.02]",0.01,0.02,0.0,0.0,0.034482758620689655,0.9655172413793104,0.8620689655172413,0.41379310344827586,1.0,1.0,4.0,29,21,29,9,19
ECOLI,piperacillin-tazobactam,aft_known,lolo_ECOLI_ML_001,"(0.005, 0.01]",0.005,0.01,0.0,0.5454545454545454,0.0,0.8333333333333334,0.8333333333333334,0.6666666666666666,0.9890909090909091,1.0,4.0,36,13,36,25,11
ECOLI,piperacillin-tazobactam,aft_known,lolo_ECOLI_ML_002,"(0.005, 0.01]",0.005,0.01,0.047619047619047616,0.0,0.0,0.9666666666666667,0.8333333333333334,0.6,0.9894179894179894,1.0,4.0,30,14,30,21,9
ECOLI,piperacillin-tazobactam,aft_known,test,"(0.005, 0.01]",0.005,0.01,0.0,0.0,0.0,1.0,0.8571428571428571,0.42857142857142855,1.0,1.0,4.0,21,17,21,6,15
ECOLI,piperacillin-tazobactam,aft_known,test,"(0.01, 0.02]",0.01,0.02,0.0,0.0,0.06666666666666667,0.9333333333333333,0.9333333333333333,0.4,1.0,1.0,4.0,15,7,15,6,8
ECOLI,piperacillin-tazobactam,aft_known_unitig,cv,"(0.005, 0.01]",0.005,0.01,0.09836065573770492,0.09210526315789473,0.007246376811594203,0.8985507246376812,0.7536231884057971,0.4057971014492754,0.9761647972389992,0.9782608695652174,6.0,138,85,138,61,76
ECOLI,piperacillin-tazobactam,aft_known_unitig,cv,"(0.01, 0.02]",0.01,0.02,0.1111111111111111,0.0,0.034482758620689655,0.9310344827586207,0.5862068965517241,0.41379310344827586,1.0,0.9655172413793104,6.0,29,21,29,9,19
ECOLI,piperacillin-tazobactam,aft_known_unitig,lolo_ECOLI_ML_001,"(0.005, 0.01]",0.005,0.01,0.0,0.45454545454545453,0.0,0.8611111111111112,0.7777777777777778,0.5,0.990909090909091,1.0,6.0,36,13,36,25,11
ECOLI,piperacillin-tazobactam,aft_known_unitig,lolo_ECOLI_ML_002,"(0.005, 0.01]",0.005,0.01,0.047619047619047616,0.0,0.0,0.9666666666666667,0.9333333333333333,0.7,0.9973544973544973,1.0,6.0,30,14,30,21,9
ECOLI,piperacillin-tazobactam,aft_known_unitig,test,"(0.005, 0.01]",0.005,0.01,0.0,0.0,0.0,1.0,0.8095238095238095,0.47619047619047616,1.0,1.0,6.0,21,17,21,6,15
ECOLI,piperacillin-tazobactam,aft_known_unitig,test,"(0.01, 0.02]",0.01,0.02,0.0,0.0,0.06666666666666667,0.9333333333333333,0.8666666666666667,0.4,1.0,1.0,6.0,15,7,15,6,8
ECOLI,piperacillin-tazobactam,b1_lookup,cv,"(0.005, 0.01]",0.005,0.01,0.9016393442622951,0.05263157894736842,0.007246376811594203,0.5652173913043478,0.4927536231884058,0.2826086956521739,0.7634814495254529,0.7318840579710145,6.0,138,85,138,61,76
ECOLI,piperacillin-tazobactam,b1_lookup,cv,"(0.01, 0.02]",0.01,0.02,0.8888888888888888,0.0,0.034482758620689655,0.6896551724137931,0.6206896551724138,0.3103448275862069,0.8596491228070176,0.896551724137931,6.0,29,21,29,9,19
ECOLI,piperacillin-tazobactam,b1_lookup,lolo_ECOLI_ML_001,"(0.005, 0.01]",0.005,0.01,0.88,0.36363636363636365,0.0,0.2777777777777778,0.3055555555555556,0.16666666666666666,0.4,0.5277777777777778,6.0,36,13,36,25,11
ECOLI,piperacillin-tazobactam,b1_lookup,lolo_ECOLI_ML_002,"(0.005, 0.01]",0.005,0.01,0.9047619047619048,0.0,0.0,0.36666666666666664,0.23333333333333334,0.2,0.5476190476190477,0.5666666666666667,6.0,30,14,30,21,9
ECOLI,piperacillin-tazobactam,b1_lookup,test,"(0.005, 0.01]",0.005,0.01,0.6666666666666666,0.0,0.0,0.8095238095238095,0.6666666666666666,0.2857142857142857,0.9777777777777779,0.8571428571428571,6.0,21,17,21,6,15
ECOLI,piperacillin-tazobactam,b1_lookup,test,"(0.01, 0.02]",0.01,0.02,1.0,0.0,0.06666666666666667,0.5333333333333333,0.5333333333333333,0.26666666666666666,0.875,0.6666666666666666,6.0,15,7,15,6,8
ECOLI,piperacillin-tazobactam,b2_xgb_steps,cv,"(0.005, 0.01]",0.005,0.01,0.26229508196721313,0.07894736842105263,0.007246376811594203,0.8333333333333334,0.6666666666666666,0.32608695652173914,0.9219154443485763,0.8333333333333334,4.0,138,85,138,61,76
ECOLI,piperacillin-tazobactam,b2_xgb_steps,cv,"(0.01, 0.02]",0.01,0.02,0.5555555555555556,0.0,0.034482758620689655,0.7931034482758621,0.6551724137931034,0.27586206896551724,0.9064327485380117,0.7931034482758621,4.0,29,21,29,9,19
ECOLI,piperacillin-tazobactam,b2_xgb_steps,lolo_ECOLI_ML_001,"(0.005, 0.01]",0.005,0.01,1.0,0.09090909090909091,0.0,0.2777777777777778,0.2222222222222222,0.08333333333333333,0.4090909090909091,0.3055555555555556,4.0,36,13,36,25,11
ECOLI,piperacillin-tazobactam,b2_xgb_steps,lolo_ECOLI_ML_002,"(0.005, 0.01]",0.005,0.01,1.0,0.0,0.0,0.3,0.3,0.13333333333333333,0.8201058201058201,0.4666666666666667,4.0,30,14,30,21,9
ECOLI,piperacillin-tazobactam,b2_xgb_steps,test,"(0.005, 0.01]",0.005,0.01,0.6666666666666666,0.0,0.0,0.8095238095238095,0.6666666666666666,0.23809523809523808,0.9500000000000001,0.8095238095238095,4.0,21,17,21,6,15
ECOLI,piperacillin-tazobactam,b2_xgb_steps,test,"(0.01, 0.02]",0.01,0.02,0.5,0.0,0.06666666666666667,0.7333333333333333,0.7333333333333333,0.4,0.9375,0.8,4.0,15,7,15,6,8
KPNEU,ceftriaxone,aft_known,cv,"(0.005, 0.01]",0.005,0.01,0.0,0.0,0.0035971223021582736,0.9964028776978417,0.9100719424460432,0.6942446043165468,0.9999999999999999,0.9964028776978417,4.0,278,95,278,98,180
KPNEU,ceftriaxone,aft_known,cv,"(0.01, 0.02]",0.01,0.02,0.0,0.0,0.0,1.0,0.8938547486033519,0.6871508379888268,1.0,0.9888268156424581,4.0,179,58,179,130,49
KPNEU,ceftriaxone,aft_known,lolo_KPNEU_ML_001,"(0.005, 0.01]",0.005,0.01,0.0,0.0,0.0,1.0,0.7777777777777778,0.5185185185185185,1.0,1.0,4.0,27,15,27,24,3
KPNEU,ceftriaxone,aft_known,lolo_KPNEU_ML_001,"(0.01, 0.02]",0.01,0.02,0.0,0.0,0.0,1.0,0.9508196721311475,0.8524590163934426,1.0,0.9836065573770492,4.0,61,13,61,57,4
KPNEU,ceftriaxone,aft_known,lolo_KPNEU_ML_002,"(0.005, 0.01]",0.005,0.01,0.0,0.0,0.0,1.0,0.9230769230769231,0.9230769230769231,1.0,1.0,4.0,13,4,13,10,3
KPNEU,ceftriaxone,aft_known,lolo_KPNEU_ML_002,"(0.01, 0.02]",0.01,0.02,0.0,0.0,0.0,1.0,0.9411764705882353,0.8970588235294118,1.0,0.9852941176470589,4.0,68,13,68,63,5
KPNEU,ceftriaxone,aft_known,test,"(0.005, 0.01]",0.005,0.01,0.0,0.0,0.0,1.0,0.9285714285714286,0.9285714285714286,1.0,1.0,4.0,14,4,14,10,4
KPNEU,ceftriaxone,aft_known,test,"(0.01, 0.02]",0.01,0.02,0.0,0.0,0.0,1.0,0.948051948051948,0.8831168831168831,1.0,0.987012987012987,4.0,77,18,77,65,12
KPNEU,ceftriaxone,aft_known_unitig,cv,"(0.005, 0.01]",0.005,0.01,0.01020408163265306,0.0,0.0,0.9964028776978417,0.8741007194244604,0.6942446043165468,1.0,0.9964028776978417,6.0,278,95,278,98,180
KPNEU,ceftriaxone,aft_known_unitig,cv,"(0.01, 0.02]",0.01,0.02,0.015384615384615385,0.0,0.0,0.9888268156424581,0.8212290502793296,0.664804469273743,0.9997645211930927,0.9832402234636871,6.0,179,58,179,130,49
KPNEU,ceftriaxone,aft_known_unitig,lolo_KPNEU_ML_001,"(0.005, 0.01]",0.005,0.01,0.041666666666666664,0.0,0.0,0.9629629629629629,0.8518518518518519,0.5555555555555556,1.0,0.9629629629629629,6.0,27,15,27,24,3
KPNEU,ceftriaxone,aft_known_unitig,lolo_KPNEU_ML_001,"(0.01, 0.02]",0.01,0.02,0.0,0.0,0.0,1.0,0.9508196721311475,0.819672131147541,1.0,1.0,6.0,61,13,61,57,4
KPNEU,ceftriaxone,aft_known_unitig,lolo_KPNEU_ML_002,"(0.005, 0.01]",0.005,0.01,0.0,0.0,0.0,1.0,1.0,1.0,1.0,1.0,6.0,13,4,13,10,3
KPNEU,ceftriaxone,aft_known_unitig,lolo_KPNEU_ML_002,"(0.01, 0.02]",0.01,0.02,0.0,0.0,0.0,1.0,0.9705882352941176,0.8970588235294118,1.0,1.0,6.0,68,13,68,63,5
KPNEU,ceftriaxone,aft_known_unitig,test,"(0.005, 0.01]",0.005,0.01,0.0,0.0,0.0,1.0,1.0,1.0,1.0,1.0,6.0,14,4,14,10,4
KPNEU,ceftriaxone,aft_known_unitig,test,"(0.01, 0.02]",0.01,0.02,0.0,0.0,0.0,1.0,0.961038961038961,0.8701298701298701,1.0,1.0,6.0,77,18,77,65,12
KPNEU,ceftriaxone,b1_lookup,cv,"(0.005, 0.01]",0.005,0.01,0.23469387755102042,0.03333333333333333,0.0,0.89568345323741,0.7949640287769785,0.5179856115107914,0.9755668934240362,0.9316546762589928,10.0,278,95,278,98,180
KPNEU,ceftriaxone,b1_lookup,cv,"(0.01, 0.02]",0.01,0.02,0.49230769230769234,0.1836734693877551,0.0,0.5921787709497207,0.4692737430167598,0.29608938547486036,0.8517268445839874,0.7039106145251397,10.0,179,58,179,130,49
KPNEU,ceftriaxone,b1_lookup,lolo_KPNEU_ML_001,"(0.005, 0.01]",0.005,0.01,0.8333333333333334,0.0,0.0,0.25925925925925924,0.18518518518518517,0.037037037037037035,0.5833333333333334,0.48148148148148145,10.0,27,15,27,24,3
KPNEU,ceftriaxone,b1_lookup,lolo_KPNEU_ML_001,"(0.01, 0.02]",0.01,0.02,0.9298245614035088,0.0,0.0,0.13114754098360656,0.09836065573770492,0.03278688524590164,0.5350877192982456,0.32786885245901637,10.0,61,13,61,57,4
KPNEU,ceftriaxone,b1_lookup,lolo_KPNEU_ML_002,"(0.005, 0.01]",0.005,0.01,0.5,0.0,0.0,0.6153846153846154,0.46153846153846156,0.38461538461538464,0.9166666666666667,0.9230769230769231,10.0,13,4,13,10,3
KPNEU,ceftriaxone,b1_lookup,lolo_KPNEU_ML_002,"(0.01, 0.02]",0.01,0.02,0.7619047619047619,0.0,0.0,0.29411764705882354,0.20588235294117646,0.16176470588235295,0.6952380952380952,0.6176470588235294,10.0,68,13,68,63,5
KPNEU,ceftriaxone,b1_lookup,test,"(0.005, 0.01]",0.005,0.01,0.5,0.0,0.0,0.6428571428571429,0.5,0.42857142857142855,0.9375,0.9285714285714286,10.0,14,4,14,10,4
KPNEU,ceftriaxone,b1_lookup,test,"(0.01, 0.02]",0.01,0.02,0.7384615384615385,0.0,0.0,0.37662337662337664,0.2857142857142857,0.2077922077922078,0.8461538461538461,0.6623376623376623,10.0,77,18,77,65,12
KPNEU,ceftriaxone,b2_xgb_steps,cv,"(0.005, 0.01]",0.005,0.01,0.02040816326530612,0.0,0.0,0.9928057553956835,0.9388489208633094,0.35251798561151076,0.9947845804988663,0.9388489208633094,2.0,278,95,278,98,180
KPNEU,ceftriaxone,b2_xgb_steps,cv,"(0.01, 0.02]",0.01,0.02,0.046153846153846156,0.0,0.0,0.9664804469273743,0.7653631284916201,0.3743016759776536,0.9836734693877551,0.7653631284916201,2.0,179,58,179,130,49
KPNEU,ceftriaxone,b2_xgb_steps,lolo_KPNEU_ML_001,"(0.005, 0.01]",0.005,0.01,0.041666666666666664,0.0,0.0,0.9629629629629629,0.7777777777777778,0.4074074074074074,0.9722222222222223,0.7777777777777778,2.0,27,15,27,24,3
KPNEU,ceftriaxone,b2_xgb_steps,lolo_KPNEU_ML_001,"(0.01, 0.02]",0.01,0.02,0.0,0.0,0.0,1.0,0.639344262295082,0.2786885245901639,1.0,0.639344262295082,2.0,61,13,61,57,4
KPNEU,ceftriaxone,b2_xgb_steps,lolo_KPNEU_ML_002,"(0.005, 0.01]",0.005,0.01,0.0,0.0,0.0,1.0,0.6923076923076923,0.5384615384615384,1.0,0.6923076923076923,2.0,13,4,13,10,3
KPNEU,ceftriaxone,b2_xgb_steps,lolo_KPNEU_ML_002,"(0.01, 0.02]",0.01,0.02,0.0,0.0,0.0,1.0,0.6764705882352942,0.25,1.0,0.6764705882352942,2.0,68,13,68,63,5
KPNEU,ceftriaxone,b2_xgb_steps,test,"(0.005, 0.01]",0.005,0.01,0.0,0.0,0.0,1.0,0.7142857142857143,0.5,1.0,0.7142857142857143,2.0,14,4,14,10,4
KPNEU,ceftriaxone,b2_xgb_steps,test,"(0.01, 0.02]",0.01,0.02,0.0,0.0,0.0,1.0,0.7142857142857143,0.2597402597402597,1.0,0.7142857142857143,2.0,77,18,77,65,12
KPNEU,ciprofloxacin,aft_known,cv,"(0.005, 0.01]",0.005,0.01,0.05,0.009708737864077669,0.04081632653061224,0.9387755102040817,0.782312925170068,0.4217687074829932,0.985254854368932,0.9455782312925171,4.0,294,209,294,80,206
KPNEU,ciprofloxacin,aft_known,cv,"(0.01, 0.02]",0.01,0.02,0.0379746835443038,0.0,0.1043956043956044,0.8791208791208791,0.7692307692307693,0.3901098901098901,0.9835884604062409,0.9395604395604396,4.0,182,124,182,79,86
KPNEU,ciprofloxacin,aft_known,lolo_KPNEU_ML_001,"(0.005, 0.01]",0.005,0.01,0.0,0.0,0.058823529411764705,0.9411764705882353,0.8823529411764706,0.5882352941176471,1.0,0.9117647058823529,4.0,34,19,34,29,4
KPNEU,ciprofloxacin,aft_known,lolo_KPNEU_ML_001,"(0.01, 0.02]",0.01,0.02,0.0196078431372549,0.0,0.15873015873015872,0.8253968253968254,0.746031746031746,0.42857142857142855,0.9779411764705882,0.9365079365079365,4.0,63,39,63,51,4
KPNEU,ciprofloxacin,aft_known,lolo_KPNEU_ML_002,"(0.005, 0.01]",0.005,0.01,0.0,,0.0,1.0,0.9230769230769231,0.6923076923076923,,1.0,4.0,13,6,13,13,0
KPNEU,ciprofloxacin,aft_known,lolo_KPNEU_ML_002,"(0.01, 0.02]",0.01,0.02,0.0,0.0,0.043478260869565216,0.9565217391304348,0.7971014492753623,0.5072463768115942,0.9993990384615384,0.9420289855072463,4.0,69,38,69,52,16
KPNEU,ciprofloxacin,aft_known,test,"(0.005, 0.01]",0.005,0.01,0.0,,0.0,1.0,0.9230769230769231,0.6923076923076923,,1.0,4.0,13,6,13,13,0
KPNEU,ciprofloxacin,aft_known,test,"(0.01, 0.02]",0.01,0.02,0.0,0.0,0.05128205128205128,0.9487179487179487,0.782051282051282,0.48717948717948717,0.999599358974359,0.9358974358974359,4.0,78,46,78,52,24
KPNEU,ciprofloxacin,aft_known_unitig,cv,"(0.005, 0.01]",0.005,0.01,0.0125,0.009708737864077669,0.03741496598639456,0.9523809523809523,0.9149659863945578,0.5102040816326531,0.9971177184466019,0.9149659863945578,2.0,294,209,294,80,206
KPNEU,ciprofloxacin,aft_known_unitig,cv,"(0.01, 0.02]",0.01,0.02,0.02531645569620253,0.0,0.07692307692307693,0.9120879120879121,0.8956043956043956,0.532967032967033,0.997203414777745,0.8956043956043956,2.0,182,124,182,79,86
KPNEU,ciprofloxacin,aft_known_unitig,lolo_KPNEU_ML_001,"(0.005, 0.01]",0.005,0.01,0.0,0.0,0.029411764705882353,0.9705882352941176,1.0,0.5588235294117647,1.0,1.0,2.0,34,19,34,29,4
KPNEU,ciprofloxacin,aft_known_unitig,lolo_KPNEU_ML_001,"(0.01, 0.02]",0.01,0.02,0.0,0.0,0.12698412698412698,0.873015873015873,0.9047619047619048,0.5079365079365079,0.9950980392156863,0.9047619047619048,2.0,63,39,63,51,4
KPNEU,ciprofloxacin,aft_known_unitig,lolo_KPNEU_ML_002,"(0.005, 0.01]",0.005,0.01,0.0,,0.0,1.0,0.9230769230769231,0.6153846153846154,,0.9230769230769231,2.0,13,6,13,13,0
KPNEU,ciprofloxacin,aft_known_unitig,lolo_KPNEU_ML_002,"(0.01, 0.02]",0.01,0.02,0.0,0.0,0.028985507246376812,0.9710144927536232,0.9855072463768116,0.5797101449275363,0.9993990384615384,0.9855072463768116,2.0,69,38,69,52,16
KPNEU,ciprofloxacin,aft_known_unitig,test,"(0.005, 0.01]",0.005,0.01,0.0,,0.0,1.0,0.9230769230769231,0.6153846153846154,,0.9230769230769231,2.0,13,6,13,13,0
KPNEU,ciprofloxacin,aft_known_unitig,test,"(0.01, 0.02]",0.01,0.02,0.0,0.0,0.038461538461538464,0.9615384615384616,0.9743589743589743,0.5512820512820513,0.999599358974359,0.9743589743589743,2.0,78,46,78,52,24
KPNEU,ciprofloxacin,b1_lookup,cv,"(0.005, 0.01]",0.005,0.01,0.4875,0.009708737864077669,0.04081632653061224,0.8197278911564626,0.6666666666666666,0.3673469387755102,0.9069781553398059,0.9285714285714286,8.0,294,209,294,80,206
KPNEU,ciprofloxacin,b1_lookup,cv,"(0.01, 0.02]",0.01,0.02,0.8607594936708861,0.0,0.09340659340659341,0.532967032967033,0.4230769230769231,0.23626373626373626,0.7222549308213129,0.7582417582417582,8.0,182,124,182,79,86
KPNEU,ciprofloxacin,b1_lookup,lolo_KPNEU_ML_001,"(0.005, 0.01]",0.005,0.01,0.7241379310344828,0.0,0.029411764705882353,0.35294117647058826,0.2647058823529412,0.14705882352941177,0.728448275862069,0.6176470588235294,8.0,34,19,34,29,4
KPNEU,ciprofloxacin,b1_lookup,lolo_KPNEU_ML_001,"(0.01, 0.02]",0.01,0.02,0.9607843137254902,0.0,0.12698412698412698,0.09523809523809523,0.09523809523809523,0.031746031746031744,0.5196078431372549,0.42857142857142855,8.0,63,39,63,51,4
KPNEU,ciprofloxacin,b1_lookup,lolo_KPNEU_ML_002,"(0.005, 0.01]",0.005,0.01,0.38461538461538464,,0.0,0.6153846153846154,0.38461538461538464,0.15384615384615385,,0.8461538461538461,8.0,13,6,13,13,0
KPNEU,ciprofloxacin,b1_lookup,lolo_KPNEU_ML_002,"(0.01, 0.02]",0.01,0.02,0.75,0.0,0.014492753623188406,0.42028985507246375,0.34782608695652173,0.21739130434782608,0.6953125,0.6956521739130435,8.0,69,38,69,52,16
KPNEU,ciprofloxacin,b1_lookup,test,"(0.005, 0.01]",0.005,0.01,0.38461538461538464,,0.0,0.6153846153846154,0.38461538461538464,0.15384615384615385,,0.8461538461538461,8.0,13,6,13,13,0
KPNEU,ciprofloxacin,b1_lookup,test,"(0.01, 0.02]",0.01,0.02,0.75,0.0,0.02564102564102564,0.47435897435897434,0.38461538461538464,0.23076923076923078,0.78125,0.7307692307692307,8.0,78,46,78,52,24
KPNEU,ciprofloxacin,b2_xgb_steps,cv,"(0.005, 0.01]",0.005,0.01,0.0375,0.024271844660194174,0.04081632653061224,0.9319727891156463,0.8299319727891157,0.4421768707482993,0.9891080097087379,0.9591836734693877,6.0,294,209,294,80,206
KPNEU,ciprofloxacin,b2_xgb_steps,cv,"(0.01, 0.02]",0.01,0.02,0.12658227848101267,0.011627906976744186,0.11538461538461539,0.8241758241758241,0.6703296703296703,0.34065934065934067,0.9829997056226083,0.9615384615384616,6.0,182,124,182,79,86
KPNEU,ciprofloxacin,b2_xgb_steps,lolo_KPNEU_ML_001,"(0.005, 0.01]",0.005,0.01,0.034482758620689655,0.0,0.058823529411764705,0.9117647058823529,0.7647058823529411,0.4117647058823529,0.9956896551724138,0.9705882352941176,6.0,34,19,34,29,4
KPNEU,ciprofloxacin,b2_xgb_steps,lolo_KPNEU_ML_001,"(0.01, 0.02]",0.01,0.02,0.0392156862745098,0.25,0.14285714285714285,0.8095238095238095,0.5396825396825397,0.19047619047619047,0.9681372549019608,0.9682539682539683,6.0,63,39,63,51,4
KPNEU,ciprofloxacin,b2_xgb_steps,lolo_KPNEU_ML_002,"(0.005, 0.01]",0.005,0.01,0.0,,0.0,1.0,0.8461538461538461,0.46153846153846156,,1.0,6.0,13,6,13,13,0
KPNEU,ciprofloxacin,b2_xgb_steps,lolo_KPNEU_ML_002,"(0.01, 0.02]",0.01,0.02,0.019230769230769232,0.0,0.057971014492753624,0.927536231884058,0.6666666666666666,0.4057971014492754,0.990985576923077,0.9420289855072463,6.0,69,38,69,52,16
KPNEU,ciprofloxacin,b2_xgb_steps,test,"(0.005, 0.01]",0.005,0.01,0.0,,0.0,1.0,0.8461538461538461,0.46153846153846156,,1.0,6.0,13,6,13,13,0
KPNEU,ciprofloxacin,b2_xgb_steps,test,"(0.01, 0.02]",0.01,0.02,0.019230769230769232,0.0,0.0641025641025641,0.9230769230769231,0.6666666666666666,0.3974358974358974,0.9939903846153846,0.9358974358974359,6.0,78,46,78,52,24
KPNEU,gentamicin,aft_known,cv,"(0.005, 0.01]",0.005,0.01,0.0,0.007194244604316547,0.026490066225165563,0.9668874172185431,0.9668874172185431,0.609271523178808,0.995953237410072,0.9668874172185431,2.0,151,88,151,8,139
KPNEU,gentamicin,aft_known,cv,"(0.01, 0.02]",0.01,0.02,0.02702702702702703,0.023529411764705882,0.05426356589147287,0.9224806201550387,0.9534883720930233,0.5658914728682171,0.9618441971383148,0.9534883720930233,2.0,129,86,129,37,85
KPNEU,gentamicin,aft_known,lolo_KPNEU_ML_001,"(0.005, 0.01]",0.005,0.01,0.0,0.1111111111111111,0.09090909090909091,0.8181818181818182,1.0,0.7272727272727273,0.9444444444444444,1.0,2.0,11,6,11,1,9
KPNEU,gentamicin,aft_known,lolo_KPNEU_ML_001,"(0.01, 0.02]",0.01,0.02,0.0,0.07407407407407407,0.07142857142857142,0.8809523809523809,0.9285714285714286,0.5714285714285714,0.9351851851851852,0.9285714285714286,2.0,42,24,42,12,27
KPNEU,gentamicin,aft_known,lolo_KPNEU_ML_002,"(0.005, 0.01]",0.005,0.01,0.0,0.0,0.14285714285714285,0.8571428571428571,1.0,0.42857142857142855,1.0,1.0,2.0,7,4,7,2,4
KPNEU,gentamicin,aft_known,lolo_KPNEU_ML_002,"(0.01, 0.02]",0.01,0.02,0.0,0.0,0.1836734693877551,0.8163265306122449,0.9183673469387755,0.40816326530612246,1.0,0.9183673469387755,2.0,49,37,49,14,26
KPNEU,gentamicin,aft_known,test,"(0.005, 0.01]",0.005,0.01,0.0,0.0,0.14285714285714285,0.8571428571428571,1.0,0.42857142857142855,1.0,1.0,2.0,7,4,7,2,4
KPNEU,gentamicin,aft_known,test,"(0.01, 0.02]",0.01,0.02,0.0,0.0,0.16071428571428573,0.8392857142857143,0.8928571428571429,0.4107142857142857,1.0,0.8928571428571429,2.0,56,42,56,15,32
KPNEU,gentamicin,aft_known_unitig,cv,"(0.005, 0.01]",0.005,0.01,0.0,0.007194244604316547,0.026490066225165563,0.9668874172185431,0.9006622516556292,0.5099337748344371,0.995953237410072,0.9933774834437086,4.0,151,88,151,8,139
KPNEU,gentamicin,aft_known_unitig,cv,"(0.01, 0.02]",0.01,0.02,0.02702702702702703,0.023529411764705882,0.05426356589147287,0.9224806201550387,0.8217054263565892,0.5193798449612403,0.967885532591415,0.9689922480620154,4.0,129,86,129,37,85
KPNEU,gentamicin,aft_known_unitig,lolo_KPNEU_ML_001,"(0.005, 0.01]",0.005,0.01,0.0,0.1111111111111111,0.09090909090909091,0.8181818181818182,0.9090909090909091,0.45454545454545453,0.9444444444444444,1.0,4.0,11,6,11,1,9
KPNEU,gentamicin,aft_known_unitig,lolo_KPNEU_ML_001,"(0.01, 0.02]",0.01,0.02,0.0,0.07407407407407407,0.07142857142857142,0.8809523809523809,0.9285714285714286,0.42857142857142855,0.9320987654320988,0.9523809523809523,4.0,42,24,42,12,27
KPNEU,gentamicin,aft_known_unitig,lolo_KPNEU_ML_002,"(0.005, 0.01]",0.005,0.01,0.0,0.0,0.14285714285714285,0.8571428571428571,1.0,0.7142857142857143,1.0,1.0,4.0,7,4,7,2,4
KPNEU,gentamicin,aft_known_unitig,lolo_KPNEU_ML_002,"(0.01, 0.02]",0.01,0.02,0.0,0.0,0.1836734693877551,0.8163265306122449,0.9795918367346939,0.5510204081632653,1.0,1.0,4.0,49,37,49,14,26
KPNEU,gentamicin,aft_known_unitig,test,"(0.005, 0.01]",0.005,0.01,0.0,0.0,0.14285714285714285,0.8571428571428571,1.0,0.7142857142857143,1.0,1.0,4.0,7,4,7,2,4
KPNEU,gentamicin,aft_known_unitig,test,"(0.01, 0.02]",0.01,0.02,0.0,0.0,0.16071428571428573,0.8392857142857143,0.9642857142857143,0.5357142857142857,1.0,1.0,4.0,56,42,56,15,32
KPNEU,gentamicin,b1_lookup,cv,"(0.005, 0.01]",0.005,0.01,0.375,0.0,0.026490066225165563,0.9536423841059603,0.8741721854304636,0.5099337748344371,0.7963129496402879,0.9867549668874173,6.0,151,88,151,8,139
KPNEU,gentamicin,b1_lookup,cv,"(0.01, 0.02]",0.01,0.02,0.7567567567567568,0.011764705882352941,0.05426356589147287,0.7209302325581395,0.6666666666666666,0.4108527131782946,0.6023847376788554,0.8449612403100775,6.0,129,86,129,37,85
KPNEU,gentamicin,b1_lookup,lolo_KPNEU_ML_001,"(0.005, 0.01]",0.005,0.01,1.0,0.0,0.09090909090909091,0.8181818181818182,0.7272727272727273,0.45454545454545453,0.5,1.0,6.0,11,6,11,1,9
KPNEU,gentamicin,b1_lookup,lolo_KPNEU_ML_001,"(0.01, 0.02]",0.01,0.02,1.0,0.0,0.07142857142857142,0.6428571428571429,0.5714285714285714,0.2619047619047619,0.4814814814814815,0.8809523809523809,6.0,42,24,42,12,27
KPNEU,gentamicin,b1_lookup,lolo_KPNEU_ML_002,"(0.005, 0.01]",0.005,0.01,0.5,0.0,0.14285714285714285,0.7142857142857143,0.8571428571428571,0.5714285714285714,0.875,0.8571428571428571,6.0,7,4,7,2,4
KPNEU,gentamicin,b1_lookup,lolo_KPNEU_ML_002,"(0.01, 0.02]",0.01,0.02,1.0,0.0,0.1836734693877551,0.5306122448979592,0.5306122448979592,0.3877551020408163,0.5192307692307693,0.7346938775510204,6.0,49,37,49,14,26
KPNEU,gentamicin,b1_lookup,test,"(0.005, 0.01]",0.005,0.01,0.5,0.0,0.14285714285714285,0.7142857142857143,0.8571428571428571,0.5714285714285714,0.875,0.8571428571428571,6.0,7,4,7,2,4
KPNEU,gentamicin,b1_lookup,test,"(0.01, 0.02]",0.01,0.02,0.9333333333333333,0.0,0.16071428571428573,0.5892857142857143,0.5714285714285714,0.4107142857142857,0.5333333333333333,0.7678571428571429,6.0,56,42,56,15,32
KPNEU,gentamicin,b2_xgb_steps,cv,"(0.005, 0.01]",0.005,0.01,0.0,0.007194244604316547,0.026490066225165563,0.9668874172185431,0.9735099337748344,0.5629139072847682,0.9991007194244604,0.9735099337748344,2.0,151,88,151,8,139
KPNEU,gentamicin,b2_xgb_steps,cv,"(0.01, 0.02]",0.01,0.02,0.02702702702702703,0.023529411764705882,0.05426356589147287,0.9224806201550387,0.9612403100775194,0.5968992248062015,0.9818759936406996,0.9612403100775194,2.0,129,86,129,37,85
KPNEU,gentamicin,b2_xgb_steps,lolo_KPNEU_ML_001,"(0.005, 0.01]",0.005,0.01,0.0,0.1111111111111111,0.09090909090909091,0.8181818181818182,1.0,0.6363636363636364,0.9444444444444444,1.0,2.0,11,6,11,1,9
KPNEU,gentamicin,b2_xgb_steps,lolo_KPNEU_ML_001,"(0.01, 0.02]",0.01,0.02,0.0,0.07407407407407407,0.07142857142857142,0.8809523809523809,0.9761904761904762,0.5238095238095238,0.9722222222222222,0.9761904761904762,2.0,42,24,42,12,27
KPNEU,gentamicin,b2_xgb_steps,lolo_KPNEU_ML_002,"(0.005, 0.01]",0.005,0.01,0.0,0.0,0.14285714285714285,0.8571428571428571,1.0,0.7142857142857143,1.0,1.0,2.0,7,4,7,2,4
KPNEU,gentamicin,b2_xgb_steps,lolo_KPNEU_ML_002,"(0.01, 0.02]",0.01,0.02,0.0,0.0,0.1836734693877551,0.8163265306122449,0.9387755102040817,0.5102040816326531,1.0,0.9387755102040817,2.0,49,37,49,14,26
KPNEU,gentamicin,b2_xgb_steps,test,"(0.005, 0.01]",0.005,0.01,0.0,0.0,0.14285714285714285,0.8571428571428571,1.0,0.7142857142857143,1.0,1.0,2.0,7,4,7,2,4
KPNEU,gentamicin,b2_xgb_steps,test,"(0.01, 0.02]",0.01,0.02,0.0,0.0,0.16071428571428573,0.8392857142857143,0.9285714285714286,0.5,1.0,0.9285714285714286,2.0,56,42,56,15,32
KPNEU,meropenem,aft_known,cv,"(0.005, 0.01]",0.005,0.01,0.044444444444444446,0.0,0.07516339869281045,0.9183006535947712,0.8594771241830066,0.6274509803921569,0.9996,0.9705882352941176,4.0,306,116,306,45,250
KPNEU,meropenem,aft_known,cv,"(0.01, 0.02]",0.01,0.02,0.038461538461538464,0.0,0.30726256983240224,0.6759776536312849,0.7486033519553073,0.4022346368715084,0.9993368700265252,0.9106145251396648,4.0,179,79,179,78,87
KPNEU,meropenem,aft_known,lolo_KPNEU_ML_001,"(0.005, 0.01]",0.005,0.01,0.0,0.0,0.41935483870967744,0.5806451612903226,0.6451612903225806,0.3225806451612903,1.0,0.8064516129032258,4.0,31,11,31,20,10
KPNEU,meropenem,aft_known,lolo_KPNEU_ML_001,"(0.01, 0.02]",0.01,0.02,0.0425531914893617,0.0,0.532258064516129,0.43548387096774194,0.46774193548387094,0.20967741935483872,1.0,0.6129032258064516,4.0,62,28,62,47,10
KPNEU,meropenem,aft_known,lolo_KPNEU_ML_002,"(0.005, 0.01]",0.005,0.01,0.0,0.0,0.14285714285714285,0.8571428571428571,0.8571428571428571,0.5714285714285714,1.0,1.0,4.0,14,6,14,10,3
KPNEU,meropenem,aft_known,lolo_KPNEU_ML_002,"(0.01, 0.02]",0.01,0.02,0.0,0.0,0.11764705882352941,0.8823529411764706,0.7941176470588235,0.5588235294117647,1.0,0.9705882352941176,4.0,68,34,68,49,16
KPNEU,meropenem,aft_known,test,"(0.005, 0.01]",0.005,0.01,0.0,0.0,0.13333333333333333,0.8666666666666667,0.8666666666666667,0.5333333333333333,1.0,1.0,4.0,15,7,15,10,4
KPNEU,meropenem,aft_known,test,"(0.01, 0.02]",0.01,0.02,0.0,0.0,0.11392405063291139,0.8860759493670886,0.8227848101265823,0.5949367088607594,1.0,0.9746835443037974,4.0,79,37,79,50,26
KPNEU,meropenem,aft_known_unitig,cv,"(0.005, 0.01]",0.005,0.01,0.1111111111111111,0.0,0.10130718954248366,0.8823529411764706,0.8300653594771242,0.5915032679738562,0.9993333333333334,0.9444444444444444,4.0,306,116,306,45,250
KPNEU,meropenem,aft_known_unitig,cv,"(0.01, 0.02]",0.01,0.02,0.07692307692307693,0.0,0.30726256983240224,0.659217877094972,0.6703910614525139,0.4581005586592179,0.9989684644857059,0.8324022346368715,4.0,179,79,179,78,87
KPNEU,meropenem,aft_known_unitig,lolo_KPNEU_ML_001,"(0.005, 0.01]",0.005,0.01,0.0,0.0,0.45161290322580644,0.5483870967741935,0.6451612903225806,0.3225806451612903,1.0,0.7096774193548387,4.0,31,11,31,20,10
KPNEU,meropenem,aft_known_unitig,lolo_KPNEU_ML_001,"(0.01, 0.02]",0.01,0.02,0.0,0.0,0.6290322580645161,0.3709677419354839,0.3709677419354839,0.16129032258064516,1.0,0.5967741935483871,4.0,62,28,62,47,10
KPNEU,meropenem,aft_known_unitig,lolo_KPNEU_ML_002,"(0.005, 0.01]",0.005,0.01,0.0,0.0,0.2857142857142857,0.7142857142857143,0.9285714285714286,0.5714285714285714,1.0,0.9285714285714286,4.0,14,6,14,10,3
KPNEU,meropenem,aft_known_unitig,lolo_KPNEU_ML_002,"(0.01, 0.02]",0.01,0.02,0.0,0.0,0.2647058823529412,0.7352941176470589,0.9264705882352942,0.5735294117647058,1.0,0.9852941176470589,4.0,68,34,68,49,16
KPNEU,meropenem,aft_known_unitig,test,"(0.005, 0.01]",0.005,0.01,0.0,0.0,0.26666666666666666,0.7333333333333333,0.9333333333333333,0.5333333333333333,1.0,0.9333333333333333,4.0,15,7,15,10,4
KPNEU,meropenem,aft_known_unitig,test,"(0.01, 0.02]",0.01,0.02,0.0,0.0,0.24050632911392406,0.759493670886076,0.9367088607594937,0.620253164556962,1.0,0.9873417721518988,4.0,79,37,79,50,26
KPNEU,meropenem,b1_lookup,cv,"(0.005, 0.01]",0.005,0.01,0.7555555555555555,0.0,0.049019607843137254,0.8398692810457516,0.8169934640522876,0.5424836601307189,0.8424,0.9444444444444444,16.0,306,116,306,45,250
KPNEU,meropenem,b1_lookup,cv,"(0.01, 0.02]",0.01,0.02,0.8717948717948718,0.0,0.07262569832402235,0.547486033519553,0.5195530726256983,0.3016759776536313,0.749484232242853,0.7877094972067039,16.0,179,79,179,78,87
KPNEU,meropenem,b1_lookup,lolo_KPNEU_ML_001,"(0.005, 0.01]",0.005,0.01,0.95,0.0,0.06451612903225806,0.3225806451612903,0.25806451612903225,0.12903225806451613,0.6675,0.5483870967741935,16.0,31,11,31,20,10
KPNEU,meropenem,b1_lookup,lolo_KPNEU_ML_001,"(0.01, 0.02]",0.01,0.02,0.9574468085106383,0.0,0.0967741935483871,0.1774193548387097,0.0967741935483871,0.08064516129032258,0.5691489361702128,0.5,16.0,62,28,62,47,10
KPNEU,meropenem,b1_lookup,lolo_KPNEU_ML_002,"(0.005, 0.01]",0.005,0.01,0.5,0.0,0.07142857142857142,0.5714285714285714,0.6428571428571429,0.42857142857142855,0.6666666666666666,0.8571428571428571,16.0,14,6,14,10,3
KPNEU,meropenem,b1_lookup,lolo_KPNEU_ML_002,"(0.01, 0.02]",0.01,0.02,0.673469387755102,0.0,0.10294117647058823,0.4117647058823529,0.4117647058823529,0.27941176470588236,0.6632653061224489,0.7205882352941176,16.0,68,34,68,49,16
KPNEU,meropenem,b1_lookup,test,"(0.005, 0.01]",0.005,0.01,0.5,0.0,0.06666666666666667,0.6,0.6666666666666666,0.4,0.75,0.8666666666666667,16.0,15,7,15,10,4
KPNEU,meropenem,b1_lookup,test,"(0.01, 0.02]",0.01,0.02,0.66,0.0,0.10126582278481013,0.4810126582278481,0.4810126582278481,0.3291139240506329,0.7207692307692307,0.759493670886076,16.0,79,37,79,50,26
KPNEU,meropenem,b2_xgb_steps,cv,"(0.005, 0.01]",0.005,0.01,0.044444444444444446,0.004,0.10130718954248366,0.8888888888888888,0.9248366013071896,0.3758169934640523,0.9845777777777778,0.9673202614379085,4.0,306,116,306,45,250
KPNEU,meropenem,b2_xgb_steps,cv,"(0.01, 0.02]",0.01,0.02,0.20512820512820512,0.0,0.27932960893854747,0.6312849162011173,0.6759776536312849,0.329608938547486,0.9271293840259357,0.7988826815642458,4.0,179,79,179,78,87
KPNEU,meropenem,b2_xgb_steps,lolo_KPNEU_ML_001,"(0.005, 0.01]",0.005,0.01,0.0,0.0,0.4838709677419355,0.5161290322580645,0.5806451612903226,0.22580645161290322,1.0,0.9032258064516129,4.0,31,11,31,20,10
KPNEU,meropenem,b2_xgb_steps,lolo_KPNEU_ML_001,"(0.01, 0.02]",0.01,0.02,0.02127659574468085,0.0,0.5967741935483871,0.3870967741935484,0.41935483870967744,0.20967741935483872,0.9968085106382979,0.6774193548387096,4.0,62,28,62,47,10
KPNEU,meropenem,b2_xgb_steps,lolo_KPNEU_ML_002,"(0.005, 0.01]",0.005,0.01,0.0,0.0,0.21428571428571427,0.7857142857142857,0.7857142857142857,0.5714285714285714,1.0,1.0,4.0,14,6,14,10,3
KPNEU,meropenem,b2_xgb_steps,lolo_KPNEU_ML_002,"(0.01, 0.02]",0.01,0.02,0.08163265306122448,0.0,0.3088235294117647,0.6323529411764706,0.6176470588235294,0.3382352941176471,0.9776785714285714,0.8529411764705882,4.0,68,34,68,49,16
KPNEU,meropenem,b2_xgb_steps,test,"(0.005, 0.01]",0.005,0.01,0.0,0.0,0.2,0.8,0.8,0.6,1.0,1.0,4.0,15,7,15,10,4
KPNEU,meropenem,b2_xgb_steps,test,"(0.01, 0.02]",0.01,0.02,0.08,0.0,0.2911392405063291,0.6582278481012658,0.6582278481012658,0.3037974683544304,0.9826923076923076,0.8734177215189873,4.0,79,37,79,50,26
KPNEU,piperacillin-tazobactam,aft_known,cv,"(0.005, 0.01]",0.005,0.01,0.09090909090909091,0.0,0.017964071856287425,0.9640718562874252,0.9580838323353293,0.5868263473053892,0.9968771686328939,0.9580838323353293,2.0,167,122,167,33,131
KPNEU,piperacillin-tazobactam,aft_known,cv,"(0.01, 0.02]",0.01,0.02,0.0,0.047619047619047616,0.03816793893129771,0.9389312977099237,0.8778625954198473,0.5343511450381679,0.9998740236835475,0.8778625954198473,2.0,131,66,131,63,63
KPNEU,piperacillin-tazobactam,aft_known,lolo_KPNEU_ML_001,"(0.005, 0.01]",0.005,0.01,0.0,0.0,0.07142857142857142,0.9285714285714286,0.7857142857142857,0.5,1.0,0.7857142857142857,2.0,14,8,14,8,5
KPNEU,piperacillin-tazobactam,aft_known,lolo_KPNEU_ML_001,"(0.01, 0.02]",0.01,0.02,0.0,0.14285714285714285,0.022727272727272728,0.9545454545454546,0.9772727272727273,0.5909090909090909,1.0,0.9772727272727273,2.0,44,9,44,36,7
KPNEU,piperacillin-tazobactam,aft_known,lolo_KPNEU_ML_002,"(0.005, 0.01]",0.005,0.01,0.0,0.0,0.0,1.0,1.0,0.6666666666666666,1.0,1.0,2.0,6,2,6,4,2
KPNEU,piperacillin-tazobactam,aft_known,lolo_KPNEU_ML_002,"(0.01, 0.02]",0.01,0.02,0.024390243902439025,0.6,0.0,0.9130434782608695,0.9130434782608695,0.6521739130434783,0.973170731707317,0.9130434782608695,2.0,46,9,46,41,5
KPNEU,piperacillin-tazobactam,aft_known,test,"(0.005, 0.01]",0.005,0.01,0.0,0.0,0.0,1.0,1.0,0.6666666666666666,1.0,1.0,2.0,6,2,6,4,2
KPNEU,piperacillin-tazobactam,aft_known,test,"(0.01, 0.02]",0.01,0.02,0.024390243902439025,0.3,0.0,0.9215686274509803,0.9215686274509803,0.6470588235294118,0.9853658536585366,0.9215686274509803,2.0,51,14,51,41,10
KPNEU,piperacillin-tazobactam,aft_known_unitig,cv,"(0.005, 0.01]",0.005,0.01,0.18181818181818182,0.015267175572519083,0.017964071856287425,0.9341317365269461,0.8862275449101796,0.4491017964071856,0.9879713162155911,0.9700598802395209,4.0,167,122,167,33,131
KPNEU,piperacillin-tazobactam,aft_known_unitig,cv,"(0.01, 0.02]",0.01,0.02,0.0,0.031746031746031744,0.03816793893129771,0.9465648854961832,0.7633587786259542,0.3969465648854962,0.999748047367095,0.9847328244274809,4.0,131,66,131,63,63
KPNEU,piperacillin-tazobactam,aft_known_unitig,lolo_KPNEU_ML_001,"(0.005, 0.01]",0.005,0.01,0.0,0.0,0.07142857142857142,0.9285714285714286,0.6428571428571429,0.2857142857142857,1.0,0.9285714285714286,4.0,14,8,14,8,5
KPNEU,piperacillin-tazobactam,aft_known_unitig,lolo_KPNEU_ML_001,"(0.01, 0.02]",0.01,0.02,0.0,0.0,0.022727272727272728,0.9772727272727273,0.6590909090909091,0.36363636363636365,1.0,0.9545454545454546,4.0,44,9,44,36,7
KPNEU,piperacillin-tazobactam,aft_known_unitig,lolo_KPNEU_ML_002,"(0.005, 0.01]",0.005,0.01,0.0,1.0,0.0,0.6666666666666666,0.8333333333333334,0.5,1.0,1.0,4.0,6,2,6,4,2
KPNEU,piperacillin-tazobactam,aft_known_unitig,lolo_KPNEU_ML_002,"(0.01, 0.02]",0.01,0.02,0.0,0.6,0.0,0.9347826086956522,0.9130434782608695,0.5,0.9853658536585366,1.0,4.0,46,9,46,41,5
KPNEU,piperacillin-tazobactam,aft_known_unitig,test,"(0.005, 0.01]",0.005,0.01,0.0,1.0,0.0,0.6666666666666666,0.8333333333333334,0.5,1.0,1.0,4.0,6,2,6,4,2
KPNEU,piperacillin-tazobactam,aft_known_unitig,test,"(0.01, 0.02]",0.01,0.02,0.0,0.4,0.0,0.9215686274509803,0.9215686274509803,0.49019607843137253,0.9902439024390244,1.0,4.0,51,14,51,41,10
KPNEU,piperacillin-tazobactam,b1_lookup,cv,"(0.005, 0.01]",0.005,0.01,0.6666666666666666,0.015267175572519083,0.017964071856287425,0.8383233532934131,0.8023952095808383,0.4491017964071856,0.871616932685635,0.8862275449101796,4.0,167,122,167,33,131
KPNEU,piperacillin-tazobactam,b1_lookup,cv,"(0.01, 0.02]",0.01,0.02,0.8888888888888888,0.031746031746031744,0.03816793893129771,0.5190839694656488,0.46564885496183206,0.19083969465648856,0.6578483245149912,0.5648854961832062,4.0,131,66,131,63,63
KPNEU,piperacillin-tazobactam,b1_lookup,lolo_KPNEU_ML_001,"(0.005, 0.01]",0.005,0.01,0.875,0.0,0.07142857142857142,0.42857142857142855,0.42857142857142855,0.21428571428571427,0.5625,0.5,4.0,14,8,14,8,5
KPNEU,piperacillin-tazobactam,b1_lookup,lolo_KPNEU_ML_001,"(0.01, 0.02]",0.01,0.02,1.0,0.0,0.022727272727272728,0.1590909090909091,0.13636363636363635,0.06818181818181818,0.5,0.20454545454545456,4.0,44,9,44,36,7
KPNEU,piperacillin-tazobactam,b1_lookup,lolo_KPNEU_ML_002,"(0.005, 0.01]",0.005,0.01,0.25,0.5,0.0,0.6666666666666666,0.6666666666666666,0.5,0.8125,0.8333333333333334,4.0,6,2,6,4,2
KPNEU,piperacillin-tazobactam,b1_lookup,lolo_KPNEU_ML_002,"(0.01, 0.02]",0.01,0.02,0.9024390243902439,0.0,0.0,0.1956521739130435,0.15217391304347827,0.10869565217391304,0.6390243902439025,0.1956521739130435,4.0,46,9,46,41,5
KPNEU,piperacillin-tazobactam,b1_lookup,test,"(0.005, 0.01]",0.005,0.01,0.25,0.5,0.0,0.6666666666666666,0.6666666666666666,0.5,0.8125,0.8333333333333334,4.0,6,2,6,4,2
KPNEU,piperacillin-tazobactam,b1_lookup,test,"(0.01, 0.02]",0.01,0.02,0.9024390243902439,0.0,0.0,0.27450980392156865,0.21568627450980393,0.1568627450980392,0.6390243902439025,0.27450980392156865,4.0,51,14,51,41,10
KPNEU,piperacillin-tazobactam,b2_xgb_steps,cv,"(0.005, 0.01]",0.005,0.01,0.3333333333333333,0.015267175572519083,0.017964071856287425,0.9041916167664671,0.8562874251497006,0.5209580838323353,0.9406662040249827,0.8802395209580839,4.0,167,122,167,33,131
KPNEU,piperacillin-tazobactam,b2_xgb_steps,cv,"(0.01, 0.02]",0.01,0.02,0.30158730158730157,0.09523809523809523,0.03816793893129771,0.7709923664122137,0.5114503816793893,0.22137404580152673,0.881708238851096,0.6564885496183206,4.0,131,66,131,63,63
KPNEU,piperacillin-tazobactam,b2_xgb_steps,lolo_KPNEU_ML_001,"(0.005, 0.01]",0.005,0.01,0.0,0.0,0.07142857142857142,0.9285714285714286,0.5,0.21428571428571427,1.0,0.5714285714285714,4.0,14,8,14,8,5
KPNEU,piperacillin-tazobactam,b2_xgb_steps,lolo_KPNEU_ML_001,"(0.01, 0.02]",0.01,0.02,0.027777777777777776,0.14285714285714285,0.022727272727272728,0.9318181818181818,0.4318181818181818,0.1590909090909091,0.9444444444444444,0.4772727272727273,4.0,44,9,44,36,7
KPNEU,piperacillin-tazobactam,b2_xgb_steps,lolo_KPNEU_ML_002,"(0.005, 0.01]",0.005,0.01,0.0,1.0,0.0,0.6666666666666666,0.5,0.16666666666666666,0.625,0.6666666666666666,4.0,6,2,6,4,2
KPNEU,piperacillin-tazobactam,b2_xgb_steps,lolo_KPNEU_ML_002,"(0.01, 0.02]",0.01,0.02,0.1951219512195122,0.4,0.0,0.782608695652174,0.6086956521739131,0.2608695652173913,0.8390243902439024,0.6086956521739131,4.0,46,9,46,41,5
KPNEU,piperacillin-tazobactam,b2_xgb_steps,test,"(0.005, 0.01]",0.005,0.01,0.0,1.0,0.0,0.6666666666666666,0.5,0.16666666666666666,0.625,0.6666666666666666,4.0,6,2,6,4,2
KPNEU,piperacillin-tazobactam,b2_xgb_steps,test,"(0.01, 0.02]",0.01,0.02,0.1951219512195122,0.3,0.0,0.7843137254901961,0.6470588235294118,0.29411764705882354,0.8841463414634146,0.6470588235294118,4.0,51,14,51,41,10
