column_name,source_symbol,class,n_genomes_present
gene_aac_2_iia,aac(2')-IIa,AMINOGLYCOSIDE,2
gene_aac_3_ia,aac(3)-Ia,AMINOGLYCOSIDE,10
gene_aac_3_ib,aac(3)-Ib,AMINOGLYCOSIDE,4
gene_aac_3_ii,aac(3)-II,AMINOGLYCOSIDE,3
gene_aac_3_iid,aac(3)-IId,AMINOGLYCOSIDE,726
gene_aac_3_iie,aac(3)-IIe,AMINOGLYCOSIDE,1573
gene_aac_3_iig,aac(3)-IIg,AMINOGLYCOSIDE,28
gene_aac_3_iva,aac(3)-IVa,AMINOGLYCOSIDE,134
gene_aac_3_via,aac(3)-VIa,AMINOGLYCOSIDE,7
gene_aac_6,aac(6'),AMINOGLYCOSIDE,3
gene_aac_6_31,aac(6')-31,AMINOGLYCOSIDE,2
gene_aac_6_33,aac(6')-33,AMINOGLYCOSIDE,3
gene_aac_6_f309,aac(6')-F309,AMINOGLYCOSIDE,1
gene_aac_6_ia,aac(6')-Ia,AMINOGLYCOSIDE,8
gene_aac_6_ian,aac(6')-Ian,AMINOGLYCOSIDE,1
gene_aac_6_ib,"aac(6')-Ib,aac(6')-Ib'",AMINOGLYCOSIDE,1658
gene_aac_6_ib11,aac(6')-Ib11,AMINOGLYCOSIDE,5
gene_aac_6_ib3,aac(6')-Ib3,,158
gene_aac_6_ib4,aac(6')-Ib4,,46
gene_aac_6_ib_cr,aac(6')-Ib-cr,AMINOGLYCOSIDE/QUINOLONE,76
gene_aac_6_ib_cr5,aac(6')-Ib-cr5,,2160
gene_aac_6_ib_cr7,aac(6')-Ib-cr7,,2
gene_aac_6_iia,aac(6')-IIa,AMINOGLYCOSIDE,6
gene_aac_6_iic,aac(6')-IIc,AMINOGLYCOSIDE,58
gene_aac_6_il,aac(6')-Il,AMINOGLYCOSIDE,26
gene_aac_6_im,aac(6')-Im,AMINOGLYCOSIDE,13
gene_aac_6_iq,aac(6')-Iq,AMINOGLYCOSIDE,12
gene_aaca16,aacA16,,7
gene_aaca43,aacA43,AMINOGLYCOSIDE,1
gene_aada1,aadA1,AMINOGLYCOSIDE,960
gene_aada10,aadA10,AMINOGLYCOSIDE,1
gene_aada11,aadA11,AMINOGLYCOSIDE,3
gene_aada13,aadA13,AMINOGLYCOSIDE,1
gene_aada15,aadA15,AMINOGLYCOSIDE,9
gene_aada16,aadA16,AMINOGLYCOSIDE,449
gene_aada2,aadA2,AMINOGLYCOSIDE,2064
gene_aada21,aadA21,AMINOGLYCOSIDE,1
gene_aada22,aadA22,AMINOGLYCOSIDE,29
gene_aada25,aadA25,AMINOGLYCOSIDE,1
gene_aada3,aadA3,AMINOGLYCOSIDE,2
gene_aada4,aadA4,AMINOGLYCOSIDE,1
gene_aada5,aadA5,AMINOGLYCOSIDE,116
gene_aada6,aadA6,AMINOGLYCOSIDE,1
gene_aada8,aadA8,AMINOGLYCOSIDE,5
gene_ant_2_ia,ant(2'')-Ia,AMINOGLYCOSIDE,137
gene_ant_3,ant(3''),,5
gene_ant_3_ia,ant(3'')-Ia,AMINOGLYCOSIDE,1
gene_ant_3_iia,ant(3'')-IIa,AMINOGLYCOSIDE,1
gene_ant_4_iib,ant(4')-IIb,AMINOGLYCOSIDE,1
gene_aph_2_iia,aph(2'')-IIa,AMINOGLYCOSIDE,13
gene_aph_3,aph(3'),AMINOGLYCOSIDE,2
gene_aph_3_ia,aph(3')-Ia,AMINOGLYCOSIDE,1325
gene_aph_3_ib,"aph(3'')-Ib,aph(3')-Ib",AMINOGLYCOSIDE,2341
gene_aph_3_ii,aph(3')-II,AMINOGLYCOSIDE,39
gene_aph_3_iia,aph(3')-IIa,AMINOGLYCOSIDE,5
gene_aph_3_vi,aph(3')-VI,AMINOGLYCOSIDE,176
gene_aph_3_via,aph(3')-VIa,AMINOGLYCOSIDE,24
gene_aph_3_vib,aph(3')-VIb,AMINOGLYCOSIDE,36
gene_aph_3_xv,aph(3')-XV,AMINOGLYCOSIDE,16
gene_aph_4_ia,aph(4)-Ia,AMINOGLYCOSIDE,130
gene_aph_6_ic,aph(6)-Ic,AMINOGLYCOSIDE,1
gene_aph_6_id,aph(6)-Id,AMINOGLYCOSIDE,2352
gene_apha16,aphA16,AMINOGLYCOSIDE,3
gene_arma,armA,AMINOGLYCOSIDE,240
gene_arr,arr,RIFAMYCIN,38
gene_arr_2,arr-2,RIFAMYCIN,240
gene_arr_3,arr-3,RIFAMYCIN,568
gene_arr_4,arr-4,RIFAMYCIN,1
gene_bla,bla,BETA-LACTAM,20
gene_blaacc,blaACC,BETA-LACTAM,5
gene_blacarb,blaCARB,BETA-LACTAM,17
gene_blacmy,blaCMY,BETA-LACTAM,114
gene_blactx_m,blaCTX-M,BETA-LACTAM,3798
gene_bladha,blaDHA,BETA-LACTAM,216
gene_blaec,blaEC,BETA-LACTAM,2
gene_blafox,blaFOX,BETA-LACTAM,14
gene_blages,blaGES,BETA-LACTAM,4
gene_blages_19,blaGES-19,BETA-LACTAM,2
gene_blages_20,blaGES-20,BETA-LACTAM,2
gene_blages_24,blaGES-24,BETA-LACTAM,3
gene_blages_26,blaGES-26,BETA-LACTAM,1
gene_blages_4,blaGES-4,BETA-LACTAM,3
gene_blages_40,blaGES-40,BETA-LACTAM,1
gene_blages_5,blaGES-5,BETA-LACTAM,3
gene_blaimp,blaIMP,BETA-LACTAM,1
gene_blaimp_1,blaIMP-1,BETA-LACTAM,49
gene_blaimp_15,blaIMP-15,BETA-LACTAM,1
gene_blaimp_18,blaIMP-18,BETA-LACTAM,1
gene_blaimp_19,blaIMP-19,BETA-LACTAM,11
gene_blaimp_6,blaIMP-6,BETA-LACTAM,19
gene_blakpc,blaKPC,BETA-LACTAM,23
gene_blakpc_11,blaKPC-11,BETA-LACTAM,1
gene_blakpc_12,blaKPC-12,BETA-LACTAM,1
gene_blakpc_157,blaKPC-157,BETA-LACTAM,1
gene_blakpc_166,blaKPC-166,BETA-LACTAM,1
gene_blakpc_2,blaKPC-2,BETA-LACTAM,1195
gene_blakpc_3,blaKPC-3,BETA-LACTAM,577
gene_blakpc_4,blaKPC-4,BETA-LACTAM,6
gene_blakpc_45,blaKPC-45,BETA-LACTAM,1
gene_blakpc_7,blaKPC-7,BETA-LACTAM,1
gene_blakpc_8,blaKPC-8,BETA-LACTAM,2
gene_blalap,blaLAP,BETA-LACTAM,320
gene_blalen,blaLEN,BETA-LACTAM,35
gene_blamox,blaMOX,BETA-LACTAM,2
gene_blandm,blaNDM,BETA-LACTAM,6
gene_blandm_1,blaNDM-1,BETA-LACTAM,431
gene_blandm_19,blaNDM-19,BETA-LACTAM,2
gene_blandm_4,blaNDM-4,BETA-LACTAM,90
gene_blandm_5,blaNDM-5,BETA-LACTAM,66
gene_blandm_50,blaNDM-50,BETA-LACTAM,1
gene_blandm_7,blaNDM-7,BETA-LACTAM,20
gene_blaokp_a,blaOKP-A,BETA-LACTAM,14
gene_blaokp_b,blaOKP-B,BETA-LACTAM,31
gene_blaoxa,blaOXA,BETA-LACTAM,139
gene_blaoxa_1,blaOXA-1,BETA-LACTAM,1830
gene_blaoxa_10,blaOXA-10,BETA-LACTAM,112
gene_blaoxa_1391,blaOXA-1391,BETA-LACTAM,10
gene_blaoxa_162,blaOXA-162,BETA-LACTAM,3
gene_blaoxa_163,blaOXA-163,BETA-LACTAM,1
gene_blaoxa_181,blaOXA-181,BETA-LACTAM,118
gene_blaoxa_2,blaOXA-2,BETA-LACTAM,37
gene_blaoxa_204,blaOXA-204,BETA-LACTAM,10
gene_blaoxa_232,blaOXA-232,BETA-LACTAM,61
gene_blaoxa_427,blaOXA-427,BETA-LACTAM,1
gene_blaoxa_48,blaOXA-48,BETA-LACTAM,489
gene_blaoxa_534,blaOXA-534,BETA-LACTAM,3
gene_blaoxa_58,blaOXA-58,BETA-LACTAM,1
gene_blaoxa_663,blaOXA-663,BETA-LACTAM,1
gene_blaoxa_827,blaOXA-827,BETA-LACTAM,1
gene_blaoxa_9,blaOXA-9,BETA-LACTAM,317
gene_blaoxa_932,blaOXA-932,BETA-LACTAM,7
gene_blaoxy,blaOXY,BETA-LACTAM,1
gene_blaoxy_5,blaOXY-5,BETA-LACTAM,1
gene_blasco,blaSCO,BETA-LACTAM,73
gene_blashv,blaSHV,BETA-LACTAM,7114
gene_blashv_2a,blaSHV-2A,,34
gene_blatem,blaTEM,BETA-LACTAM,3985
gene_blaveb,blaVEB,BETA-LACTAM,18
gene_blavim,blaVIM,BETA-LACTAM,1
gene_blavim_1,blaVIM-1,BETA-LACTAM,43
gene_blavim_19,blaVIM-19,BETA-LACTAM,2
gene_blavim_2,blaVIM-2,BETA-LACTAM,1
gene_blavim_27,blaVIM-27,BETA-LACTAM,3
gene_blavim_4,blaVIM-4,BETA-LACTAM,28
gene_blaz,blaZ,BETA-LACTAM,1
gene_ble,ble,BLEOMYCIN,628
gene_bleo,bleO,BLEOMYCIN,28
gene_cata,catA,PHENICOL,9
gene_cata1,catA1,PHENICOL,1386
gene_cata2,catA2,PHENICOL,507
gene_catb,catB,PHENICOL,98
gene_catb11,catB11,,14
gene_catb2,catB2,PHENICOL,21
gene_catb3,catB3,PHENICOL,1941
gene_catb6,catB6,,5
gene_catb8,catB8,PHENICOL,1
gene_cdia,cdiA,BETA-LACTAM,1
gene_cfr,cfr,LINCOSAMIDE/OXAZOLIDINONE/PHENICOL/PLEUROMUTILIN/STREPTOGRAMIN,1
gene_cmla,cmlA,PHENICOL,5
gene_cmla1,cmlA1,PHENICOL,152
gene_cmla10,cmlA10,,1
gene_cmla4,cmlA4,PHENICOL,20
gene_cmla5,cmlA5,PHENICOL,159
gene_cmlb,cmlB,PHENICOL,1
gene_dfra,dfrA,TRIMETHOPRIM,2
gene_dfra1,dfrA1,TRIMETHOPRIM,398
gene_dfra10,dfrA10,TRIMETHOPRIM,1
gene_dfra12,dfrA12,TRIMETHOPRIM,1685
gene_dfra14,dfrA14,TRIMETHOPRIM,2091
gene_dfra15,dfrA15,TRIMETHOPRIM,89
gene_dfra16,dfrA16,TRIMETHOPRIM,17
gene_dfra17,dfrA17,TRIMETHOPRIM,109
gene_dfra18,dfrA18,TRIMETHOPRIM,2
gene_dfra19,dfrA19,TRIMETHOPRIM,40
gene_dfra21,dfrA21,TRIMETHOPRIM,6
gene_dfra22,dfrA22,TRIMETHOPRIM,40
gene_dfra23,dfrA23,TRIMETHOPRIM,7
gene_dfra25,dfrA25,TRIMETHOPRIM,9
gene_dfra26,dfrA26,TRIMETHOPRIM,20
gene_dfra27,dfrA27,TRIMETHOPRIM,451
gene_dfra30,dfrA30,TRIMETHOPRIM,73
gene_dfra32,dfrA32,TRIMETHOPRIM,1
gene_dfra33,dfrA33,TRIMETHOPRIM,1
gene_dfra35,dfrA35,TRIMETHOPRIM,1
gene_dfra5,dfrA5,TRIMETHOPRIM,101
gene_dfra50,dfrA50,TRIMETHOPRIM,497
gene_dfra7,dfrA7,TRIMETHOPRIM,24
gene_dfra8,dfrA8,TRIMETHOPRIM,17
gene_dfrb1,dfrB1,TRIMETHOPRIM,12
gene_dfrb3,dfrB3,,2
gene_dfrb5,dfrB5,TRIMETHOPRIM,1
gene_dfrb9,dfrB9,,3
gene_emrd,emrD,EFFLUX,7205
gene_ere_a,ere(A),MACROLIDE,98
gene_ere_b,ere(B),MACROLIDE,13
gene_erm,erm,,3
gene_erm_42,erm(42),LINCOSAMIDE/MACROLIDE,45
gene_erm_52,erm(52),MACROLIDE,1
gene_erm_b,erm(B),LINCOSAMIDE/MACROLIDE/STREPTOGRAMIN,89
gene_estx,estX,MACROLIDE,1
gene_estx_3,estX-3,MACROLIDE,138
gene_flor,floR,PHENICOL,393
gene_flor2,floR2,PHENICOL,38
gene_fosa,fosA,,6895
gene_fosa10,fosA10,,208
gene_fosa3,fosA3,,54
gene_fosa4,fosA4,,2
gene_fosa5,fosA5,,111
gene_fosa7,fosA7,,117
gene_fosa9,fosA9,,8
gene_fosi,fosI,FOSFOMYCIN,1
gene_fosx,fosX,FOSFOMYCIN,1
gene_lnu_f,lnu(F),LINCOSAMIDE,32
gene_lnu_g,lnu(G),LINCOSAMIDE,1
gene_mcr_1,mcr-1,COLISTIN,1
gene_mcr_10_1,mcr-10.1,,2
gene_mcr_1_1,mcr-1.1,,11
gene_mcr_3_1,mcr-3.1,,1
gene_mcr_3_20,mcr-3.20,,2
gene_mcr_3_21,mcr-3.21,,2
gene_mcr_3_22,mcr-3.22,,4
gene_mcr_3_26,mcr-3.26,,1
gene_mcr_3_4,mcr-3.4,,1
gene_mcr_5,mcr-5,COLISTIN,1
gene_mcr_8_1,mcr-8.1,,1
gene_mcr_9_1,mcr-9.1,,34
gene_mcr_9_2,mcr-9.2,,11
gene_mef_b,mef(B),MACROLIDE,3
gene_mph_a,mph(A),MACROLIDE,2045
gene_mph_b,mph(B),MACROLIDE,1
gene_mph_e,mph(E),MACROLIDE,258
gene_mrx_a,mrx(A),MACROLIDE,2029
gene_msr_e,msr(E),MACROLIDE/STREPTOGRAMIN,260
gene_oqxa,oqxA,NITROFURAN/PHENICOL/QUINOLONE/TETRACYCLINE,6340
gene_oqxa10,oqxA10,,260
gene_oqxa11,oqxA11,,238
gene_oqxa3,oqxA3,,109
gene_oqxa4,oqxA4,,4
gene_oqxa5,oqxA5,,1
gene_oqxa6,oqxA6,,1
gene_oqxb,oqxB,NITROFURAN/PHENICOL/QUINOLONE/TETRACYCLINE,3674
gene_oqxb10,oqxB10,,2
gene_oqxb14,oqxB14,,147
gene_oqxb15,oqxB15,,9
gene_oqxb17,oqxB17,,2
gene_oqxb19,oqxB19,,1834
gene_oqxb20,oqxB20,,236
gene_oqxb21,oqxB21,,3
gene_oqxb22,oqxB22,,2
gene_oqxb25,oqxB25,,505
gene_oqxb27,oqxB27,,5
gene_oqxb31,oqxB31,,1
gene_oqxb32,oqxB32,,366
gene_oqxb5,oqxB5,,240
gene_oqxb6,oqxB6,,8
gene_oqxb9,oqxB9,,10
gene_qepa1,qepA1,,8
gene_qnra,qnrA,QUINOLONE,1
gene_qnra1,qnrA1,,45
gene_qnra3,qnrA3,,5
gene_qnra6,qnrA6,,21
gene_qnrb,qnrB,QUINOLONE,47
gene_qnrb1,qnrB1,,1062
gene_qnrb10,qnrB10,,1
gene_qnrb12,qnrB12,,12
gene_qnrb17,qnrB17,,46
gene_qnrb19,qnrB19,,34
gene_qnrb2,qnrB2,,24
gene_qnrb4,qnrB4,,234
gene_qnrb52,qnrB52,,14
gene_qnrb6,qnrB6,,209
gene_qnrb7,qnrB7,,20
gene_qnrb9,qnrB9,,18
gene_qnrb91,qnrB91,,33
gene_qnre1,qnrE1,,8
gene_qnre2,qnrE2,,1
gene_qnrs,qnrS,QUINOLONE,23
gene_qnrs1,qnrS1,,964
gene_qnrs13,qnrS13,,1
gene_qnrs2,qnrS2,,5
gene_qnrvc1,qnrVC1,,1
gene_qnrvc4,qnrVC4,,1
gene_rdmcl,rdmCL,MACROLIDE,1
gene_rmtb,rmtB,AMINOGLYCOSIDE,4
gene_rmtb1,rmtB1,,212
gene_rmtb4,rmtB4,,1
gene_rmtc,rmtC,AMINOGLYCOSIDE,28
gene_rmtd1,rmtD1,,2
gene_rmtd2,rmtD2,,1
gene_rmtf,rmtF,AMINOGLYCOSIDE,23
gene_rmtf1,rmtF1,,79
gene_rmtg,rmtG,AMINOGLYCOSIDE,1
gene_rmth,rmtH,AMINOGLYCOSIDE,1
gene_sat2,sat2,,81
gene_smfy,smfY,EFFLUX,1
gene_sul1,sul1,SULFONAMIDE,3427
gene_sul2,sul2,SULFONAMIDE,2406
gene_sul3,sul3,SULFONAMIDE,158
gene_tet_a,tet(A),TETRACYCLINE,1878
gene_tet_b,tet(B),TETRACYCLINE,57
gene_tet_c,tet(C),TETRACYCLINE,7
gene_tet_d,tet(D),TETRACYCLINE,1035
gene_tet_g,tet(G),TETRACYCLINE,38
gene_tet_j,tet(J),TETRACYCLINE,1
gene_tet_l,tet(L),TETRACYCLINE,1
gene_tet_m,tet(M),TETRACYCLINE,5
gene_tet_w,tet(W),TETRACYCLINE,2
gene_tet_x4,tet(X4),TETRACYCLINE,1
gene_tet_x5,tet(X5),TETRACYCLINE,1
gene_tmexc1,tmexC1,,1
gene_tmexc2,tmexC2,,2
gene_tmexc3,tmexC3,,2
gene_tmexd,tmexD,TETRACYCLINE,1
gene_tmexd1,tmexD1,,1
gene_tmexd2,tmexD2,,2
gene_tmexd3,tmexD3,,1
gene_toprj,toprJ,TETRACYCLINE,1
gene_toprj1,toprJ1,,2
gene_toprj2,toprJ2,,2
point_acrr_m109i,acrR_M109I,TETRACYCLINE,7
point_acrr_v165i,acrR_V165I,TETRACYCLINE,44
point_acrr_y114f,acrR_Y114F,TETRACYCLINE,45
point_blashv_c_112a,blaSHV_C-112A,BETA-LACTAM,222
point_cira_a251efster26,cirA_A251EfsTer26,,1
point_cira_a36pfster30,cirA_A36PfsTer30,,1
point_cira_a414gfster2,cirA_A414GfsTer2,,1
point_cira_a614gfster19,cirA_A614GfsTer19,,1
point_cira_c432ter,cirA_C432Ter,,1
point_cira_d443terfster0,cirA_D443TerfsTer0,,1
point_cira_e175ter,cirA_E175Ter,,1
point_cira_e30ter,cirA_E30Ter,,1
point_cira_e366ter,cirA_E366Ter,,1
point_cira_e528ter,cirA_E528Ter,,1
point_cira_f362lfster13,cirA_F362LfsTer13,,4
point_cira_f566vfster44,cirA_F566VfsTer44,,1
point_cira_g180tfster9,cirA_G180TfsTer9,,1
point_cira_h384gfster2,cirA_H384GfsTer2,,1
point_cira_i124tfster5,cirA_I124TfsTer5,,1
point_cira_i159sfster8,cirA_I159SfsTer8,,1
point_cira_k157ter,cirA_K157Ter,,1
point_cira_k208sfster5,cirA_K208SfsTer5,,3
point_cira_l193afster26,cirA_L193AfsTer26,,1
point_cira_l32mfster6,cirA_L32MfsTer6,,1
point_cira_l58ter,cirA_L58Ter,,1
point_cira_n122tfster45,cirA_N122TfsTer45,,1
point_cira_n299kfster26,cirA_N299KfsTer26,,2
point_cira_n301kfster26,cirA_N301KfsTer26,,5
point_cira_n570tfster15,cirA_N570TfsTer15,,1
point_cira_q215ter,cirA_Q215Ter,,1
point_cira_q55ter,cirA_Q55Ter,,1
point_cira_q562ter,cirA_Q562Ter,,5
point_cira_q64ter,cirA_Q64Ter,,1
point_cira_r269afster8,cirA_R269AfsTer8,,1
point_cira_r368afster7,cirA_R368AfsTer7,,1
point_cira_t79sfster16,cirA_T79SfsTer16,,1
point_cira_v113sfster54,cirA_V113SfsTer54,,2
point_cira_v151wfster16,cirA_V151WfsTer16,,1
point_cira_w241ter,cirA_W241Ter,,1
point_cira_w367ter,cirA_W367Ter,,1
point_cira_w581ter,cirA_W581Ter,,1
point_cira_y203ter,cirA_Y203Ter,,1
point_cira_y387ter,cirA_Y387Ter,,1
point_cira_y457sfster26,cirA_Y457SfsTer26,,8
point_cira_y584ter,cirA_Y584Ter,,1
point_cira_y584tfster1,cirA_Y584TfsTer1,,1
point_cira_y97ifster2,cirA_Y97IfsTer2,,5
point_crrb_g183v,crrB_G183V,COLISTIN,7
point_crrb_l94m,crrB_L94M,COLISTIN,15
point_crrb_n141y,crrB_N141Y,COLISTIN,1
point_crrb_p151l,crrB_P151L,COLISTIN,6
point_crrb_p151s,crrB_P151S,COLISTIN,1
point_crrb_q10l,crrB_Q10L,COLISTIN,3
point_crrb_s195n,crrB_S195N,COLISTIN,2
point_crrb_w140r,crrB_W140R,COLISTIN,1
point_ftsi_l367q,ftsI_L367Q,BETA-LACTAM,1
point_gyra_d87a,gyrA_D87A,QUINOLONE,550
point_gyra_d87g,gyrA_D87G,QUINOLONE,236
point_gyra_d87n,gyrA_D87N,QUINOLONE,1228
point_gyra_d87y,gyrA_D87Y,QUINOLONE,44
point_gyra_s83f,gyrA_S83F,QUINOLONE,913
point_gyra_s83i,gyrA_S83I,QUINOLONE,2871
point_gyra_s83l,gyrA_S83L,QUINOLONE,4
point_gyra_s83t,gyrA_S83T,QUINOLONE,1
point_gyra_s83y,gyrA_S83Y,QUINOLONE,386
point_lapb_v43g,lapB_V43G,COLISTIN,1
point_lpxm_v30g,lpxM_V30G,COLISTIN,1
point_mgrb_a14s,mgrB_A14S,COLISTIN,1
point_mgrb_c16ter,mgrB_C16Ter,,1
point_mgrb_c28f,mgrB_C28F,COLISTIN,5
point_mgrb_c28ter,mgrB_C28Ter,,1
point_mgrb_c28y,mgrB_C28Y,COLISTIN,2
point_mgrb_c39ter,mgrB_C39Ter,COLISTIN,1
point_mgrb_d31n,mgrB_D31N,COLISTIN,3
point_mgrb_f34hfster4,mgrB_F34HfsTer4,,1
point_mgrb_f35sfster37,mgrB_F35SfsTer37,,18
point_mgrb_g37s,mgrB_G37S,COLISTIN,3
point_mgrb_g37vfster32,mgrB_G37VfsTer32,,2
point_mgrb_g37yfster1,mgrB_G37YfsTer1,,18
point_mgrb_i10qfster3,mgrB_I10QfsTer3,,1
point_mgrb_i12hfster13,mgrB_I12HfsTer13,,3
point_mgrb_i13hfster13,mgrB_I13HfsTer13,,1
point_mgrb_k3ter,mgrB_K3Ter,,20
point_mgrb_k43ter,mgrB_K43Ter,,19
point_mgrb_l18ter,mgrB_L18Ter,,3
point_mgrb_l24inster36,mgrB_L24insTer36,,1
point_mgrb_l24inster9,mgrB_L24insTer9,,2
point_mgrb_l4ter,mgrB_L4Ter,,11
point_mgrb_l8ffster14,mgrB_L8FfsTer14,,1
point_mgrb_l8ter,mgrB_L8Ter,,1
point_mgrb_l8yfster1,mgrB_L8YfsTer1,,1
point_mgrb_m27k,mgrB_M27K,COLISTIN,22
point_mgrb_n25kfster9,mgrB_N25KfsTer9,,2
point_mgrb_n25rfster14,mgrB_N25RfsTer14,,2
point_mgrb_n25tfster1,mgrB_N25TfsTer1,,3
point_mgrb_n42ifster30,mgrB_N42IfsTer30,,2
point_mgrb_q30rfster42,mgrB_Q30RfsTer42,,1
point_mgrb_q30ter,mgrB_Q30Ter,COLISTIN,27
point_mgrb_q33ter,mgrB_Q33Ter,,2
point_mgrb_t21lfster2,mgrB_T21LfsTer2,,8
point_mgrb_v26inster6,mgrB_V26insTer6,,2
point_mgrb_v32g,mgrB_V32G,COLISTIN,1
point_mgrb_w20r,mgrB_W20R,COLISTIN,5
point_mgrb_w20ter,mgrB_W20Ter,,5
point_mgrb_w47r,mgrB_W47R,COLISTIN,5
point_mgrb_w6ter,mgrB_W6Ter,,2
point_mrda_t529n,mrdA_T529N,BETA-LACTAM,7
point_nfsb_a125lfster11,nfsB_A125LfsTer11,,2
point_nfsb_e102ter,nfsB_E102Ter,,17
point_nfsb_e103ter,nfsB_E103Ter,,4
point_nfsb_e175ter,nfsB_E175Ter,,1
point_nfsb_k21sfster1,nfsB_K21SfsTer1,,4
point_nfsb_q35ter,nfsB_Q35Ter,,11
point_nfsb_v167gfster7,nfsB_V167GfsTer7,,27
point_nfsb_v83gfster35,nfsB_V83GfsTer35,,1
point_nfsb_y36ter,nfsB_Y36Ter,,3
point_ompk35_a105rfster7,ompK35_A105RfsTer7,,2
point_ompk35_a119gfster13,ompK35_A119GfsTer13,,4
point_ompk35_a13cfster14,ompK35_A13CfsTer14,,3
point_ompk35_a13cfster2,ompK35_A13CfsTer2,,1
point_ompk35_a153terfster0,ompK35_A153TerfsTer0,,1
point_ompk35_a170gfster83,ompK35_A170GfsTer83,,7
point_ompk35_a194qfster59,ompK35_A194QfsTer59,,1
point_ompk35_a19cfster8,ompK35_A19CfsTer8,,1
point_ompk35_a19qfster44,ompK35_A19QfsTer44,,1
point_ompk35_a204yfster10,ompK35_A204YfsTer10,,1
point_ompk35_a207qfster2,ompK35_A207QfsTer2,,2
point_ompk35_a229pfster21,ompK35_A229PfsTer21,,1
point_ompk35_a229pfster24,ompK35_A229PfsTer24,,3
point_ompk35_a244pfster9,ompK35_A244PfsTer9,,3
point_ompk35_a270sfster7,ompK35_A270SfsTer7,,1
point_ompk35_a346sfster22,ompK35_A346SfsTer22,,1
point_ompk35_a346vfster23,ompK35_A346VfsTer23,,1
point_ompk35_a351gfster31,ompK35_A351GfsTer31,,1
point_ompk35_a59gfster21,ompK35_A59GfsTer21,,8
point_ompk35_d142tfster5,ompK35_D142TfsTer5,,1
point_ompk35_d159afster8,ompK35_D159AfsTer8,,4
point_ompk35_d165afster85,ompK35_D165AfsTer85,,4
point_ompk35_d293tfster30,ompK35_D293TfsTer30,,1
point_ompk35_d71terfster0,ompK35_D71TerfsTer0,,1
point_ompk35_e107ter,ompK35_E107Ter,,1
point_ompk35_e124ter,ompK35_E124Ter,,1
point_ompk35_e132k,ompK35_E132K,BETA-LACTAM,168
point_ompk35_e132ter,ompK35_E132Ter,,1
point_ompk35_e24ter,ompK35_E24Ter,,1
point_ompk35_e257ter,ompK35_E257Ter,,2
point_ompk35_e312ter,ompK35_E312Ter,,7
point_ompk35_e42rfster47,ompK35_E42RfsTer47,,1145
point_ompk35_e66ter,ompK35_E66Ter,,1
point_ompk35_f100lfster39,ompK35_F100LfsTer39,,2
point_ompk35_f161sfster6,ompK35_F161SfsTer6,,1
point_ompk35_f300lfster25,ompK35_F300LfsTer25,,25
point_ompk35_g118afster27,ompK35_G118AfsTer27,,1
point_ompk35_g134afster11,ompK35_G134AfsTer11,,5
point_ompk35_g151lfster2,ompK35_G151LfsTer2,,1
point_ompk35_g188afster65,ompK35_G188AfsTer65,,3
point_ompk35_g18vfster45,ompK35_G18VfsTer45,,1
point_ompk35_g208vfster5,ompK35_G208VfsTer5,,570
point_ompk35_g37ter,ompK35_G37Ter,,1
point_ompk35_g49afster14,ompK35_G49AfsTer14,,1
point_ompk35_g62afster1,ompK35_G62AfsTer1,,150
point_ompk35_g77vfster26,ompK35_G77VfsTer26,,3
point_ompk35_g90vfster13,ompK35_G90VfsTer13,,1
point_ompk35_h43afster22,ompK35_H43AfsTer22,,1
point_ompk35_i11dfster16,ompK35_I11DfsTer16,,2
point_ompk35_i25kfster39,ompK35_I25KfsTer39,,50
point_ompk35_i69sfster1,ompK35_I69SfsTer1,,4
point_ompk35_k176ter,ompK35_K176Ter,,6
point_ompk35_k185ter,ompK35_K185Ter,,4
point_ompk35_k226pfster21,ompK35_K226PfsTer21,,1
point_ompk35_k235ter,ompK35_K235Ter,,1
point_ompk35_k28wfster30,ompK35_K28WfsTer30,,1
point_ompk35_k309nfster14,ompK35_K309NfsTer14,,2
point_ompk35_k309tfster1,ompK35_K309TfsTer1,,1
point_ompk35_k321lfster10,ompK35_K321LfsTer10,,1
point_ompk35_l14gfster11,ompK35_L14GfsTer11,,3
point_ompk35_l15cfster2,ompK35_L15CfsTer2,,1
point_ompk35_l63kfster7,ompK35_L63KfsTer7,,1
point_ompk35_l73ter,ompK35_L73Ter,,1
point_ompk35_m39nfster31,ompK35_M39NfsTer31,,1
point_ompk35_m39wfster24,ompK35_M39WfsTer24,,2
point_ompk35_n116pfster1,ompK35_N116PfsTer1,,3
point_ompk35_n116rfster13,ompK35_N116RfsTer13,,3
point_ompk35_n139efster18,ompK35_N139EfsTer18,,1
point_ompk35_n143tfster2,ompK35_N143TfsTer2,,1
point_ompk35_n177tfster76,ompK35_N177TfsTer76,,1
point_ompk35_n21kfster42,ompK35_N21KfsTer42,,5
point_ompk35_n21tfster42,ompK35_N21TfsTer42,,2
point_ompk35_n29tfster34,ompK35_N29TfsTer34,,88
point_ompk35_n322tfster1,ompK35_N322TfsTer1,,1
point_ompk35_n70sfster4,ompK35_N70SfsTer4,,1
point_ompk35_p12sfster10,ompK35_P12SfsTer10,,9
point_ompk35_p12wfster1,ompK35_P12WfsTer1,,68
point_ompk35_p255qfster5,ompK35_P255QfsTer5,,33
point_ompk35_q174ter,ompK35_Q174Ter,,3
point_ompk35_q186ter,ompK35_Q186Ter,,1
point_ompk35_q273ter,ompK35_Q273Ter,,30
point_ompk35_q275hfster11,ompK35_Q275HfsTer11,,3
point_ompk35_q275ter,ompK35_Q275Ter,,2
point_ompk35_q288ter,ompK35_Q288Ter,,4
point_ompk35_q68ter,ompK35_Q68Ter,,2
point_ompk35_q78sfster25,ompK35_Q78SfsTer25,,1
point_ompk35_q78ter,ompK35_Q78Ter,,4
point_ompk35_q92ter,ompK35_Q92Ter,,1
point_ompk35_q92tfster22,ompK35_Q92TfsTer22,,1
point_ompk35_r115vfster30,ompK35_R115VfsTer30,,14
point_ompk35_r148pfster20,ompK35_R148PfsTer20,,2
point_ompk35_r181pfster73,ompK35_R181PfsTer73,,1
point_ompk35_r184afster69,ompK35_R184AfsTer69,,1
point_ompk35_r60lfster31,ompK35_R60LfsTer31,,27
point_ompk35_r97vfster6,ompK35_R97VfsTer6,,1
point_ompk35_s110yfster35,ompK35_S110YfsTer35,,1
point_ompk35_s206cfster48,ompK35_S206CfsTer48,,1
point_ompk35_s233lfster20,ompK35_S233LfsTer20,,1
point_ompk35_s53tfster9,ompK35_S53TfsTer9,,2
point_ompk35_s86cfster4,ompK35_S86CfsTer4,,1
point_ompk35_s86vfster3,ompK35_S86VfsTer3,,2
point_ompk35_t149qfster14,ompK35_T149QfsTer14,,2
point_ompk35_t232rfster22,ompK35_T232RfsTer22,,1
point_ompk35_t232sfster10,ompK35_T232SfsTer10,,1
point_ompk35_t47dfster43,ompK35_T47DfsTer43,,1
point_ompk35_t47hfster42,ompK35_T47HfsTer42,,13
point_ompk35_t47pfster16,ompK35_T47PfsTer16,,5
point_ompk35_t51afster11,ompK35_T51AfsTer11,,1
point_ompk35_t51ifster8,ompK35_T51IfsTer8,,1
point_ompk35_t67lfster6,ompK35_T67LfsTer6,,1
point_ompk35_t96pfster7,ompK35_T96PfsTer7,,23
point_ompk35_v10gfster6,ompK35_V10GfsTer6,,8
point_ompk35_v123rfster9,ompK35_V123RfsTer9,,1
point_ompk35_v131ifster17,ompK35_V131IfsTer17,,3
point_ompk35_v131lfster14,ompK35_V131LfsTer14,,17
point_ompk35_v40sfster23,ompK35_V40SfsTer23,,1
point_ompk35_w133ter,ompK35_W133Ter,,8
point_ompk35_w138ter,ompK35_W138Ter,,17
point_ompk35_w230gfster23,ompK35_W230GfsTer23,,3
point_ompk35_w230ter,ompK35_W230Ter,BETA-LACTAM,115
point_ompk35_w316ter,ompK35_W316Ter,,12
point_ompk35_w45ter,ompK35_W45Ter,,6
point_ompk35_w79ter,ompK35_W79Ter,,3
point_ompk35_y108terfster0,ompK35_Y108TerfsTer0,,19
point_ompk35_y113terfster0,ompK35_Y113TerfsTer0,,1
point_ompk35_y117afster31,ompK35_Y117AfsTer31,,1
point_ompk35_y117ter,ompK35_Y117Ter,,2
point_ompk35_y140ifster5,ompK35_Y140IfsTer5,,5
point_ompk35_y144ter,ompK35_Y144Ter,,2
point_ompk35_y155ter,ompK35_Y155Ter,,2
point_ompk35_y173ter,ompK35_Y173Ter,,8
point_ompk35_y197ter,ompK35_Y197Ter,,1
point_ompk35_y197tfster56,ompK35_Y197TfsTer56,,3
point_ompk35_y209ter,ompK35_Y209Ter,,1
point_ompk35_y26ter,ompK35_Y26Ter,,1
point_ompk35_y318terfster0,ompK35_Y318TerfsTer0,,3
point_ompk35_y326ter,ompK35_Y326Ter,,1
point_ompk35_y329ter,ompK35_Y329Ter,,5
point_ompk35_y339ter,ompK35_Y339Ter,,2
point_ompk35_y36ter,ompK35_Y36Ter,,2
point_ompk35_y76ter,ompK35_Y76Ter,,4
point_ompk35_y76terfster0,ompK35_Y76TerfsTer0,,13
point_ompk35_y81ter,ompK35_Y81Ter,,2
point_ompk36_a12lfster3,ompK36_A12LfsTer3,,1
point_ompk36_a147lfster18,ompK36_A147LfsTer18,,1
point_ompk36_a21v,ompK36_A21V,BETA-LACTAM,1
point_ompk36_a251efster51,ompK36_A251EfsTer51,,1
point_ompk36_a275inster9,ompK36_A275insTer9,,2
point_ompk36_a298rfster6,ompK36_A298RfsTer6,,2
point_ompk36_a323rfster50,ompK36_A323RfsTer50,,2
point_ompk36_a98sfster18,ompK36_A98SfsTer18,,1
point_ompk36_agslg269inster49,ompK36_AGSLG269insTer49,,1
point_ompk36_d111afster7,ompK36_D111AfsTer7,,1
point_ompk36_d121pfster41,ompK36_D121PfsTer41,,2
point_ompk36_d127gfster40,ompK36_D127GfsTer40,,1
point_ompk36_d127tfster38,ompK36_D127TfsTer38,,1
point_ompk36_d135dd,ompK36_D135DD,BETA-LACTAM,68
point_ompk36_d135dgd,ompK36_D135DGD,BETA-LACTAM,1108
point_ompk36_d135gfster5,ompK36_D135GfsTer5,,1
point_ompk36_d208mfster35,ompK36_D208MfsTer35,,1
point_ompk36_d290tfster18,ompK36_D290TfsTer18,,1
point_ompk36_d306rfster11,ompK36_D306RfsTer11,,1
point_ompk36_d51rfster36,ompK36_D51RfsTer36,,1
point_ompk36_d53gfster34,ompK36_D53GfsTer34,,1
point_ompk36_d91vfster11,ompK36_D91VfsTer11,,1
point_ompk36_e131ter,ompK36_E131Ter,,2
point_ompk36_e181ter,ompK36_E181Ter,,5
point_ompk36_e78gfster9,ompK36_E78GfsTer9,,1
point_ompk36_g108lfster9,ompK36_G108LfsTer9,,1
point_ompk36_g133d,ompK36_G133D,BETA-LACTAM,2
point_ompk36_g138tfster28,ompK36_G138TfsTer28,,1
point_ompk36_g176_d306del,ompK36_G176_D306del,,1
point_ompk36_g17efster6,ompK36_G17EfsTer6,,1
point_ompk36_g198rfster9,ompK36_G198RfsTer9,,2
point_ompk36_g245efster28,ompK36_G245EfsTer28,,1
point_ompk36_g29gallnkter,ompK36_G29GALLNKTer,,1
point_ompk36_g36gallnkter,ompK36_G36GALLNKTer,,1
point_ompk36_g60afster1,ompK36_G60AfsTer1,,1
point_ompk36_i67rfster10,ompK36_I67RfsTer10,,1
point_ompk36_k103ter,ompK36_K103Ter,,1
point_ompk36_k174terfster0,ompK36_K174TerfsTer0,,1
point_ompk36_k223nfster24,ompK36_K223NfsTer24,,1
point_ompk36_k231sfster16,ompK36_K231SfsTer16,,1
point_ompk36_k231ter,ompK36_K231Ter,,1
point_ompk36_k27ifster5,ompK36_K27IfsTer5,,1
point_ompk36_k2ter,ompK36_K2Ter,,1
point_ompk36_l13cfster2,ompK36_L13CfsTer2,,1
point_ompk36_l165afster1,ompK36_L165AfsTer1,,1
point_ompk36_l205sfster3,ompK36_L205SfsTer3,,1
point_ompk36_l307lter,ompK36_L307LTer,,1
point_ompk36_l32ffster28,ompK36_L32FfsTer28,,1
point_ompk36_l32inster7,ompK36_L32insTer7,,1
point_ompk36_l32ter,ompK36_L32Ter,,1
point_ompk36_m57tfster3,ompK36_M57TfsTer3,,1
point_ompk36_n115inster8,ompK36_N115insTer8,,2
point_ompk36_n115yfster3,ompK36_N115YfsTer3,,1
point_ompk36_n141rfster2,ompK36_N141RfsTer2,,2
point_ompk36_n175kfster33,ompK36_N175KfsTer33,,1
point_ompk36_n175tfster18,ompK36_N175TfsTer18,,3
point_ompk36_n175tfster27,ompK36_N175TfsTer27,,1
point_ompk36_n20kfster3,ompK36_N20KfsTer3,,1
point_ompk36_n20mfster12,ompK36_N20MfsTer12,,2
point_ompk36_n221vfster23,ompK36_N221VfsTer23,,2
point_ompk36_n229ifster18,ompK36_N229IfsTer18,,1
point_ompk36_n229terfster0,ompK36_N229TerfsTer0,,1
point_ompk36_n239kfster2,ompK36_N239KfsTer2,,1
point_ompk36_n330tfster43,ompK36_N330TfsTer43,,2
point_ompk36_n84tfster18,ompK36_N84TfsTer18,,1
point_ompk36_p130rfster5,ompK36_P130RfsTer5,,1
point_ompk36_p130rfster6,ompK36_P130RfsTer6,,1
point_ompk36_q144ter,ompK36_Q144Ter,,2
point_ompk36_q170ter,ompK36_Q170Ter,,2
point_ompk36_q172afster4,ompK36_Q172AfsTer4,,1
point_ompk36_q172ter,ompK36_Q172Ter,,3
point_ompk36_q196rfster9,ompK36_Q196RfsTer9,,1
point_ompk36_q196ter,ompK36_Q196Ter,,3
point_ompk36_q228sfster3,ompK36_Q228SfsTer3,,1
point_ompk36_q262pfster55,ompK36_Q262PfsTer55,,1
point_ompk36_q288ter,ompK36_Q288Ter,,2
point_ompk36_q301ter,ompK36_Q301Ter,,2
point_ompk36_q313ter,ompK36_Q313Ter,BETA-LACTAM,13
point_ompk36_q54rfster34,ompK36_Q54RfsTer34,,1
point_ompk36_q54ter,ompK36_Q54Ter,,3
point_ompk36_q66ter,ompK36_Q66Ter,BETA-LACTAM,3
point_ompk36_q70ter,ompK36_Q70Ter,BETA-LACTAM,7
point_ompk36_q76sfster26,ompK36_Q76SfsTer26,,1
point_ompk36_q76ter,ompK36_Q76Ter,,3
point_ompk36_q82ter,ompK36_Q82Ter,,1
point_ompk36_q92ter,ompK36_Q92Ter,,1
point_ompk36_r154nfster3,ompK36_R154NfsTer3,,1
point_ompk36_s124ffster37,ompK36_S124FfsTer37,,2
point_ompk36_s124vfster16,ompK36_S124VfsTer16,,1
point_ompk36_s185rfster8,ompK36_S185RfsTer8,,1
point_ompk36_s220ter,ompK36_S220Ter,,1
point_ompk36_s222lfster22,ompK36_S222LfsTer22,,1
point_ompk36_s45lfster1,ompK36_S45LfsTer1,,1
point_ompk36_t123dfster14,ompK36_T123DfsTer14,,1
point_ompk36_t123lfster15,ompK36_T123LfsTer15,,1
point_ompk36_t136tdt,ompK36_T136TDT,BETA-LACTAM,221
point_ompk36_t324pfster49,ompK36_T324PfsTer49,,1
point_ompk36_t333n,ompK36_T333N,BETA-LACTAM,1
point_ompk36_t65pfster6,ompK36_T65PfsTer6,,1
point_ompk36_t95lfster7,ompK36_T95LfsTer7,,2
point_ompk36_v359gfster44,ompK36_V359GfsTer44,,1
point_ompk36_w125ter,ompK36_W125Ter,BETA-LACTAM,16
point_ompk36_w77ter,ompK36_W77Ter,,4
point_ompk36_w94ter,ompK36_W94Ter,,4
point_ompk36_y116ter,ompK36_Y116Ter,,1
point_ompk36_y116tfster2,ompK36_Y116TfsTer2,,1
point_ompk36_y137pfster29,ompK36_Y137PfsTer29,,1
point_ompk36_y137sfster28,ompK36_Y137SfsTer28,,1
point_ompk36_y153ter,ompK36_Y153Ter,,1
point_ompk36_y201ter,ompK36_Y201Ter,,1
point_ompk36_y207terfster0,ompK36_Y207TerfsTer0,,2
point_ompk36_y249ter,ompK36_Y249Ter,,1
point_ompk36_y255ter,ompK36_Y255Ter,,1
point_ompk36_y255tfster61,ompK36_Y255TfsTer61,,1
point_ompk36_y287yter,ompK36_Y287YTer,,1
point_ompk36_y325dfster12,ompK36_Y325DfsTer12,,1
point_ompk36_y326lfster11,ompK36_Y326LfsTer11,,1
point_ompk36_y334ter,ompK36_Y334Ter,,1
point_ompk36_y43ter,ompK36_Y43Ter,,2
point_ompk36_y79ter,ompK36_Y79Ter,,1
point_oqxr_a71qfster5,oqxR_A71QfsTer5,,2
point_oqxr_c100sfster22,oqxR_C100SfsTer22,,1
point_oqxr_c107ter,oqxR_C107Ter,,1
point_oqxr_d95afster23,oqxR_D95AfsTer23,,1
point_oqxr_d95e,oqxR_D95E,NITROFURAN/PHENICOL/QUINOLONE/TETRACYCLINE,63
point_oqxr_e24gfster20,oqxR_E24GfsTer20,,1
point_oqxr_k88nfster34,oqxR_K88NfsTer34,,1
point_oqxr_l122ffster32,oqxR_L122FfsTer32,,1
point_oqxr_q11l,oqxR_Q11L,NITROFURAN/PHENICOL/QUINOLONE/TETRACYCLINE,3
point_oqxr_s112lfster9,oqxR_S112LfsTer9,,1
point_oqxr_t50rfster7,oqxR_T50RfsTer7,,1
point_oqxr_v102g,oqxR_V102G,NITROFURAN/PHENICOL/QUINOLONE/TETRACYCLINE,1
point_oqxr_v113i,oqxR_V113I,NITROFURAN/PHENICOL/QUINOLONE/TETRACYCLINE,35
point_oqxr_w90vfster7,oqxR_W90VfsTer7,,1
point_parc_e84k,parC_E84K,QUINOLONE,259
point_parc_s80i,parC_S80I,QUINOLONE,3751
point_phop_d191y,phoP_D191Y,COLISTIN,4
point_phoq_d266dd,phoQ_D266DD,COLISTIN,11
point_phoq_d438n,phoQ_D438N,COLISTIN,2
point_phoq_g385s,phoQ_G385S,COLISTIN,2
point_phoq_l396q,phoQ_L396Q,COLISTIN,2
point_phoq_l96p,phoQ_L96P,COLISTIN,2
point_phoq_r16c,phoQ_R16C,COLISTIN,4
point_phoq_s56r,phoQ_S56R,COLISTIN,3
point_phoq_v24g,phoQ_V24G,COLISTIN,6
point_pmra_g53c,pmrA_G53C,COLISTIN,2
point_pmra_g53s,pmrA_G53S,COLISTIN,4
point_pmra_s42n,pmrA_S42N,COLISTIN,2
point_pmrb_d313n,pmrB_D313N,COLISTIN,1
point_pmrb_l17q,pmrB_L17Q,COLISTIN,3
point_pmrb_l82r,pmrB_L82R,COLISTIN,2
point_pmrb_s208n,pmrB_S208N,COLISTIN,1
point_pmrb_s85r,pmrB_S85R,COLISTIN,5
point_pmrb_t140p,pmrB_T140P,COLISTIN,7
point_pmrb_t157p,pmrB_T157P,COLISTIN,35
point_ramr_a12gfster37,ramR_A12GfsTer37,,1
point_ramr_a12rfster14,ramR_A12RfsTer14,,1
point_ramr_a153rfster29,ramR_A153RfsTer29,,1
point_ramr_a17cfster36,ramR_A17CfsTer36,,2
point_ramr_a19v,ramR_A19V,TETRACYCLINE,527
point_ramr_a27pfster43,ramR_A27PfsTer43,,2
point_ramr_a27sfster26,ramR_A27SfsTer26,,1
point_ramr_a28gfster25,ramR_A28GfsTer25,,1
point_ramr_a28gfster26,ramR_A28GfsTer26,,1
point_ramr_a28pfster42,ramR_A28PfsTer42,,1
point_ramr_a28rfster19,ramR_A28RfsTer19,,2
point_ramr_a34wfster31,ramR_A34WfsTer31,,1
point_ramr_a37pfster33,ramR_A37PfsTer33,,1
point_ramr_a40pfster30,ramR_A40PfsTer30,,1
point_ramr_a85rfster97,ramR_A85RfsTer97,,1
point_ramr_c134ter,ramR_C134Ter,,2
point_ramr_d117kfster5,ramR_D117KfsTer5,,1
point_ramr_d117sfster8,ramR_D117SfsTer8,,1
point_ramr_d152y,ramR_D152Y,BETA-LACTAM/PHENICOL/QUINOLONE/TETRACYCLINE,8
point_ramr_d75ifster48,ramR_D75IfsTer48,,1
point_ramr_d75rfster47,ramR_D75RfsTer47,,8
point_ramr_d77tfster46,ramR_D77TfsTer46,,1
point_ramr_e102sfster17,ramR_E102SfsTer17,,5
point_ramr_e102ter,ramR_E102Ter,,1
point_ramr_e113gfster10,ramR_E113GfsTer10,,1
point_ramr_e113pfster7,ramR_E113PfsTer7,,7
point_ramr_e113terfster0,ramR_E113TerfsTer0,,1
point_ramr_e118ter,ramR_E118Ter,,3
point_ramr_e125rfster57,ramR_E125RfsTer57,,1
point_ramr_e129sfster3,ramR_E129SfsTer3,,1
point_ramr_e132ter,ramR_E132Ter,,1
point_ramr_e140rfster87,ramR_E140RfsTer87,,1
point_ramr_e140ter,ramR_E140Ter,,14
point_ramr_e145gfster37,ramR_E145GfsTer37,,1
point_ramr_e145ter,ramR_E145Ter,,1
point_ramr_e15afster39,ramR_E15AfsTer39,,1
point_ramr_e15ter,ramR_E15Ter,,1
point_ramr_e160gfster23,ramR_E160GfsTer23,,1
point_ramr_e160ter,ramR_E160Ter,,1
point_ramr_e164ter,ramR_E164Ter,,2
point_ramr_e175lfster1,ramR_E175LfsTer1,,1
point_ramr_e53sfster17,ramR_E53SfsTer17,,1
point_ramr_e53ter,ramR_E53Ter,,1
point_ramr_e57ter,ramR_E57Ter,,1
point_ramr_e78pfster75,ramR_E78PfsTer75,,2
point_ramr_e83ter,ramR_E83Ter,,3
point_ramr_f127terfster0,ramR_F127TerfsTer0,,1
point_ramr_f155cfster13,ramR_F155CfsTer13,,1
point_ramr_f48qfster2,ramR_F48QfsTer2,,1
point_ramr_f48sfster22,ramR_F48SfsTer22,,2
point_ramr_g151afster76,ramR_G151AfsTer76,,1
point_ramr_g180afster17,ramR_G180AfsTer17,,1
point_ramr_g25rfster28,ramR_G25RfsTer28,,1
point_ramr_g38pfster24,ramR_G38PfsTer24,,3
point_ramr_g38pfster54,ramR_G38PfsTer54,,2
point_ramr_g38vfster32,ramR_G38VfsTer32,,1
point_ramr_g96afster27,ramR_G96AfsTer27,,3
point_ramr_g96vfster27,ramR_G96VfsTer27,,1
point_ramr_h103pfster16,ramR_H103PfsTer16,,3
point_ramr_h103pfster17,ramR_H103PfsTer17,,1
point_ramr_h103pfster52,ramR_H103PfsTer52,,15
point_ramr_h103pfster53,ramR_H103PfsTer53,,2
point_ramr_h103pfster74,ramR_H103PfsTer74,,1
point_ramr_h103pfster75,ramR_H103PfsTer75,,1
point_ramr_h103qfster19,ramR_H103QfsTer19,,1
point_ramr_h103rfster15,ramR_H103RfsTer15,,4
point_ramr_h103rfster22,ramR_H103RfsTer22,,1
point_ramr_h103rfster72,ramR_H103RfsTer72,,1
point_ramr_h103rfster80,ramR_H103RfsTer80,,1
point_ramr_h168pfster14,ramR_H168PfsTer14,,1
point_ramr_h186lfster5,ramR_H186LfsTer5,,1
point_ramr_i106sfster10,ramR_I106SfsTer10,,4
point_ramr_i115afster2,ramR_I115AfsTer2,,1
point_ramr_i115kfster5,ramR_I115KfsTer5,,2
point_ramr_i115pfster40,ramR_I115PfsTer40,,4
point_ramr_i115rfster42,ramR_I115RfsTer42,,2
point_ramr_i115sfster8,ramR_I115SfsTer8,,3
point_ramr_i176dfster6,ramR_I176DfsTer6,,2
point_ramr_i176rfster7,ramR_I176RfsTer7,,1
point_ramr_i26pfster43,ramR_I26PfsTer43,,1
point_ramr_i26sfster26,ramR_I26SfsTer26,,1
point_ramr_i33pfster33,ramR_I33PfsTer33,,1
point_ramr_i62pfster116,ramR_I62PfsTer116,,17
point_ramr_i71rfster87,ramR_I71RfsTer87,,1
point_ramr_i88n,ramR_I88N,TETRACYCLINE,1
point_ramr_i93gfster80,ramR_I93GfsTer80,,1
point_ramr_k104rfster6,ramR_K104RfsTer6,,1
point_ramr_k10sfster16,ramR_K10SfsTer16,,3
point_ramr_k10sfster59,ramR_K10SfsTer59,,1
point_ramr_k10vfster20,ramR_K10VfsTer20,,1
point_ramr_k124afster2,ramR_K124AfsTer2,,1
point_ramr_k124lfster55,ramR_K124LfsTer55,,1
point_ramr_k124ter,ramR_K124Ter,,1
point_ramr_k124terfster0,ramR_K124TerfsTer0,,1
point_ramr_k139sfster85,ramR_K139SfsTer85,,7
point_ramr_k51ter,ramR_K51Ter,,1
point_ramr_k5e,ramR_K5E,TETRACYCLINE,2
point_ramr_k63inster8,ramR_K63insTer8,,2
point_ramr_k63ter,ramR_K63Ter,,1
point_ramr_k9ter,ramR_K9Ter,,2
point_ramr_l111afster11,ramR_L111AfsTer11,,4
point_ramr_l111hfster67,ramR_L111HfsTer67,,6
point_ramr_l111pfster11,ramR_L111PfsTer11,,3
point_ramr_l111pfster12,ramR_L111PfsTer12,,2
point_ramr_l111pfster17,ramR_L111PfsTer17,,1
point_ramr_l111pfster7,ramR_L111PfsTer7,,1
point_ramr_l111pfster8,ramR_L111PfsTer8,,4
point_ramr_l111rfster13,ramR_L111RfsTer13,,3
point_ramr_l111rfster64,ramR_L111RfsTer64,,1
point_ramr_l111rfster72,ramR_L111RfsTer72,,1
point_ramr_l13ter,ramR_L13Ter,,1
point_ramr_l143sfster84,ramR_L143SfsTer84,,1
point_ramr_l154cfster43,ramR_L154CfsTer43,,6
point_ramr_l156cfster71,ramR_L156CfsTer71,,2
point_ramr_l54ffster16,ramR_L54FfsTer16,,1
point_ramr_l60cfster13,ramR_L60CfsTer13,,7
point_ramr_l66afster2,ramR_L66AfsTer2,,2
point_ramr_l66afster5,ramR_L66AfsTer5,,1
point_ramr_l66afster95,ramR_L66AfsTer95,,1
point_ramr_l66cfster3,ramR_L66CfsTer3,,1
point_ramr_l66nfster112,ramR_L66NfsTer112,,2
point_ramr_l66pfster116,ramR_L66PfsTer116,,2
point_ramr_l66wfster4,ramR_L66WfsTer4,,4
point_ramr_l74wfster49,ramR_L74WfsTer49,,1
point_ramr_m101pfster61,ramR_M101PfsTer61,,1
point_ramr_m109afster46,ramR_M109AfsTer46,,2
point_ramr_m109afster68,ramR_M109AfsTer68,,1
point_ramr_m133cfster5,ramR_M133CfsTer5,,1
point_ramr_m70ifster30,ramR_M70IfsTer30,,1
point_ramr_m70nfster112,ramR_M70NfsTer112,,1
point_ramr_m70pfster101,ramR_M70PfsTer101,,1
point_ramr_n131pfster25,ramR_N131PfsTer25,,2
point_ramr_n84tfster39,ramR_N84TfsTer39,,1
point_ramr_n87afster37,ramR_N87AfsTer37,,1
point_ramr_n87lfster90,ramR_N87LfsTer90,,1
point_ramr_n99pfster82,ramR_N99PfsTer82,,1
point_ramr_n99qfster83,ramR_N99QfsTer83,,1
point_ramr_p76rfster107,ramR_P76RfsTer107,,1
point_ramr_p76rfster85,ramR_P76RfsTer85,,1
point_ramr_p81tfster39,ramR_P81TfsTer39,,1
point_ramr_q11afster42,ramR_Q11AfsTer42,,1
point_ramr_q11ter,ramR_Q11Ter,,2
point_ramr_q122ter,ramR_Q122Ter,,58
point_ramr_q122terfster0,ramR_Q122TerfsTer0,,3
point_ramr_q171afster11,ramR_Q171AfsTer11,,2
point_ramr_q171ter,ramR_Q171Ter,,1
point_ramr_q23pfster43,ramR_Q23PfsTer43,,2
point_ramr_q23ter,ramR_Q23Ter,,4
point_ramr_r108sfster12,ramR_R108SfsTer12,,5
point_ramr_r114hfster63,ramR_R114HfsTer63,,1
point_ramr_r148afster49,ramR_R148AfsTer49,,1
point_ramr_r148pfster79,ramR_R148PfsTer79,,1
point_ramr_r172pfster12,ramR_R172PfsTer12,,1
point_ramr_r172pfster55,ramR_R172PfsTer55,,1
point_ramr_r46afster24,ramR_R46AfsTer24,,1
point_ramr_r46vfster49,ramR_R46VfsTer49,,1
point_ramr_r68hfster113,ramR_R68HfsTer113,,1
point_ramr_r80efster98,ramR_R80EfsTer98,,1
point_ramr_r86hfster94,ramR_R86HfsTer94,,1
point_ramr_r98afster25,ramR_R98AfsTer25,,2
point_ramr_s137rfster1,ramR_S137RfsTer1,,1
point_ramr_s137ter,ramR_S137Ter,,2
point_ramr_s144rfster83,ramR_S144RfsTer83,,6
point_ramr_s157ter,ramR_S157Ter,,1
point_ramr_s167afster60,ramR_S167AfsTer60,,1
point_ramr_s29hfster18,ramR_S29HfsTer18,,1
point_ramr_s29hfster20,ramR_S29HfsTer20,,1
point_ramr_s29lfster24,ramR_S29LfsTer24,,1
point_ramr_s29pfster42,ramR_S29PfsTer42,,4
point_ramr_s29rfster19,ramR_S29RfsTer19,,1
point_ramr_s29rfster39,ramR_S29RfsTer39,,1
point_ramr_s29rfster40,ramR_S29RfsTer40,,1
point_ramr_s29rfster41,ramR_S29RfsTer41,,1
point_ramr_s31ter,ramR_S31Ter,,1
point_ramr_s91inster26,ramR_S91insTer26,,1
point_ramr_t119gfster59,ramR_T119GfsTer59,,2
point_ramr_t162i,ramR_T162I,TETRACYCLINE,3
point_ramr_t18pfster51,ramR_T18PfsTer51,,1
point_ramr_t18pfster8,ramR_T18PfsTer8,,1
point_ramr_t43m,ramR_T43M,TETRACYCLINE,3
point_ramr_t50ifster23,ramR_T50IfsTer23,,18
point_ramr_t50vfster9,ramR_T50VfsTer9,,1
point_ramr_t69qfster1,ramR_T69QfsTer1,,2
point_ramr_t69rfster109,ramR_T69RfsTer109,,2
point_ramr_v138ifster40,ramR_V138IfsTer40,,1
point_ramr_v39rfster15,ramR_V39RfsTer15,,2
point_ramr_v97rfs,ramR_V97Rfs,,1
point_ramr_w185cfster42,ramR_W185CfsTer42,,1
point_ramr_w185ter,ramR_W185Ter,,4
point_ramr_w89sfster30,ramR_W89SfsTer30,,1
point_ramr_w89ter,ramR_W89Ter,,10
point_ramr_w95afster25,ramR_W95AfsTer25,,3
point_ramr_w95ter,ramR_W95Ter,,7
point_ramr_y147sfster76,ramR_Y147SfsTer76,,1
point_ramr_y147ter,ramR_Y147Ter,,5
point_ramr_y47cfster26,ramR_Y47CfsTer26,,4
point_ramr_y47hfster3,ramR_Y47HfsTer3,,3
point_ramr_y59_m133del,ramR_Y59_M133del,,1
point_ramr_y59cfster13,ramR_Y59CfsTer13,,1
point_ramr_y92ter,ramR_Y92Ter,,1
point_rpsj_v57l,rpsJ_V57L,TETRACYCLINE,35
