species,drug,n_rows,n_S,n_I,n_R,n_exact,n_censored,n_distinct_mic,n_nonsusceptible,kept
ABAU,amikacin,1228,616,59,503,133,1088,8,562,True
ABAU,amoxicillin,1,0,0,0,0,1,0,0,False
ABAU,amoxicillin-clavulanic-acid,63,0,0,17,40,23,4,17,False
ABAU,ampicillin,778,1,1,729,94,684,4,730,False
ABAU,ampicillin-sulbactam,1041,476,127,420,338,642,5,547,True
ABAU,aztreonam,740,0,1,722,68,662,5,723,False
ABAU,cefazolin,736,1,0,721,0,736,0,721,False
ABAU,cefepime,467,118,35,262,126,340,9,297,True
ABAU,cefotaxime,784,37,56,678,123,661,6,734,False
ABAU,cefoxitin,566,0,0,519,14,552,3,519,False
ABAU,ceftaroline,1,0,0,0,0,1,0,0,False
ABAU,ceftazidime,1188,219,121,782,366,818,8,903,True
ABAU,ceftazidime-avibactam,13,0,0,0,0,13,0,0,False
ABAU,ceftolozane-tazobactam,13,0,0,0,1,12,1,0,False
ABAU,ceftriaxone,938,87,85,759,133,793,4,844,True
ABAU,cefuroxime,9,0,0,7,0,9,0,7,False
ABAU,chloramphenicol,37,0,0,6,10,27,3,6,False
ABAU,ciprofloxacin,1990,300,22,963,141,1844,11,985,True
ABAU,colistin,475,362,11,34,303,169,9,45,False
ABAU,daptomycin,1,0,0,1,0,1,0,1,False
ABAU,doripenem,383,208,1,159,146,237,7,160,True
ABAU,ertapenem,39,0,1,8,12,27,1,9,False
ABAU,erythromycin,1,0,0,1,1,0,1,1,False
ABAU,fosfomycin,12,0,0,2,5,7,2,2,False
ABAU,gentamicin,1246,261,37,918,118,1118,8,955,True
ABAU,imipenem,1393,735,33,459,497,885,10,492,True
ABAU,levofloxacin,982,201,139,590,201,762,6,729,True
ABAU,linezolid,1,0,0,1,0,1,0,1,False
ABAU,meropenem,936,423,56,394,304,632,11,450,True
ABAU,minocycline,270,118,74,28,158,112,8,102,True
ABAU,moxifloxacin,101,31,9,60,15,86,4,69,False
ABAU,penicillin,1,0,0,1,0,1,0,1,False
ABAU,piperacillin-tazobactam,431,63,20,202,48,383,7,222,True
ABAU,polymyxin-b,348,246,0,69,289,59,6,69,True
ABAU,rifampin,1,0,0,1,1,0,1,1,False
ABAU,teicoplanin,1,0,0,1,0,1,0,1,False
ABAU,tetracycline,939,286,44,596,176,742,5,640,True
ABAU,tigecycline,497,374,26,8,344,152,5,34,False
ABAU,tobramycin,854,317,45,490,187,627,5,535,True
ABAU,trimethoprim-sulfamethoxazole,1050,253,0,792,221,798,7,792,True
ABAU,vancomycin,1,0,0,1,0,1,0,1,False
ECOLI,amikacin,10023,4751,44,202,1658,8363,10,246,True
ECOLI,amoxicillin,1682,0,0,1,620,1062,9,1,False
ECOLI,amoxicillin-clavulanic-acid,11771,6438,482,1192,8347,3424,9,1674,True
ECOLI,ampicillin,12086,4322,17,4030,4243,7842,12,4047,True
ECOLI,ampicillin-sulbactam,3247,219,90,284,1985,1262,5,374,True
ECOLI,aztreonam,5215,2145,48,371,1376,3839,8,419,True
ECOLI,cefazolin,4606,1725,181,1009,2048,2558,9,1190,True
ECOLI,cefepime,7680,3273,142,739,1833,5847,11,881,True
ECOLI,cefiderocol,1,1,0,0,1,0,1,0,False
ECOLI,cefotaxime,6426,1031,14,1046,2635,3791,16,1060,True
ECOLI,cefoxitin,7121,4292,128,1050,5741,1380,9,1178,True
ECOLI,ceftaroline,106,6,0,1,98,8,10,1,False
ECOLI,ceftazidime,11670,3522,180,1157,5136,6533,15,1337,True
ECOLI,ceftazidime-avibactam,185,119,0,15,57,127,7,15,False
ECOLI,ceftobiprole,705,0,0,0,654,51,13,0,False
ECOLI,ceftolozane-tazobactam,362,104,2,103,174,185,10,105,True
ECOLI,ceftriaxone,10721,6142,10,1770,1381,9338,10,1780,True
ECOLI,cefuroxime,4082,21,0,16,3134,948,11,16,False
ECOLI,chloramphenicol,9719,4189,73,512,6260,3457,13,585,True
ECOLI,ciprofloxacin,15916,8654,177,2454,3390,12501,19,2631,True
ECOLI,clindamycin,124,4,0,4,12,112,1,4,False
ECOLI,colistin,4008,561,88,68,856,3152,10,156,True
ECOLI,daptomycin,21,15,5,1,20,1,5,6,False
ECOLI,doripenem,2609,126,12,39,78,2531,6,51,True
ECOLI,doxycycline,1581,10,17,25,1274,307,7,42,False
ECOLI,ertapenem,4782,3526,19,236,857,3925,16,255,True
ECOLI,erythromycin,139,0,7,14,17,122,5,21,False
ECOLI,fosfomycin,2674,91,0,6,214,2458,10,6,False
ECOLI,gentamicin,16348,7607,109,1461,7615,8731,15,1570,True
ECOLI,imipenem,9059,3148,33,192,2051,7008,14,225,True
ECOLI,imipenem-relebactam,35,0,0,2,26,9,7,2,False
ECOLI,levofloxacin,5677,2124,105,977,655,5022,9,1082,True
ECOLI,linezolid,22,21,0,1,21,1,2,1,False
ECOLI,meropenem,15250,10291,48,244,2251,12960,15,292,True
ECOLI,meropenem-vaborbactam,78,74,0,4,3,75,3,4,False
ECOLI,minocycline,3514,46,8,10,1652,1862,9,18,False
ECOLI,moxifloxacin,90,16,5,13,28,62,5,18,False
ECOLI,oxacillin,114,2,0,5,0,114,0,5,False
ECOLI,penicillin,108,0,1,1,2,106,2,2,False
ECOLI,piperacillin-tazobactam,10037,3853,86,337,2656,7380,12,423,True
ECOLI,polymyxin-b,294,35,1,107,251,43,6,108,False
ECOLI,rifampin,125,7,0,3,16,109,2,3,False
ECOLI,teicoplanin,1,0,0,1,0,1,0,1,False
ECOLI,tetracycline,10755,4187,47,3259,1586,9169,16,3306,True
ECOLI,tigecycline,4800,848,4,8,1422,3378,10,12,False
ECOLI,tobramycin,6180,2947,197,345,1027,5152,8,542,True
ECOLI,trimethoprim-sulfamethoxazole,12395,6030,1,1444,1107,11283,13,1445,True
ECOLI,vancomycin,20,18,0,2,15,5,2,2,False
KPNEU,amikacin,4946,2511,479,698,1391,3555,9,1177,True
KPNEU,amoxicillin,248,0,0,2,246,2,5,2,False
KPNEU,amoxicillin-clavulanic-acid,2018,615,58,970,643,1375,8,1028,True
KPNEU,ampicillin,3450,272,29,2961,72,3378,5,2990,True
KPNEU,ampicillin-sulbactam,3037,201,130,1795,762,2275,5,1925,True
KPNEU,aztreonam,3765,388,48,2413,578,3187,6,2461,True
KPNEU,cefazolin,2472,152,9,2120,123,2349,5,2129,True
KPNEU,cefepime,4406,939,255,1762,1016,3390,13,2017,True
KPNEU,cefiderocol,51,51,0,0,50,1,4,0,False
KPNEU,cefotaxime,2423,31,7,1090,660,1763,15,1097,False
KPNEU,cefoxitin,3634,1308,277,1634,925,2709,8,1911,True
KPNEU,ceftaroline,32,4,0,28,5,27,3,28,False
KPNEU,ceftazidime,5143,782,84,2809,1340,3803,15,2893,True
KPNEU,ceftazidime-avibactam,451,281,0,138,150,301,8,138,True
KPNEU,ceftolozane-tazobactam,385,176,4,173,73,312,8,177,True
KPNEU,ceftriaxone,4131,684,64,2426,416,3714,10,2490,True
KPNEU,cefuroxime,3327,134,19,2100,639,2688,8,2119,True
KPNEU,chloramphenicol,1181,80,4,184,222,959,5,188,True
KPNEU,ciprofloxacin,5309,747,136,2625,1111,4188,15,2761,True
KPNEU,clindamycin,5,3,0,1,3,2,1,1,False
KPNEU,colistin,1909,337,23,175,656,1253,13,198,True
KPNEU,daptomycin,11,9,0,2,7,4,3,2,False
KPNEU,doripenem,1300,72,33,310,208,1092,6,343,True
KPNEU,doxycycline,265,39,34,22,198,67,8,56,False
KPNEU,ertapenem,2135,740,15,1076,221,1914,15,1091,True
KPNEU,erythromycin,11,0,2,8,2,9,2,10,False
KPNEU,fosfomycin,1158,69,0,12,514,644,8,12,False
KPNEU,gentamicin,5135,1832,113,1725,1062,4073,13,1838,True
KPNEU,imipenem,4370,1529,107,1204,1182,3188,13,1311,True
KPNEU,imipenem-relebactam,37,1,0,4,28,9,8,4,False
KPNEU,levofloxacin,3612,575,132,1832,598,3014,10,1964,True
KPNEU,linezolid,16,14,0,2,14,2,1,2,False
KPNEU,meropenem,6841,2070,187,1824,1441,5324,14,2011,True
KPNEU,meropenem-vaborbactam,36,26,0,10,8,28,6,10,False
KPNEU,minocycline,1446,96,58,45,1009,437,8,103,True
KPNEU,moxifloxacin,81,27,6,44,35,46,3,50,False
KPNEU,oxacillin,4,1,0,2,1,3,1,2,False
KPNEU,penicillin,3,0,0,2,0,3,0,2,False
KPNEU,piperacillin-tazobactam,4597,1089,306,1827,1418,3179,9,2133,True
KPNEU,polymyxin-b,831,249,2,151,586,245,10,153,True
KPNEU,rifampin,6,3,0,2,0,6,0,2,False
KPNEU,teicoplanin,2,0,0,2,0,2,0,2,False
KPNEU,tetracycline,2727,1007,226,1117,1134,1593,9,1343,True
KPNEU,tigecycline,2352,604,200,137,1923,429,8,337,True
KPNEU,tobramycin,3802,983,453,1411,958,2844,7,1864,True
KPNEU,trimethoprim-sulfamethoxazole,4054,927,6,2067,230,3824,6,2073,True
KPNEU,vancomycin,15,9,0,6,7,8,1,6,False
PAER,amikacin,1016,688,61,235,597,418,11,296,True
PAER,amoxicillin,1,0,0,0,0,1,0,0,False
PAER,amoxicillin-clavulanic-acid,22,1,1,3,2,20,2,4,False
PAER,ampicillin,113,0,0,32,26,87,7,32,False
PAER,ampicillin-sulbactam,66,0,0,3,5,61,2,3,False
PAER,aztreonam,398,130,61,185,204,194,8,246,True
PAER,cefazolin,96,0,0,41,0,96,0,41,False
PAER,cefepime,718,281,106,309,453,265,8,415,True
PAER,cefiderocol,235,227,1,7,235,0,12,8,False
PAER,cefotaxime,50,0,0,3,7,43,3,3,False
PAER,cefoxitin,74,2,1,1,4,70,3,2,False
PAER,ceftaroline,2,1,0,0,1,1,1,0,False
PAER,ceftazidime,1054,237,93,291,764,290,13,384,True
PAER,ceftazidime-avibactam,329,156,1,172,269,60,11,173,True
PAER,ceftolozane-tazobactam,343,152,5,186,250,93,10,191,True
PAER,ceftriaxone,127,3,0,51,29,98,6,51,False
PAER,cefuroxime,22,0,0,1,1,21,1,1,False
PAER,chloramphenicol,20,0,0,1,5,15,2,1,False
PAER,ciprofloxacin,1163,203,23,503,535,627,13,526,True
PAER,clindamycin,3,1,0,1,0,3,0,1,False
PAER,colistin,663,603,14,21,606,57,7,35,False
PAER,daptomycin,1,0,0,1,0,1,0,1,False
PAER,doripenem,126,35,9,81,55,71,6,90,False
PAER,ertapenem,71,4,0,1,17,54,5,1,False
PAER,erythromycin,13,1,0,2,10,3,2,2,False
PAER,fosfomycin,2,0,0,0,0,2,0,0,False
PAER,gentamicin,675,190,25,379,144,530,8,404,True
PAER,imipenem,639,132,69,436,309,329,9,505,True
PAER,imipenem-relebactam,20,1,0,19,7,13,4,19,False
PAER,levofloxacin,801,268,46,486,381,420,13,532,True
PAER,linezolid,2,1,0,1,1,1,1,1,False
PAER,meropenem,1348,366,60,500,941,407,16,560,True
PAER,meropenem-vaborbactam,3,0,0,3,2,1,2,3,False
PAER,minocycline,17,1,0,0,5,12,2,0,False
PAER,moxifloxacin,5,1,1,2,2,3,2,3,False
PAER,oxacillin,1,1,0,0,0,1,0,0,False
PAER,penicillin,2,0,0,1,0,2,0,1,False
PAER,piperacillin-tazobactam,624,239,110,252,290,333,10,362,True
PAER,polymyxin-b,215,127,1,77,214,1,6,78,True
PAER,rifampin,12,1,0,1,0,12,0,1,False
PAER,teicoplanin,1,0,0,1,0,1,0,1,False
PAER,tetracycline,77,2,0,4,42,35,7,4,False
PAER,tigecycline,68,1,0,4,22,46,4,4,False
PAER,tobramycin,1062,252,16,371,463,599,14,387,True
PAER,trimethoprim-sulfamethoxazole,79,2,0,5,7,72,3,5,False
PAER,vancomycin,5,2,0,1,3,2,3,1,False
SAUR,amikacin,11,9,0,2,9,2,3,2,False
SAUR,amoxicillin,1,0,0,1,0,1,0,1,False
SAUR,amoxicillin-clavulanic-acid,10,7,0,3,0,10,0,3,False
SAUR,ampicillin,9,0,0,3,6,3,4,3,False
SAUR,ampicillin-sulbactam,10,7,0,3,0,8,0,3,False
SAUR,cefazolin,54,7,0,3,44,10,5,3,False
SAUR,cefepime,1,1,0,0,0,1,0,0,False
SAUR,cefoxitin,344,112,0,158,204,140,6,158,True
SAUR,ceftaroline,436,312,0,70,318,118,7,70,True
SAUR,ceftazidime,1,1,0,0,0,1,0,0,False
SAUR,ceftriaxone,11,8,0,3,1,10,1,3,False
SAUR,chloramphenicol,173,109,0,0,122,51,1,0,False
SAUR,ciprofloxacin,943,816,3,37,75,868,9,40,False
SAUR,clindamycin,1531,988,2,400,344,1187,6,402,True
SAUR,daptomycin,1115,946,0,81,822,289,9,81,True
SAUR,doripenem,3,0,0,0,2,1,2,0,False
SAUR,doxycycline,129,93,8,28,34,95,7,36,False
SAUR,ertapenem,1,1,0,0,0,1,0,0,False
SAUR,erythromycin,1536,837,10,548,414,1122,6,558,True
SAUR,fosfomycin,65,1,0,0,1,64,1,0,False
SAUR,gentamicin,1326,1067,6,115,90,1236,9,121,True
SAUR,imipenem,10,7,0,0,2,8,2,0,False
SAUR,levofloxacin,681,450,2,172,355,326,10,174,True
SAUR,linezolid,1295,1119,0,33,1166,128,6,33,False
SAUR,meropenem,11,8,0,0,3,8,3,0,False
SAUR,minocycline,315,312,0,0,14,301,4,0,False
SAUR,moxifloxacin,212,149,4,5,10,202,4,9,False
SAUR,oxacillin,1779,1077,0,512,861,915,14,512,True
SAUR,penicillin,754,72,0,618,103,649,6,618,True
SAUR,piperacillin-tazobactam,1,1,0,0,0,1,0,0,False
SAUR,rifampin,1549,1373,2,36,41,1508,9,38,False
SAUR,teicoplanin,619,497,0,1,16,603,4,1,False
SAUR,tetracycline,1117,884,1,91,43,1074,9,92,True
SAUR,tigecycline,173,150,0,0,23,150,3,0,False
SAUR,tobramycin,120,1,0,1,9,111,2,1,False
SAUR,trimethoprim-sulfamethoxazole,906,762,0,67,40,861,9,67,True
SAUR,vancomycin,1624,1323,48,25,1146,477,7,73,True
