priority,table_file,used_for,standard,version,species,drug,entered_s_breakpoint,entered_r_breakpoint,published_form_entered,release_label_rows,in_release_pairs_kept,source_document,where_to_look,published_S,published_R,fda_recognized,matches_entered,verified_by,verified_date,notes
1,configs/breakpoints/clsi_2024.csv,"app calls + S/I/R scoring (US call standard), and labels for CLSI-2024 rows",CLSI,2024,ECOLI,ciprofloxacin,0.25,0.5,S <= 0.25; R >= 1,15916,True,CLSI M100 edition in force in 2024 (2024 = 34th ed.); clsi.org (free read-only M100 access),Table 2A Enterobacterales,,,,,,,
1,configs/breakpoints/clsi_2024.csv,"app calls + S/I/R scoring (US call standard), and labels for CLSI-2024 rows",CLSI,2024,ECOLI,meropenem,1.0,2.0,S <= 1; R >= 4,15250,True,CLSI M100 edition in force in 2024 (2024 = 34th ed.); clsi.org (free read-only M100 access),Table 2A Enterobacterales,,,,,,,
1,configs/breakpoints/clsi_2024.csv,"app calls + S/I/R scoring (US call standard), and labels for CLSI-2024 rows",CLSI,2024,ECOLI,ceftriaxone,1.0,2.0,S <= 1; R >= 4,10721,True,CLSI M100 edition in force in 2024 (2024 = 34th ed.); clsi.org (free read-only M100 access),Table 2A Enterobacterales,,,,,,,
1,configs/breakpoints/clsi_2024.csv,"app calls + S/I/R scoring (US call standard), and labels for CLSI-2024 rows",CLSI,2024,KPNEU,meropenem,1.0,2.0,S <= 1; R >= 4,6841,True,CLSI M100 edition in force in 2024 (2024 = 34th ed.); clsi.org (free read-only M100 access),Table 2A Enterobacterales,,,,,,,
1,configs/breakpoints/clsi_2024.csv,"app calls + S/I/R scoring (US call standard), and labels for CLSI-2024 rows",CLSI,2024,KPNEU,ciprofloxacin,0.25,0.5,S <= 0.25; R >= 1,5309,True,CLSI M100 edition in force in 2024 (2024 = 34th ed.); clsi.org (free read-only M100 access),Table 2A Enterobacterales,,,,,,,
1,configs/breakpoints/clsi_2024.csv,"app calls + S/I/R scoring (US call standard), and labels for CLSI-2024 rows",CLSI,2024,KPNEU,ceftriaxone,1.0,2.0,S <= 1; R >= 4,4131,True,CLSI M100 edition in force in 2024 (2024 = 34th ed.); clsi.org (free read-only M100 access),Table 2A Enterobacterales,,,,,,,
2,configs/breakpoints/clsi_2024.csv,"app calls + S/I/R scoring (US call standard), and labels for CLSI-2024 rows",CLSI,2024,ECOLI,gentamicin,2.0,4.0,S <= 2; R >= 8,16348,True,CLSI M100 edition in force in 2024 (2024 = 34th ed.); clsi.org (free read-only M100 access),Table 2A Enterobacterales,,,,,,,
2,configs/breakpoints/clsi_2024.csv,"app calls + S/I/R scoring (US call standard), and labels for CLSI-2024 rows",CLSI,2024,ECOLI,trimethoprim-sulfamethoxazole,2.0,2.0,S <= 2; R >= 4,12395,True,CLSI M100 edition in force in 2024 (2024 = 34th ed.); clsi.org (free read-only M100 access),Table 2A Enterobacterales,,,,,,,
2,configs/breakpoints/clsi_2024.csv,"app calls + S/I/R scoring (US call standard), and labels for CLSI-2024 rows",CLSI,2024,ECOLI,ampicillin,8.0,16.0,S <= 8; R >= 32,12086,True,CLSI M100 edition in force in 2024 (2024 = 34th ed.); clsi.org (free read-only M100 access),Table 2A Enterobacterales,,,,,,,
2,configs/breakpoints/clsi_2024.csv,"app calls + S/I/R scoring (US call standard), and labels for CLSI-2024 rows",CLSI,2024,ECOLI,ceftazidime,4.0,8.0,S <= 4; R >= 16,11670,True,CLSI M100 edition in force in 2024 (2024 = 34th ed.); clsi.org (free read-only M100 access),Table 2A Enterobacterales,,,,,,,
2,configs/breakpoints/clsi_2024.csv,"app calls + S/I/R scoring (US call standard), and labels for CLSI-2024 rows",CLSI,2024,ECOLI,tetracycline,4.0,8.0,S <= 4; R >= 16,10755,True,CLSI M100 edition in force in 2024 (2024 = 34th ed.); clsi.org (free read-only M100 access),Table 2A Enterobacterales,,,,,,,
2,configs/breakpoints/clsi_2024.csv,"app calls + S/I/R scoring (US call standard), and labels for CLSI-2024 rows",CLSI,2024,ECOLI,piperacillin-tazobactam,8.0,16.0,S <= 8; R >= 32,10037,True,CLSI M100 edition in force in 2024 (2024 = 34th ed.); clsi.org (free read-only M100 access),Table 2A Enterobacterales,,,,,,,
2,configs/breakpoints/clsi_2024.csv,"app calls + S/I/R scoring (US call standard), and labels for CLSI-2024 rows",CLSI,2024,ECOLI,amikacin,4.0,8.0,S <= 4; R >= 16,10023,True,CLSI M100 edition in force in 2024 (2024 = 34th ed.); clsi.org (free read-only M100 access),Table 2A Enterobacterales,,,,,,,
2,configs/breakpoints/clsi_2024.csv,"app calls + S/I/R scoring (US call standard), and labels for CLSI-2024 rows",CLSI,2024,ECOLI,imipenem,1.0,2.0,S <= 1; R >= 4,9059,True,CLSI M100 edition in force in 2024 (2024 = 34th ed.); clsi.org (free read-only M100 access),Table 2A Enterobacterales,,,,,,,
2,configs/breakpoints/clsi_2024.csv,"app calls + S/I/R scoring (US call standard), and labels for CLSI-2024 rows",CLSI,2024,ECOLI,cefepime,2.0,8.0,S <= 2; R >= 16,7680,True,CLSI M100 edition in force in 2024 (2024 = 34th ed.); clsi.org (free read-only M100 access),Table 2A Enterobacterales,,,,,,,
2,configs/breakpoints/clsi_2024.csv,"app calls + S/I/R scoring (US call standard), and labels for CLSI-2024 rows",CLSI,2024,ECOLI,cefoxitin,8.0,16.0,S <= 8; R >= 32,7121,True,CLSI M100 edition in force in 2024 (2024 = 34th ed.); clsi.org (free read-only M100 access),Table 2A Enterobacterales,,,,,,,
2,configs/breakpoints/clsi_2024.csv,"app calls + S/I/R scoring (US call standard), and labels for CLSI-2024 rows",CLSI,2024,ECOLI,cefotaxime,1.0,2.0,S <= 1; R >= 4,6426,True,CLSI M100 edition in force in 2024 (2024 = 34th ed.); clsi.org (free read-only M100 access),Table 2A Enterobacterales,,,,,,,
2,configs/breakpoints/clsi_2024.csv,"app calls + S/I/R scoring (US call standard), and labels for CLSI-2024 rows",CLSI,2024,ECOLI,tobramycin,2.0,4.0,S <= 2; R >= 8,6180,True,CLSI M100 edition in force in 2024 (2024 = 34th ed.); clsi.org (free read-only M100 access),Table 2A Enterobacterales,,,,,,,
2,configs/breakpoints/clsi_2024.csv,"app calls + S/I/R scoring (US call standard), and labels for CLSI-2024 rows",CLSI,2024,ECOLI,levofloxacin,0.5,1.0,S <= 0.5; R >= 2,5677,True,CLSI M100 edition in force in 2024 (2024 = 34th ed.); clsi.org (free read-only M100 access),Table 2A Enterobacterales,,,,,,,
2,configs/breakpoints/clsi_2024.csv,"app calls + S/I/R scoring (US call standard), and labels for CLSI-2024 rows",CLSI,2024,ECOLI,aztreonam,4.0,8.0,S <= 4; R >= 16,5215,True,CLSI M100 edition in force in 2024 (2024 = 34th ed.); clsi.org (free read-only M100 access),Table 2A Enterobacterales,,,,,,,
2,configs/breakpoints/clsi_2024.csv,"app calls + S/I/R scoring (US call standard), and labels for CLSI-2024 rows",CLSI,2024,KPNEU,ceftazidime,4.0,8.0,S <= 4; R >= 16,5143,True,CLSI M100 edition in force in 2024 (2024 = 34th ed.); clsi.org (free read-only M100 access),Table 2A Enterobacterales,,,,,,,
2,configs/breakpoints/clsi_2024.csv,"app calls + S/I/R scoring (US call standard), and labels for CLSI-2024 rows",CLSI,2024,KPNEU,gentamicin,2.0,4.0,S <= 2; R >= 8,5135,True,CLSI M100 edition in force in 2024 (2024 = 34th ed.); clsi.org (free read-only M100 access),Table 2A Enterobacterales,,,,,,,
2,configs/breakpoints/clsi_2024.csv,"app calls + S/I/R scoring (US call standard), and labels for CLSI-2024 rows",CLSI,2024,KPNEU,amikacin,4.0,8.0,S <= 4; R >= 16,4946,True,CLSI M100 edition in force in 2024 (2024 = 34th ed.); clsi.org (free read-only M100 access),Table 2A Enterobacterales,,,,,,,
2,configs/breakpoints/clsi_2024.csv,"app calls + S/I/R scoring (US call standard), and labels for CLSI-2024 rows",CLSI,2024,ECOLI,ertapenem,0.5,1.0,S <= 0.5; R >= 2,4782,True,CLSI M100 edition in force in 2024 (2024 = 34th ed.); clsi.org (free read-only M100 access),Table 2A Enterobacterales,,,,,,,
2,configs/breakpoints/clsi_2024.csv,"app calls + S/I/R scoring (US call standard), and labels for CLSI-2024 rows",CLSI,2024,ECOLI,cefazolin,2.0,4.0,S <= 2; R >= 8,4606,True,CLSI M100 edition in force in 2024 (2024 = 34th ed.); clsi.org (free read-only M100 access),Table 2A Enterobacterales,,,,,,,
2,configs/breakpoints/clsi_2024.csv,"app calls + S/I/R scoring (US call standard), and labels for CLSI-2024 rows",CLSI,2024,KPNEU,piperacillin-tazobactam,8.0,16.0,S <= 8; R >= 32,4597,True,CLSI M100 edition in force in 2024 (2024 = 34th ed.); clsi.org (free read-only M100 access),Table 2A Enterobacterales,,,,,,,
2,configs/breakpoints/clsi_2024.csv,"app calls + S/I/R scoring (US call standard), and labels for CLSI-2024 rows",CLSI,2024,KPNEU,cefepime,2.0,8.0,S <= 2; R >= 16,4406,True,CLSI M100 edition in force in 2024 (2024 = 34th ed.); clsi.org (free read-only M100 access),Table 2A Enterobacterales,,,,,,,
2,configs/breakpoints/clsi_2024.csv,"app calls + S/I/R scoring (US call standard), and labels for CLSI-2024 rows",CLSI,2024,KPNEU,imipenem,1.0,2.0,S <= 1; R >= 4,4370,True,CLSI M100 edition in force in 2024 (2024 = 34th ed.); clsi.org (free read-only M100 access),Table 2A Enterobacterales,,,,,,,
2,configs/breakpoints/clsi_2024.csv,"app calls + S/I/R scoring (US call standard), and labels for CLSI-2024 rows",CLSI,2024,KPNEU,trimethoprim-sulfamethoxazole,2.0,2.0,S <= 2; R >= 4,4054,True,CLSI M100 edition in force in 2024 (2024 = 34th ed.); clsi.org (free read-only M100 access),Table 2A Enterobacterales,,,,,,,
2,configs/breakpoints/clsi_2024.csv,"app calls + S/I/R scoring (US call standard), and labels for CLSI-2024 rows",CLSI,2024,KPNEU,tobramycin,2.0,4.0,S <= 2; R >= 8,3802,True,CLSI M100 edition in force in 2024 (2024 = 34th ed.); clsi.org (free read-only M100 access),Table 2A Enterobacterales,,,,,,,
2,configs/breakpoints/clsi_2024.csv,"app calls + S/I/R scoring (US call standard), and labels for CLSI-2024 rows",CLSI,2024,KPNEU,aztreonam,4.0,8.0,S <= 4; R >= 16,3765,True,CLSI M100 edition in force in 2024 (2024 = 34th ed.); clsi.org (free read-only M100 access),Table 2A Enterobacterales,,,,,,,
2,configs/breakpoints/clsi_2024.csv,"app calls + S/I/R scoring (US call standard), and labels for CLSI-2024 rows",CLSI,2024,KPNEU,cefoxitin,8.0,16.0,S <= 8; R >= 32,3634,True,CLSI M100 edition in force in 2024 (2024 = 34th ed.); clsi.org (free read-only M100 access),Table 2A Enterobacterales,,,,,,,
2,configs/breakpoints/clsi_2024.csv,"app calls + S/I/R scoring (US call standard), and labels for CLSI-2024 rows",CLSI,2024,KPNEU,levofloxacin,0.5,1.0,S <= 0.5; R >= 2,3612,True,CLSI M100 edition in force in 2024 (2024 = 34th ed.); clsi.org (free read-only M100 access),Table 2A Enterobacterales,,,,,,,
2,configs/breakpoints/clsi_2024.csv,"app calls + S/I/R scoring (US call standard), and labels for CLSI-2024 rows",CLSI,2024,KPNEU,ampicillin,8.0,16.0,S <= 8; R >= 32,3450,True,CLSI M100 edition in force in 2024 (2024 = 34th ed.); clsi.org (free read-only M100 access),Table 2A Enterobacterales,,,,,,,
2,configs/breakpoints/clsi_2024.csv,"app calls + S/I/R scoring (US call standard), and labels for CLSI-2024 rows",CLSI,2024,ECOLI,ampicillin-sulbactam,8.0,16.0,S <= 8; R >= 32,3247,True,CLSI M100 edition in force in 2024 (2024 = 34th ed.); clsi.org (free read-only M100 access),Table 2A Enterobacterales,,,,,,,
2,configs/breakpoints/clsi_2024.csv,"app calls + S/I/R scoring (US call standard), and labels for CLSI-2024 rows",CLSI,2024,KPNEU,ampicillin-sulbactam,8.0,16.0,S <= 8; R >= 32,3037,True,CLSI M100 edition in force in 2024 (2024 = 34th ed.); clsi.org (free read-only M100 access),Table 2A Enterobacterales,,,,,,,
2,configs/breakpoints/clsi_2024.csv,"app calls + S/I/R scoring (US call standard), and labels for CLSI-2024 rows",CLSI,2024,KPNEU,tetracycline,4.0,8.0,S <= 4; R >= 16,2727,True,CLSI M100 edition in force in 2024 (2024 = 34th ed.); clsi.org (free read-only M100 access),Table 2A Enterobacterales,,,,,,,
2,configs/breakpoints/clsi_2024.csv,"app calls + S/I/R scoring (US call standard), and labels for CLSI-2024 rows",CLSI,2024,KPNEU,cefazolin,2.0,4.0,S <= 2; R >= 8,2472,True,CLSI M100 edition in force in 2024 (2024 = 34th ed.); clsi.org (free read-only M100 access),Table 2A Enterobacterales,,,,,,,
2,configs/breakpoints/clsi_2024.csv,"app calls + S/I/R scoring (US call standard), and labels for CLSI-2024 rows",CLSI,2024,KPNEU,ertapenem,0.5,1.0,S <= 0.5; R >= 2,2135,True,CLSI M100 edition in force in 2024 (2024 = 34th ed.); clsi.org (free read-only M100 access),Table 2A Enterobacterales,,,,,,,
2,configs/breakpoints/clsi_2024.csv,"app calls + S/I/R scoring (US call standard), and labels for CLSI-2024 rows",CLSI,2024,ABAU,ciprofloxacin,1.0,2.0,S <= 1; R >= 4,1990,True,CLSI M100 edition in force in 2024 (2024 = 34th ed.); clsi.org (free read-only M100 access),Table 2B-2 Acinetobacter spp.,,,,,,,
2,configs/breakpoints/clsi_2024.csv,"app calls + S/I/R scoring (US call standard), and labels for CLSI-2024 rows",CLSI,2024,SAUR,oxacillin,2.0,2.0,S <= 2; R >= 4,1779,True,CLSI M100 edition in force in 2024 (2024 = 34th ed.); clsi.org (free read-only M100 access),Table 2C Staphylococcus spp.,,,,,,,
2,configs/breakpoints/clsi_2024.csv,"app calls + S/I/R scoring (US call standard), and labels for CLSI-2024 rows",CLSI,2024,SAUR,vancomycin,2.0,8.0,S <= 2; R >= 16,1624,True,CLSI M100 edition in force in 2024 (2024 = 34th ed.); clsi.org (free read-only M100 access),Table 2C Staphylococcus spp.,,,,,,,
2,configs/breakpoints/clsi_2024.csv,"app calls + S/I/R scoring (US call standard), and labels for CLSI-2024 rows",CLSI,2024,SAUR,erythromycin,0.5,4.0,S <= 0.5; R >= 8,1536,True,CLSI M100 edition in force in 2024 (2024 = 34th ed.); clsi.org (free read-only M100 access),Table 2C Staphylococcus spp.,,,,,,,
2,configs/breakpoints/clsi_2024.csv,"app calls + S/I/R scoring (US call standard), and labels for CLSI-2024 rows",CLSI,2024,SAUR,clindamycin,0.5,2.0,S <= 0.5; R >= 4,1531,True,CLSI M100 edition in force in 2024 (2024 = 34th ed.); clsi.org (free read-only M100 access),Table 2C Staphylococcus spp.,,,,,,,
2,configs/breakpoints/clsi_2024.csv,"app calls + S/I/R scoring (US call standard), and labels for CLSI-2024 rows",CLSI,2024,KPNEU,minocycline,4.0,8.0,S <= 4; R >= 16,1446,True,CLSI M100 edition in force in 2024 (2024 = 34th ed.); clsi.org (free read-only M100 access),Table 2A Enterobacterales,,,,,,,
2,configs/breakpoints/clsi_2024.csv,"app calls + S/I/R scoring (US call standard), and labels for CLSI-2024 rows",CLSI,2024,ABAU,imipenem,2.0,4.0,S <= 2; R >= 8,1393,True,CLSI M100 edition in force in 2024 (2024 = 34th ed.); clsi.org (free read-only M100 access),Table 2B-2 Acinetobacter spp.,,,,,,,
2,configs/breakpoints/clsi_2024.csv,"app calls + S/I/R scoring (US call standard), and labels for CLSI-2024 rows",CLSI,2024,PAER,meropenem,2.0,4.0,S <= 2; R >= 8,1348,True,CLSI M100 edition in force in 2024 (2024 = 34th ed.); clsi.org (free read-only M100 access),Table 2B-1 Pseudomonas aeruginosa,,,,,,,
2,configs/breakpoints/clsi_2024.csv,"app calls + S/I/R scoring (US call standard), and labels for CLSI-2024 rows",CLSI,2024,SAUR,gentamicin,4.0,8.0,S <= 4; R >= 16,1326,True,CLSI M100 edition in force in 2024 (2024 = 34th ed.); clsi.org (free read-only M100 access),Table 2C Staphylococcus spp.,,,,,,,
2,configs/breakpoints/clsi_2024.csv,"app calls + S/I/R scoring (US call standard), and labels for CLSI-2024 rows",CLSI,2024,ABAU,gentamicin,4.0,8.0,S <= 4; R >= 16,1246,True,CLSI M100 edition in force in 2024 (2024 = 34th ed.); clsi.org (free read-only M100 access),Table 2B-2 Acinetobacter spp.,,,,,,,
2,configs/breakpoints/clsi_2024.csv,"app calls + S/I/R scoring (US call standard), and labels for CLSI-2024 rows",CLSI,2024,ABAU,amikacin,16.0,32.0,S <= 16; R >= 64,1228,True,CLSI M100 edition in force in 2024 (2024 = 34th ed.); clsi.org (free read-only M100 access),Table 2B-2 Acinetobacter spp.,,,,,,,
2,configs/breakpoints/clsi_2024.csv,"app calls + S/I/R scoring (US call standard), and labels for CLSI-2024 rows",CLSI,2024,ABAU,ceftazidime,8.0,16.0,S <= 8; R >= 32,1188,True,CLSI M100 edition in force in 2024 (2024 = 34th ed.); clsi.org (free read-only M100 access),Table 2B-2 Acinetobacter spp.,,,,,,,
2,configs/breakpoints/clsi_2024.csv,"app calls + S/I/R scoring (US call standard), and labels for CLSI-2024 rows",CLSI,2024,PAER,ciprofloxacin,0.5,1.0,S <= 0.5; R >= 2,1163,True,CLSI M100 edition in force in 2024 (2024 = 34th ed.); clsi.org (free read-only M100 access),Table 2B-1 Pseudomonas aeruginosa,,,,,,,
2,configs/breakpoints/clsi_2024.csv,"app calls + S/I/R scoring (US call standard), and labels for CLSI-2024 rows",CLSI,2024,SAUR,tetracycline,4.0,8.0,S <= 4; R >= 16,1117,True,CLSI M100 edition in force in 2024 (2024 = 34th ed.); clsi.org (free read-only M100 access),Table 2C Staphylococcus spp.,,,,,,,
2,configs/breakpoints/clsi_2024.csv,"app calls + S/I/R scoring (US call standard), and labels for CLSI-2024 rows",CLSI,2024,SAUR,daptomycin,1.0,1.0,S <= 1; R >= 2,1115,True,CLSI M100 edition in force in 2024 (2024 = 34th ed.); clsi.org (free read-only M100 access),Table 2C Staphylococcus spp.,,,,,,,
2,configs/breakpoints/clsi_2024.csv,"app calls + S/I/R scoring (US call standard), and labels for CLSI-2024 rows",CLSI,2024,PAER,tobramycin,1.0,2.0,S <= 1; R >= 4,1062,True,CLSI M100 edition in force in 2024 (2024 = 34th ed.); clsi.org (free read-only M100 access),Table 2B-1 Pseudomonas aeruginosa,,,,,,,
2,configs/breakpoints/clsi_2024.csv,"app calls + S/I/R scoring (US call standard), and labels for CLSI-2024 rows",CLSI,2024,PAER,ceftazidime,8.0,16.0,S <= 8; R >= 32,1054,True,CLSI M100 edition in force in 2024 (2024 = 34th ed.); clsi.org (free read-only M100 access),Table 2B-1 Pseudomonas aeruginosa,,,,,,,
2,configs/breakpoints/clsi_2024.csv,"app calls + S/I/R scoring (US call standard), and labels for CLSI-2024 rows",CLSI,2024,ABAU,trimethoprim-sulfamethoxazole,2.0,2.0,S <= 2; R >= 4,1050,True,CLSI M100 edition in force in 2024 (2024 = 34th ed.); clsi.org (free read-only M100 access),Table 2B-2 Acinetobacter spp.,,,,,,,
2,configs/breakpoints/clsi_2024.csv,"app calls + S/I/R scoring (US call standard), and labels for CLSI-2024 rows",CLSI,2024,ABAU,ampicillin-sulbactam,8.0,16.0,S <= 8; R >= 32,1041,True,CLSI M100 edition in force in 2024 (2024 = 34th ed.); clsi.org (free read-only M100 access),Table 2B-2 Acinetobacter spp.,,,,,,,
2,configs/breakpoints/clsi_2024.csv,"app calls + S/I/R scoring (US call standard), and labels for CLSI-2024 rows",CLSI,2024,ABAU,levofloxacin,2.0,4.0,S <= 2; R >= 8,982,True,CLSI M100 edition in force in 2024 (2024 = 34th ed.); clsi.org (free read-only M100 access),Table 2B-2 Acinetobacter spp.,,,,,,,
2,configs/breakpoints/clsi_2024.csv,"app calls + S/I/R scoring (US call standard), and labels for CLSI-2024 rows",CLSI,2024,ABAU,tetracycline,4.0,8.0,S <= 4; R >= 16,939,True,CLSI M100 edition in force in 2024 (2024 = 34th ed.); clsi.org (free read-only M100 access),Table 2B-2 Acinetobacter spp.,,,,,,,
2,configs/breakpoints/clsi_2024.csv,"app calls + S/I/R scoring (US call standard), and labels for CLSI-2024 rows",CLSI,2024,ABAU,ceftriaxone,8.0,32.0,S <= 8; R >= 64,938,True,CLSI M100 edition in force in 2024 (2024 = 34th ed.); clsi.org (free read-only M100 access),Table 2B-2 Acinetobacter spp.,,,,,,,
2,configs/breakpoints/clsi_2024.csv,"app calls + S/I/R scoring (US call standard), and labels for CLSI-2024 rows",CLSI,2024,ABAU,meropenem,2.0,4.0,S <= 2; R >= 8,936,True,CLSI M100 edition in force in 2024 (2024 = 34th ed.); clsi.org (free read-only M100 access),Table 2B-2 Acinetobacter spp.,,,,,,,
2,configs/breakpoints/clsi_2024.csv,"app calls + S/I/R scoring (US call standard), and labels for CLSI-2024 rows",CLSI,2024,SAUR,trimethoprim-sulfamethoxazole,2.0,2.0,S <= 2; R >= 4,906,True,CLSI M100 edition in force in 2024 (2024 = 34th ed.); clsi.org (free read-only M100 access),Table 2C Staphylococcus spp.,,,,,,,
2,configs/breakpoints/clsi_2024.csv,"app calls + S/I/R scoring (US call standard), and labels for CLSI-2024 rows",CLSI,2024,ABAU,tobramycin,4.0,8.0,S <= 4; R >= 16,854,True,CLSI M100 edition in force in 2024 (2024 = 34th ed.); clsi.org (free read-only M100 access),Table 2B-2 Acinetobacter spp.,,,,,,,
2,configs/breakpoints/clsi_2024.csv,"app calls + S/I/R scoring (US call standard), and labels for CLSI-2024 rows",CLSI,2024,PAER,levofloxacin,1.0,2.0,S <= 1; R >= 4,801,True,CLSI M100 edition in force in 2024 (2024 = 34th ed.); clsi.org (free read-only M100 access),Table 2B-1 Pseudomonas aeruginosa,,,,,,,
2,configs/breakpoints/clsi_2024.csv,"app calls + S/I/R scoring (US call standard), and labels for CLSI-2024 rows",CLSI,2024,PAER,cefepime,8.0,16.0,S <= 8; R >= 32,718,True,CLSI M100 edition in force in 2024 (2024 = 34th ed.); clsi.org (free read-only M100 access),Table 2B-1 Pseudomonas aeruginosa,,,,,,,
2,configs/breakpoints/clsi_2024.csv,"app calls + S/I/R scoring (US call standard), and labels for CLSI-2024 rows",CLSI,2024,SAUR,levofloxacin,1.0,2.0,S <= 1; R >= 4,681,True,CLSI M100 edition in force in 2024 (2024 = 34th ed.); clsi.org (free read-only M100 access),Table 2C Staphylococcus spp.,,,,,,,
2,configs/breakpoints/clsi_2024.csv,"app calls + S/I/R scoring (US call standard), and labels for CLSI-2024 rows",CLSI,2024,PAER,imipenem,2.0,4.0,S <= 2; R >= 8,639,True,CLSI M100 edition in force in 2024 (2024 = 34th ed.); clsi.org (free read-only M100 access),Table 2B-1 Pseudomonas aeruginosa,,,,,,,
2,configs/breakpoints/clsi_2024.csv,"app calls + S/I/R scoring (US call standard), and labels for CLSI-2024 rows",CLSI,2024,PAER,piperacillin-tazobactam,16.0,64.0,S <= 16; R >= 128,624,True,CLSI M100 edition in force in 2024 (2024 = 34th ed.); clsi.org (free read-only M100 access),Table 2B-1 Pseudomonas aeruginosa,,,,,,,
2,configs/breakpoints/clsi_2024.csv,"app calls + S/I/R scoring (US call standard), and labels for CLSI-2024 rows",CLSI,2024,ABAU,cefepime,8.0,16.0,S <= 8; R >= 32,467,True,CLSI M100 edition in force in 2024 (2024 = 34th ed.); clsi.org (free read-only M100 access),Table 2B-2 Acinetobacter spp.,,,,,,,
2,configs/breakpoints/clsi_2024.csv,"app calls + S/I/R scoring (US call standard), and labels for CLSI-2024 rows",CLSI,2024,KPNEU,ceftazidime-avibactam,8.0,8.0,S <= 8; R >= 16,451,True,CLSI M100 edition in force in 2024 (2024 = 34th ed.); clsi.org (free read-only M100 access),Table 2A Enterobacterales,,,,,,,
2,configs/breakpoints/clsi_2024.csv,"app calls + S/I/R scoring (US call standard), and labels for CLSI-2024 rows",CLSI,2024,ABAU,piperacillin-tazobactam,16.0,64.0,S <= 16; R >= 128,431,True,CLSI M100 edition in force in 2024 (2024 = 34th ed.); clsi.org (free read-only M100 access),Table 2B-2 Acinetobacter spp.,,,,,,,
2,configs/breakpoints/clsi_2024.csv,"app calls + S/I/R scoring (US call standard), and labels for CLSI-2024 rows",CLSI,2024,PAER,aztreonam,8.0,16.0,S <= 8; R >= 32,398,True,CLSI M100 edition in force in 2024 (2024 = 34th ed.); clsi.org (free read-only M100 access),Table 2B-1 Pseudomonas aeruginosa,,,,,,,
2,configs/breakpoints/clsi_2024.csv,"app calls + S/I/R scoring (US call standard), and labels for CLSI-2024 rows",CLSI,2024,SAUR,cefoxitin,4.0,4.0,S <= 4; R >= 8,344,True,CLSI M100 edition in force in 2024 (2024 = 34th ed.); clsi.org (free read-only M100 access),Table 2C Staphylococcus spp.,,,,,,,
2,configs/breakpoints/clsi_2024.csv,"app calls + S/I/R scoring (US call standard), and labels for CLSI-2024 rows",CLSI,2024,PAER,ceftazidime-avibactam,8.0,8.0,S <= 8; R >= 16,329,True,CLSI M100 edition in force in 2024 (2024 = 34th ed.); clsi.org (free read-only M100 access),Table 2B-1 Pseudomonas aeruginosa,,,,,,,
2,configs/breakpoints/clsi_2024.csv,"app calls + S/I/R scoring (US call standard), and labels for CLSI-2024 rows",CLSI,2024,ABAU,minocycline,4.0,8.0,S <= 4; R >= 16,270,True,CLSI M100 edition in force in 2024 (2024 = 34th ed.); clsi.org (free read-only M100 access),Table 2B-2 Acinetobacter spp.,,,,,,,
3,configs/breakpoints/clsi_2024.csv,"app calls + S/I/R scoring (US call standard), and labels for CLSI-2024 rows",CLSI,2024,ECOLI,minocycline,4.0,8.0,S <= 4; R >= 16,3514,False,CLSI M100 edition in force in 2024 (2024 = 34th ed.); clsi.org (free read-only M100 access),Table 2A Enterobacterales,,,,,,,
3,configs/breakpoints/clsi_2024.csv,"app calls + S/I/R scoring (US call standard), and labels for CLSI-2024 rows",CLSI,2024,KPNEU,cefotaxime,1.0,2.0,S <= 1; R >= 4,2423,False,CLSI M100 edition in force in 2024 (2024 = 34th ed.); clsi.org (free read-only M100 access),Table 2A Enterobacterales,,,,,,,
3,configs/breakpoints/clsi_2024.csv,"app calls + S/I/R scoring (US call standard), and labels for CLSI-2024 rows",CLSI,2024,ECOLI,doxycycline,4.0,8.0,S <= 4; R >= 16,1581,False,CLSI M100 edition in force in 2024 (2024 = 34th ed.); clsi.org (free read-only M100 access),Table 2A Enterobacterales,,,,,,,
3,configs/breakpoints/clsi_2024.csv,"app calls + S/I/R scoring (US call standard), and labels for CLSI-2024 rows",CLSI,2024,SAUR,linezolid,4.0,4.0,S <= 4; R >= 8,1295,False,CLSI M100 edition in force in 2024 (2024 = 34th ed.); clsi.org (free read-only M100 access),Table 2C Staphylococcus spp.,,,,,,,
3,configs/breakpoints/clsi_2024.csv,"app calls + S/I/R scoring (US call standard), and labels for CLSI-2024 rows",CLSI,2024,SAUR,ciprofloxacin,1.0,2.0,S <= 1; R >= 4,943,False,CLSI M100 edition in force in 2024 (2024 = 34th ed.); clsi.org (free read-only M100 access),Table 2C Staphylococcus spp.,,,,,,,
3,configs/breakpoints/clsi_2024.csv,"app calls + S/I/R scoring (US call standard), and labels for CLSI-2024 rows",CLSI,2024,ABAU,cefotaxime,8.0,32.0,S <= 8; R >= 64,784,False,CLSI M100 edition in force in 2024 (2024 = 34th ed.); clsi.org (free read-only M100 access),Table 2B-2 Acinetobacter spp.,,,,,,,
3,configs/breakpoints/clsi_2024.csv,"app calls + S/I/R scoring (US call standard), and labels for CLSI-2024 rows",CLSI,2024,SAUR,minocycline,4.0,8.0,S <= 4; R >= 16,315,False,CLSI M100 edition in force in 2024 (2024 = 34th ed.); clsi.org (free read-only M100 access),Table 2C Staphylococcus spp.,,,,,,,
3,configs/breakpoints/clsi_2024.csv,"app calls + S/I/R scoring (US call standard), and labels for CLSI-2024 rows",CLSI,2024,KPNEU,doxycycline,4.0,8.0,S <= 4; R >= 16,265,False,CLSI M100 edition in force in 2024 (2024 = 34th ed.); clsi.org (free read-only M100 access),Table 2A Enterobacterales,,,,,,,
3,configs/breakpoints/clsi_2024.csv,"app calls + S/I/R scoring (US call standard), and labels for CLSI-2024 rows",CLSI,2024,ECOLI,ceftazidime-avibactam,8.0,8.0,S <= 8; R >= 16,185,False,CLSI M100 edition in force in 2024 (2024 = 34th ed.); clsi.org (free read-only M100 access),Table 2A Enterobacterales,,,,,,,
3,configs/breakpoints/clsi_2024.csv,"app calls + S/I/R scoring (US call standard), and labels for CLSI-2024 rows",CLSI,2024,SAUR,doxycycline,4.0,8.0,S <= 4; R >= 16,129,False,CLSI M100 edition in force in 2024 (2024 = 34th ed.); clsi.org (free read-only M100 access),Table 2C Staphylococcus spp.,,,,,,,
3,configs/breakpoints/clsi_2024.csv,"app calls + S/I/R scoring (US call standard), and labels for CLSI-2024 rows",CLSI,2024,SAUR,tobramycin,4.0,8.0,S <= 4; R >= 16,120,False,CLSI M100 edition in force in 2024 (2024 = 34th ed.); clsi.org (free read-only M100 access),Table 2C Staphylococcus spp.,,,,,,,
3,configs/breakpoints/clsi_2024.csv,"app calls + S/I/R scoring (US call standard), and labels for CLSI-2024 rows",CLSI,2024,SAUR,amikacin,16.0,32.0,S <= 16; R >= 64,11,False,CLSI M100 edition in force in 2024 (2024 = 34th ed.); clsi.org (free read-only M100 access),Table 2C Staphylococcus spp.,,,,,,,
3,configs/breakpoints/clsi_2024.csv,"app calls + S/I/R scoring (US call standard), and labels for CLSI-2024 rows",CLSI,2024,ECOLI,amoxicillin-clavulanate,8.0,16.0,S <= 8; R >= 32,0,False,CLSI M100 edition in force in 2024 (2024 = 34th ed.); clsi.org (free read-only M100 access),Table 2A Enterobacterales,,,,,,,
3,configs/breakpoints/clsi_2024.csv,"app calls + S/I/R scoring (US call standard), and labels for CLSI-2024 rows",CLSI,2024,KPNEU,amoxicillin-clavulanate,8.0,16.0,S <= 8; R >= 32,0,False,CLSI M100 edition in force in 2024 (2024 = 34th ed.); clsi.org (free read-only M100 access),Table 2A Enterobacterales,,,,,,,
3,configs/breakpoints/clsi_2024.csv,"app calls + S/I/R scoring (US call standard), and labels for CLSI-2024 rows",CLSI,2024,ABAU,doxycycline,4.0,8.0,S <= 4; R >= 16,0,False,CLSI M100 edition in force in 2024 (2024 = 34th ed.); clsi.org (free read-only M100 access),Table 2B-2 Acinetobacter spp.,,,,,,,
3,configs/breakpoints/clsi_2024.csv,"app calls + S/I/R scoring (US call standard), and labels for CLSI-2024 rows",CLSI,2024,SAUR,rifampicin,1.0,2.0,S <= 1; R >= 4,0,False,CLSI M100 edition in force in 2024 (2024 = 34th ed.); clsi.org (free read-only M100 access),Table 2C Staphylococcus spp.,,,,,,,
4,configs/breakpoints/eucast_2024.csv,labels for EUCAST-2024 rows only (not used for calls),EUCAST,2024,ECOLI,gentamicin,2.0,2.0,S <= 2; R > 2,16348,True,EUCAST Clinical Breakpoint Tables for version in force in 2024 (2024 = v14.0); eucast.org > Clinical breakpoints (older versions: breakpoint table archive),sheet 'Enterobacterales',,,,,,,
4,configs/breakpoints/eucast_2024.csv,labels for EUCAST-2024 rows only (not used for calls),EUCAST,2024,ECOLI,ciprofloxacin,0.25,0.5,S <= 0.25; R > 0.5,15916,True,EUCAST Clinical Breakpoint Tables for version in force in 2024 (2024 = v14.0); eucast.org > Clinical breakpoints (older versions: breakpoint table archive),sheet 'Enterobacterales',,,,,,,
4,configs/breakpoints/eucast_2024.csv,labels for EUCAST-2024 rows only (not used for calls),EUCAST,2024,ECOLI,meropenem,2.0,8.0,S <= 2; R > 8,15250,True,EUCAST Clinical Breakpoint Tables for version in force in 2024 (2024 = v14.0); eucast.org > Clinical breakpoints (older versions: breakpoint table archive),sheet 'Enterobacterales',,,,,,,
4,configs/breakpoints/eucast_2024.csv,labels for EUCAST-2024 rows only (not used for calls),EUCAST,2024,ECOLI,trimethoprim-sulfamethoxazole,2.0,4.0,S <= 2; R > 4,12395,True,EUCAST Clinical Breakpoint Tables for version in force in 2024 (2024 = v14.0); eucast.org > Clinical breakpoints (older versions: breakpoint table archive),sheet 'Enterobacterales',,,,,,,
4,configs/breakpoints/eucast_2024.csv,labels for EUCAST-2024 rows only (not used for calls),EUCAST,2024,ECOLI,ampicillin,8.0,8.0,S <= 8; R > 8,12086,True,EUCAST Clinical Breakpoint Tables for version in force in 2024 (2024 = v14.0); eucast.org > Clinical breakpoints (older versions: breakpoint table archive),sheet 'Enterobacterales',,,,,,,
4,configs/breakpoints/eucast_2024.csv,labels for EUCAST-2024 rows only (not used for calls),EUCAST,2024,ECOLI,ceftazidime,1.0,4.0,S <= 1; R > 4,11670,True,EUCAST Clinical Breakpoint Tables for version in force in 2024 (2024 = v14.0); eucast.org > Clinical breakpoints (older versions: breakpoint table archive),sheet 'Enterobacterales',,,,,,,
4,configs/breakpoints/eucast_2024.csv,labels for EUCAST-2024 rows only (not used for calls),EUCAST,2024,ECOLI,ceftriaxone,1.0,2.0,S <= 1; R > 2,10721,True,EUCAST Clinical Breakpoint Tables for version in force in 2024 (2024 = v14.0); eucast.org > Clinical breakpoints (older versions: breakpoint table archive),sheet 'Enterobacterales',,,,,,,
4,configs/breakpoints/eucast_2024.csv,labels for EUCAST-2024 rows only (not used for calls),EUCAST,2024,ECOLI,piperacillin-tazobactam,8.0,8.0,S <= 8; R > 8,10037,True,EUCAST Clinical Breakpoint Tables for version in force in 2024 (2024 = v14.0); eucast.org > Clinical breakpoints (older versions: breakpoint table archive),sheet 'Enterobacterales',,,,,,,
4,configs/breakpoints/eucast_2024.csv,labels for EUCAST-2024 rows only (not used for calls),EUCAST,2024,ECOLI,amikacin,8.0,8.0,S <= 8; R > 8,10023,True,EUCAST Clinical Breakpoint Tables for version in force in 2024 (2024 = v14.0); eucast.org > Clinical breakpoints (older versions: breakpoint table archive),sheet 'Enterobacterales',,,,,,,
4,configs/breakpoints/eucast_2024.csv,labels for EUCAST-2024 rows only (not used for calls),EUCAST,2024,ECOLI,imipenem,2.0,4.0,S <= 2; R > 4,9059,True,EUCAST Clinical Breakpoint Tables for version in force in 2024 (2024 = v14.0); eucast.org > Clinical breakpoints (older versions: breakpoint table archive),sheet 'Enterobacterales',,,,,,,
4,configs/breakpoints/eucast_2024.csv,labels for EUCAST-2024 rows only (not used for calls),EUCAST,2024,ECOLI,cefepime,1.0,4.0,S <= 1; R > 4,7680,True,EUCAST Clinical Breakpoint Tables for version in force in 2024 (2024 = v14.0); eucast.org > Clinical breakpoints (older versions: breakpoint table archive),sheet 'Enterobacterales',,,,,,,
4,configs/breakpoints/eucast_2024.csv,labels for EUCAST-2024 rows only (not used for calls),EUCAST,2024,KPNEU,meropenem,2.0,8.0,S <= 2; R > 8,6841,True,EUCAST Clinical Breakpoint Tables for version in force in 2024 (2024 = v14.0); eucast.org > Clinical breakpoints (older versions: breakpoint table archive),sheet 'Enterobacterales',,,,,,,
4,configs/breakpoints/eucast_2024.csv,labels for EUCAST-2024 rows only (not used for calls),EUCAST,2024,ECOLI,cefotaxime,1.0,2.0,S <= 1; R > 2,6426,True,EUCAST Clinical Breakpoint Tables for version in force in 2024 (2024 = v14.0); eucast.org > Clinical breakpoints (older versions: breakpoint table archive),sheet 'Enterobacterales',,,,,,,
4,configs/breakpoints/eucast_2024.csv,labels for EUCAST-2024 rows only (not used for calls),EUCAST,2024,ECOLI,tobramycin,2.0,2.0,S <= 2; R > 2,6180,True,EUCAST Clinical Breakpoint Tables for version in force in 2024 (2024 = v14.0); eucast.org > Clinical breakpoints (older versions: breakpoint table archive),sheet 'Enterobacterales',,,,,,,
4,configs/breakpoints/eucast_2024.csv,labels for EUCAST-2024 rows only (not used for calls),EUCAST,2024,ECOLI,levofloxacin,0.5,1.0,S <= 0.5; R > 1,5677,True,EUCAST Clinical Breakpoint Tables for version in force in 2024 (2024 = v14.0); eucast.org > Clinical breakpoints (older versions: breakpoint table archive),sheet 'Enterobacterales',,,,,,,
4,configs/breakpoints/eucast_2024.csv,labels for EUCAST-2024 rows only (not used for calls),EUCAST,2024,KPNEU,ciprofloxacin,0.25,0.5,S <= 0.25; R > 0.5,5309,True,EUCAST Clinical Breakpoint Tables for version in force in 2024 (2024 = v14.0); eucast.org > Clinical breakpoints (older versions: breakpoint table archive),sheet 'Enterobacterales',,,,,,,
4,configs/breakpoints/eucast_2024.csv,labels for EUCAST-2024 rows only (not used for calls),EUCAST,2024,ECOLI,aztreonam,1.0,4.0,S <= 1; R > 4,5215,True,EUCAST Clinical Breakpoint Tables for version in force in 2024 (2024 = v14.0); eucast.org > Clinical breakpoints (older versions: breakpoint table archive),sheet 'Enterobacterales',,,,,,,
4,configs/breakpoints/eucast_2024.csv,labels for EUCAST-2024 rows only (not used for calls),EUCAST,2024,KPNEU,ceftazidime,1.0,4.0,S <= 1; R > 4,5143,True,EUCAST Clinical Breakpoint Tables for version in force in 2024 (2024 = v14.0); eucast.org > Clinical breakpoints (older versions: breakpoint table archive),sheet 'Enterobacterales',,,,,,,
4,configs/breakpoints/eucast_2024.csv,labels for EUCAST-2024 rows only (not used for calls),EUCAST,2024,KPNEU,gentamicin,2.0,2.0,S <= 2; R > 2,5135,True,EUCAST Clinical Breakpoint Tables for version in force in 2024 (2024 = v14.0); eucast.org > Clinical breakpoints (older versions: breakpoint table archive),sheet 'Enterobacterales',,,,,,,
4,configs/breakpoints/eucast_2024.csv,labels for EUCAST-2024 rows only (not used for calls),EUCAST,2024,KPNEU,amikacin,8.0,8.0,S <= 8; R > 8,4946,True,EUCAST Clinical Breakpoint Tables for version in force in 2024 (2024 = v14.0); eucast.org > Clinical breakpoints (older versions: breakpoint table archive),sheet 'Enterobacterales',,,,,,,
4,configs/breakpoints/eucast_2024.csv,labels for EUCAST-2024 rows only (not used for calls),EUCAST,2024,ECOLI,tigecycline,0.5,0.5,S <= 0.5; R > 0.5,4800,False,EUCAST Clinical Breakpoint Tables for version in force in 2024 (2024 = v14.0); eucast.org > Clinical breakpoints (older versions: breakpoint table archive),sheet 'Enterobacterales',,,,,,,
4,configs/breakpoints/eucast_2024.csv,labels for EUCAST-2024 rows only (not used for calls),EUCAST,2024,ECOLI,ertapenem,0.5,0.5,S <= 0.5; R > 0.5,4782,True,EUCAST Clinical Breakpoint Tables for version in force in 2024 (2024 = v14.0); eucast.org > Clinical breakpoints (older versions: breakpoint table archive),sheet 'Enterobacterales',,,,,,,
4,configs/breakpoints/eucast_2024.csv,labels for EUCAST-2024 rows only (not used for calls),EUCAST,2024,KPNEU,piperacillin-tazobactam,8.0,8.0,S <= 8; R > 8,4597,True,EUCAST Clinical Breakpoint Tables for version in force in 2024 (2024 = v14.0); eucast.org > Clinical breakpoints (older versions: breakpoint table archive),sheet 'Enterobacterales',,,,,,,
4,configs/breakpoints/eucast_2024.csv,labels for EUCAST-2024 rows only (not used for calls),EUCAST,2024,KPNEU,cefepime,1.0,4.0,S <= 1; R > 4,4406,True,EUCAST Clinical Breakpoint Tables for version in force in 2024 (2024 = v14.0); eucast.org > Clinical breakpoints (older versions: breakpoint table archive),sheet 'Enterobacterales',,,,,,,
4,configs/breakpoints/eucast_2024.csv,labels for EUCAST-2024 rows only (not used for calls),EUCAST,2024,KPNEU,imipenem,2.0,4.0,S <= 2; R > 4,4370,True,EUCAST Clinical Breakpoint Tables for version in force in 2024 (2024 = v14.0); eucast.org > Clinical breakpoints (older versions: breakpoint table archive),sheet 'Enterobacterales',,,,,,,
4,configs/breakpoints/eucast_2024.csv,labels for EUCAST-2024 rows only (not used for calls),EUCAST,2024,KPNEU,ceftriaxone,1.0,2.0,S <= 1; R > 2,4131,True,EUCAST Clinical Breakpoint Tables for version in force in 2024 (2024 = v14.0); eucast.org > Clinical breakpoints (older versions: breakpoint table archive),sheet 'Enterobacterales',,,,,,,
4,configs/breakpoints/eucast_2024.csv,labels for EUCAST-2024 rows only (not used for calls),EUCAST,2024,KPNEU,trimethoprim-sulfamethoxazole,2.0,4.0,S <= 2; R > 4,4054,True,EUCAST Clinical Breakpoint Tables for version in force in 2024 (2024 = v14.0); eucast.org > Clinical breakpoints (older versions: breakpoint table archive),sheet 'Enterobacterales',,,,,,,
4,configs/breakpoints/eucast_2024.csv,labels for EUCAST-2024 rows only (not used for calls),EUCAST,2024,ECOLI,colistin,2.0,2.0,S <= 2; R > 2,4008,True,EUCAST Clinical Breakpoint Tables for version in force in 2024 (2024 = v14.0); eucast.org > Clinical breakpoints (older versions: breakpoint table archive),sheet 'Enterobacterales',,,,,,,
4,configs/breakpoints/eucast_2024.csv,labels for EUCAST-2024 rows only (not used for calls),EUCAST,2024,KPNEU,tobramycin,2.0,2.0,S <= 2; R > 2,3802,True,EUCAST Clinical Breakpoint Tables for version in force in 2024 (2024 = v14.0); eucast.org > Clinical breakpoints (older versions: breakpoint table archive),sheet 'Enterobacterales',,,,,,,
4,configs/breakpoints/eucast_2024.csv,labels for EUCAST-2024 rows only (not used for calls),EUCAST,2024,KPNEU,aztreonam,1.0,4.0,S <= 1; R > 4,3765,True,EUCAST Clinical Breakpoint Tables for version in force in 2024 (2024 = v14.0); eucast.org > Clinical breakpoints (older versions: breakpoint table archive),sheet 'Enterobacterales',,,,,,,
4,configs/breakpoints/eucast_2024.csv,labels for EUCAST-2024 rows only (not used for calls),EUCAST,2024,KPNEU,levofloxacin,0.5,1.0,S <= 0.5; R > 1,3612,True,EUCAST Clinical Breakpoint Tables for version in force in 2024 (2024 = v14.0); eucast.org > Clinical breakpoints (older versions: breakpoint table archive),sheet 'Enterobacterales',,,,,,,
4,configs/breakpoints/eucast_2024.csv,labels for EUCAST-2024 rows only (not used for calls),EUCAST,2024,KPNEU,ampicillin,8.0,8.0,S <= 8; R > 8,3450,True,EUCAST Clinical Breakpoint Tables for version in force in 2024 (2024 = v14.0); eucast.org > Clinical breakpoints (older versions: breakpoint table archive),sheet 'Enterobacterales',,,,,,,
4,configs/breakpoints/eucast_2024.csv,labels for EUCAST-2024 rows only (not used for calls),EUCAST,2024,ECOLI,ampicillin-sulbactam,8.0,8.0,S <= 8; R > 8,3247,True,EUCAST Clinical Breakpoint Tables for version in force in 2024 (2024 = v14.0); eucast.org > Clinical breakpoints (older versions: breakpoint table archive),sheet 'Enterobacterales',,,,,,,
4,configs/breakpoints/eucast_2024.csv,labels for EUCAST-2024 rows only (not used for calls),EUCAST,2024,KPNEU,ampicillin-sulbactam,8.0,8.0,S <= 8; R > 8,3037,True,EUCAST Clinical Breakpoint Tables for version in force in 2024 (2024 = v14.0); eucast.org > Clinical breakpoints (older versions: breakpoint table archive),sheet 'Enterobacterales',,,,,,,
4,configs/breakpoints/eucast_2024.csv,labels for EUCAST-2024 rows only (not used for calls),EUCAST,2024,KPNEU,cefotaxime,1.0,2.0,S <= 1; R > 2,2423,False,EUCAST Clinical Breakpoint Tables for version in force in 2024 (2024 = v14.0); eucast.org > Clinical breakpoints (older versions: breakpoint table archive),sheet 'Enterobacterales',,,,,,,
4,configs/breakpoints/eucast_2024.csv,labels for EUCAST-2024 rows only (not used for calls),EUCAST,2024,KPNEU,ertapenem,0.5,0.5,S <= 0.5; R > 0.5,2135,True,EUCAST Clinical Breakpoint Tables for version in force in 2024 (2024 = v14.0); eucast.org > Clinical breakpoints (older versions: breakpoint table archive),sheet 'Enterobacterales',,,,,,,
4,configs/breakpoints/eucast_2024.csv,labels for EUCAST-2024 rows only (not used for calls),EUCAST,2024,ABAU,ciprofloxacin,0.001,1.0,S <= 0.001; R > 1,1990,True,EUCAST Clinical Breakpoint Tables for version in force in 2024 (2024 = v14.0); eucast.org > Clinical breakpoints (older versions: breakpoint table archive),sheet 'Acinetobacter spp.',,,,,,,
4,configs/breakpoints/eucast_2024.csv,labels for EUCAST-2024 rows only (not used for calls),EUCAST,2024,KPNEU,colistin,2.0,2.0,S <= 2; R > 2,1909,True,EUCAST Clinical Breakpoint Tables for version in force in 2024 (2024 = v14.0); eucast.org > Clinical breakpoints (older versions: breakpoint table archive),sheet 'Enterobacterales',,,,,,,
4,configs/breakpoints/eucast_2024.csv,labels for EUCAST-2024 rows only (not used for calls),EUCAST,2024,SAUR,oxacillin,2.0,2.0,S <= 2; R > 2,1779,True,EUCAST Clinical Breakpoint Tables for version in force in 2024 (2024 = v14.0); eucast.org > Clinical breakpoints (older versions: breakpoint table archive),sheet 'Staphylococcus spp.',,,,,,,
4,configs/breakpoints/eucast_2024.csv,labels for EUCAST-2024 rows only (not used for calls),EUCAST,2024,SAUR,vancomycin,2.0,2.0,S <= 2; R > 2,1624,True,EUCAST Clinical Breakpoint Tables for version in force in 2024 (2024 = v14.0); eucast.org > Clinical breakpoints (older versions: breakpoint table archive),sheet 'Staphylococcus spp.',,,,,,,
4,configs/breakpoints/eucast_2024.csv,labels for EUCAST-2024 rows only (not used for calls),EUCAST,2024,SAUR,erythromycin,1.0,2.0,S <= 1; R > 2,1536,True,EUCAST Clinical Breakpoint Tables for version in force in 2024 (2024 = v14.0); eucast.org > Clinical breakpoints (older versions: breakpoint table archive),sheet 'Staphylococcus spp.',,,,,,,
4,configs/breakpoints/eucast_2024.csv,labels for EUCAST-2024 rows only (not used for calls),EUCAST,2024,SAUR,clindamycin,0.25,0.5,S <= 0.25; R > 0.5,1531,True,EUCAST Clinical Breakpoint Tables for version in force in 2024 (2024 = v14.0); eucast.org > Clinical breakpoints (older versions: breakpoint table archive),sheet 'Staphylococcus spp.',,,,,,,
4,configs/breakpoints/eucast_2024.csv,labels for EUCAST-2024 rows only (not used for calls),EUCAST,2024,ABAU,imipenem,2.0,4.0,S <= 2; R > 4,1393,True,EUCAST Clinical Breakpoint Tables for version in force in 2024 (2024 = v14.0); eucast.org > Clinical breakpoints (older versions: breakpoint table archive),sheet 'Acinetobacter spp.',,,,,,,
4,configs/breakpoints/eucast_2024.csv,labels for EUCAST-2024 rows only (not used for calls),EUCAST,2024,PAER,meropenem,2.0,8.0,S <= 2; R > 8,1348,True,EUCAST Clinical Breakpoint Tables for version in force in 2024 (2024 = v14.0); eucast.org > Clinical breakpoints (older versions: breakpoint table archive),sheet 'Pseudomonas spp.',,,,,,,
4,configs/breakpoints/eucast_2024.csv,labels for EUCAST-2024 rows only (not used for calls),EUCAST,2024,SAUR,gentamicin,2.0,2.0,S <= 2; R > 2,1326,True,EUCAST Clinical Breakpoint Tables for version in force in 2024 (2024 = v14.0); eucast.org > Clinical breakpoints (older versions: breakpoint table archive),sheet 'Staphylococcus spp.',,,,,,,
4,configs/breakpoints/eucast_2024.csv,labels for EUCAST-2024 rows only (not used for calls),EUCAST,2024,SAUR,linezolid,4.0,4.0,S <= 4; R > 4,1295,False,EUCAST Clinical Breakpoint Tables for version in force in 2024 (2024 = v14.0); eucast.org > Clinical breakpoints (older versions: breakpoint table archive),sheet 'Staphylococcus spp.',,,,,,,
4,configs/breakpoints/eucast_2024.csv,labels for EUCAST-2024 rows only (not used for calls),EUCAST,2024,ABAU,gentamicin,4.0,4.0,S <= 4; R > 4,1246,True,EUCAST Clinical Breakpoint Tables for version in force in 2024 (2024 = v14.0); eucast.org > Clinical breakpoints (older versions: breakpoint table archive),sheet 'Acinetobacter spp.',,,,,,,
4,configs/breakpoints/eucast_2024.csv,labels for EUCAST-2024 rows only (not used for calls),EUCAST,2024,ABAU,amikacin,8.0,8.0,S <= 8; R > 8,1228,True,EUCAST Clinical Breakpoint Tables for version in force in 2024 (2024 = v14.0); eucast.org > Clinical breakpoints (older versions: breakpoint table archive),sheet 'Acinetobacter spp.',,,,,,,
4,configs/breakpoints/eucast_2024.csv,labels for EUCAST-2024 rows only (not used for calls),EUCAST,2024,PAER,ciprofloxacin,0.001,0.5,S <= 0.001; R > 0.5,1163,True,EUCAST Clinical Breakpoint Tables for version in force in 2024 (2024 = v14.0); eucast.org > Clinical breakpoints (older versions: breakpoint table archive),sheet 'Pseudomonas spp.',,,,,,,
4,configs/breakpoints/eucast_2024.csv,labels for EUCAST-2024 rows only (not used for calls),EUCAST,2024,SAUR,tetracycline,1.0,2.0,S <= 1; R > 2,1117,True,EUCAST Clinical Breakpoint Tables for version in force in 2024 (2024 = v14.0); eucast.org > Clinical breakpoints (older versions: breakpoint table archive),sheet 'Staphylococcus spp.',,,,,,,
4,configs/breakpoints/eucast_2024.csv,labels for EUCAST-2024 rows only (not used for calls),EUCAST,2024,SAUR,daptomycin,1.0,1.0,S <= 1; R > 1,1115,True,EUCAST Clinical Breakpoint Tables for version in force in 2024 (2024 = v14.0); eucast.org > Clinical breakpoints (older versions: breakpoint table archive),sheet 'Staphylococcus spp.',,,,,,,
4,configs/breakpoints/eucast_2024.csv,labels for EUCAST-2024 rows only (not used for calls),EUCAST,2024,PAER,tobramycin,2.0,2.0,S <= 2; R > 2,1062,True,EUCAST Clinical Breakpoint Tables for version in force in 2024 (2024 = v14.0); eucast.org > Clinical breakpoints (older versions: breakpoint table archive),sheet 'Pseudomonas spp.',,,,,,,
4,configs/breakpoints/eucast_2024.csv,labels for EUCAST-2024 rows only (not used for calls),EUCAST,2024,PAER,ceftazidime,0.001,8.0,S <= 0.001; R > 8,1054,True,EUCAST Clinical Breakpoint Tables for version in force in 2024 (2024 = v14.0); eucast.org > Clinical breakpoints (older versions: breakpoint table archive),sheet 'Pseudomonas spp.',,,,,,,
4,configs/breakpoints/eucast_2024.csv,labels for EUCAST-2024 rows only (not used for calls),EUCAST,2024,ABAU,trimethoprim-sulfamethoxazole,2.0,4.0,S <= 2; R > 4,1050,True,EUCAST Clinical Breakpoint Tables for version in force in 2024 (2024 = v14.0); eucast.org > Clinical breakpoints (older versions: breakpoint table archive),sheet 'Acinetobacter spp.',,,,,,,
4,configs/breakpoints/eucast_2024.csv,labels for EUCAST-2024 rows only (not used for calls),EUCAST,2024,PAER,amikacin,16.0,16.0,S <= 16; R > 16,1016,True,EUCAST Clinical Breakpoint Tables for version in force in 2024 (2024 = v14.0); eucast.org > Clinical breakpoints (older versions: breakpoint table archive),sheet 'Pseudomonas spp.',,,,,,,
4,configs/breakpoints/eucast_2024.csv,labels for EUCAST-2024 rows only (not used for calls),EUCAST,2024,ABAU,levofloxacin,0.5,1.0,S <= 0.5; R > 1,982,True,EUCAST Clinical Breakpoint Tables for version in force in 2024 (2024 = v14.0); eucast.org > Clinical breakpoints (older versions: breakpoint table archive),sheet 'Acinetobacter spp.',,,,,,,
4,configs/breakpoints/eucast_2024.csv,labels for EUCAST-2024 rows only (not used for calls),EUCAST,2024,SAUR,ciprofloxacin,0.001,2.0,S <= 0.001; R > 2,943,False,EUCAST Clinical Breakpoint Tables for version in force in 2024 (2024 = v14.0); eucast.org > Clinical breakpoints (older versions: breakpoint table archive),sheet 'Staphylococcus spp.',,,,,,,
4,configs/breakpoints/eucast_2024.csv,labels for EUCAST-2024 rows only (not used for calls),EUCAST,2024,ABAU,meropenem,2.0,8.0,S <= 2; R > 8,936,True,EUCAST Clinical Breakpoint Tables for version in force in 2024 (2024 = v14.0); eucast.org > Clinical breakpoints (older versions: breakpoint table archive),sheet 'Acinetobacter spp.',,,,,,,
4,configs/breakpoints/eucast_2024.csv,labels for EUCAST-2024 rows only (not used for calls),EUCAST,2024,SAUR,trimethoprim-sulfamethoxazole,2.0,4.0,S <= 2; R > 4,906,True,EUCAST Clinical Breakpoint Tables for version in force in 2024 (2024 = v14.0); eucast.org > Clinical breakpoints (older versions: breakpoint table archive),sheet 'Staphylococcus spp.',,,,,,,
4,configs/breakpoints/eucast_2024.csv,labels for EUCAST-2024 rows only (not used for calls),EUCAST,2024,ABAU,tobramycin,4.0,4.0,S <= 4; R > 4,854,True,EUCAST Clinical Breakpoint Tables for version in force in 2024 (2024 = v14.0); eucast.org > Clinical breakpoints (older versions: breakpoint table archive),sheet 'Acinetobacter spp.',,,,,,,
4,configs/breakpoints/eucast_2024.csv,labels for EUCAST-2024 rows only (not used for calls),EUCAST,2024,PAER,levofloxacin,0.001,2.0,S <= 0.001; R > 2,801,True,EUCAST Clinical Breakpoint Tables for version in force in 2024 (2024 = v14.0); eucast.org > Clinical breakpoints (older versions: breakpoint table archive),sheet 'Pseudomonas spp.',,,,,,,
4,configs/breakpoints/eucast_2024.csv,labels for EUCAST-2024 rows only (not used for calls),EUCAST,2024,PAER,cefepime,0.001,8.0,S <= 0.001; R > 8,718,True,EUCAST Clinical Breakpoint Tables for version in force in 2024 (2024 = v14.0); eucast.org > Clinical breakpoints (older versions: breakpoint table archive),sheet 'Pseudomonas spp.',,,,,,,
4,configs/breakpoints/eucast_2024.csv,labels for EUCAST-2024 rows only (not used for calls),EUCAST,2024,SAUR,levofloxacin,0.001,2.0,S <= 0.001; R > 2,681,True,EUCAST Clinical Breakpoint Tables for version in force in 2024 (2024 = v14.0); eucast.org > Clinical breakpoints (older versions: breakpoint table archive),sheet 'Staphylococcus spp.',,,,,,,
4,configs/breakpoints/eucast_2024.csv,labels for EUCAST-2024 rows only (not used for calls),EUCAST,2024,PAER,colistin,4.0,4.0,S <= 4; R > 4,663,False,EUCAST Clinical Breakpoint Tables for version in force in 2024 (2024 = v14.0); eucast.org > Clinical breakpoints (older versions: breakpoint table archive),sheet 'Pseudomonas spp.',,,,,,,
4,configs/breakpoints/eucast_2024.csv,labels for EUCAST-2024 rows only (not used for calls),EUCAST,2024,PAER,imipenem,0.001,4.0,S <= 0.001; R > 4,639,True,EUCAST Clinical Breakpoint Tables for version in force in 2024 (2024 = v14.0); eucast.org > Clinical breakpoints (older versions: breakpoint table archive),sheet 'Pseudomonas spp.',,,,,,,
4,configs/breakpoints/eucast_2024.csv,labels for EUCAST-2024 rows only (not used for calls),EUCAST,2024,PAER,piperacillin-tazobactam,0.001,16.0,S <= 0.001; R > 16,624,True,EUCAST Clinical Breakpoint Tables for version in force in 2024 (2024 = v14.0); eucast.org > Clinical breakpoints (older versions: breakpoint table archive),sheet 'Pseudomonas spp.',,,,,,,
4,configs/breakpoints/eucast_2024.csv,labels for EUCAST-2024 rows only (not used for calls),EUCAST,2024,ABAU,colistin,2.0,2.0,S <= 2; R > 2,475,False,EUCAST Clinical Breakpoint Tables for version in force in 2024 (2024 = v14.0); eucast.org > Clinical breakpoints (older versions: breakpoint table archive),sheet 'Acinetobacter spp.',,,,,,,
4,configs/breakpoints/eucast_2024.csv,labels for EUCAST-2024 rows only (not used for calls),EUCAST,2024,KPNEU,ceftazidime-avibactam,8.0,8.0,S <= 8; R > 8,451,True,EUCAST Clinical Breakpoint Tables for version in force in 2024 (2024 = v14.0); eucast.org > Clinical breakpoints (older versions: breakpoint table archive),sheet 'Enterobacterales',,,,,,,
4,configs/breakpoints/eucast_2024.csv,labels for EUCAST-2024 rows only (not used for calls),EUCAST,2024,PAER,aztreonam,0.001,16.0,S <= 0.001; R > 16,398,True,EUCAST Clinical Breakpoint Tables for version in force in 2024 (2024 = v14.0); eucast.org > Clinical breakpoints (older versions: breakpoint table archive),sheet 'Pseudomonas spp.',,,,,,,
4,configs/breakpoints/eucast_2024.csv,labels for EUCAST-2024 rows only (not used for calls),EUCAST,2024,SAUR,cefoxitin,4.0,4.0,S <= 4; R > 4,344,True,EUCAST Clinical Breakpoint Tables for version in force in 2024 (2024 = v14.0); eucast.org > Clinical breakpoints (older versions: breakpoint table archive),sheet 'Staphylococcus spp.',,,,,,,
4,configs/breakpoints/eucast_2024.csv,labels for EUCAST-2024 rows only (not used for calls),EUCAST,2024,PAER,ceftazidime-avibactam,8.0,8.0,S <= 8; R > 8,329,True,EUCAST Clinical Breakpoint Tables for version in force in 2024 (2024 = v14.0); eucast.org > Clinical breakpoints (older versions: breakpoint table archive),sheet 'Pseudomonas spp.',,,,,,,
4,configs/breakpoints/eucast_2024.csv,labels for EUCAST-2024 rows only (not used for calls),EUCAST,2024,SAUR,minocycline,0.5,1.0,S <= 0.5; R > 1,315,False,EUCAST Clinical Breakpoint Tables for version in force in 2024 (2024 = v14.0); eucast.org > Clinical breakpoints (older versions: breakpoint table archive),sheet 'Staphylococcus spp.',,,,,,,
4,configs/breakpoints/eucast_2024.csv,labels for EUCAST-2024 rows only (not used for calls),EUCAST,2024,ECOLI,ceftazidime-avibactam,8.0,8.0,S <= 8; R > 8,185,False,EUCAST Clinical Breakpoint Tables for version in force in 2024 (2024 = v14.0); eucast.org > Clinical breakpoints (older versions: breakpoint table archive),sheet 'Enterobacterales',,,,,,,
4,configs/breakpoints/eucast_2024.csv,labels for EUCAST-2024 rows only (not used for calls),EUCAST,2024,SAUR,tigecycline,0.5,0.5,S <= 0.5; R > 0.5,173,False,EUCAST Clinical Breakpoint Tables for version in force in 2024 (2024 = v14.0); eucast.org > Clinical breakpoints (older versions: breakpoint table archive),sheet 'Staphylococcus spp.',,,,,,,
4,configs/breakpoints/eucast_2024.csv,labels for EUCAST-2024 rows only (not used for calls),EUCAST,2024,SAUR,doxycycline,1.0,2.0,S <= 1; R > 2,129,False,EUCAST Clinical Breakpoint Tables for version in force in 2024 (2024 = v14.0); eucast.org > Clinical breakpoints (older versions: breakpoint table archive),sheet 'Staphylococcus spp.',,,,,,,
4,configs/breakpoints/eucast_2024.csv,labels for EUCAST-2024 rows only (not used for calls),EUCAST,2024,SAUR,tobramycin,2.0,2.0,S <= 2; R > 2,120,False,EUCAST Clinical Breakpoint Tables for version in force in 2024 (2024 = v14.0); eucast.org > Clinical breakpoints (older versions: breakpoint table archive),sheet 'Staphylococcus spp.',,,,,,,
4,configs/breakpoints/eucast_2024.csv,labels for EUCAST-2024 rows only (not used for calls),EUCAST,2024,SAUR,amikacin,8.0,8.0,S <= 8; R > 8,11,False,EUCAST Clinical Breakpoint Tables for version in force in 2024 (2024 = v14.0); eucast.org > Clinical breakpoints (older versions: breakpoint table archive),sheet 'Staphylococcus spp.',,,,,,,
4,configs/breakpoints/eucast_2024.csv,labels for EUCAST-2024 rows only (not used for calls),EUCAST,2024,ECOLI,amoxicillin-clavulanate,8.0,8.0,S <= 8; R > 8,0,False,EUCAST Clinical Breakpoint Tables for version in force in 2024 (2024 = v14.0); eucast.org > Clinical breakpoints (older versions: breakpoint table archive),sheet 'Enterobacterales',,,,,,,
4,configs/breakpoints/eucast_2024.csv,labels for EUCAST-2024 rows only (not used for calls),EUCAST,2024,KPNEU,amoxicillin-clavulanate,8.0,8.0,S <= 8; R > 8,0,False,EUCAST Clinical Breakpoint Tables for version in force in 2024 (2024 = v14.0); eucast.org > Clinical breakpoints (older versions: breakpoint table archive),sheet 'Enterobacterales',,,,,,,
4,configs/breakpoints/eucast_2024.csv,labels for EUCAST-2024 rows only (not used for calls),EUCAST,2024,SAUR,rifampicin,0.06,0.5,S <= 0.06; R > 0.5,0,False,EUCAST Clinical Breakpoint Tables for version in force in 2024 (2024 = v14.0); eucast.org > Clinical breakpoints (older versions: breakpoint table archive),sheet 'Staphylococcus spp.',,,,,,,
5,develop:configs/breakpoints/clsi_2000.csv,built S/I/R-only labels in release 2026-10-04-hackathon,CLSI,M100 pre-2010,ECOLI,ciprofloxacin,1.0,2.0,S <= 1; R >= 4,15916,True,CLSI M100 edition in force in 2000 (2024 = 34th ed.); clsi.org (free read-only M100 access),Table 2A Enterobacterales,,,,,,,
5,develop:configs/breakpoints/clsi_2010.csv,built S/I/R-only labels in release 2026-10-04-hackathon,CLSI,M100-S20,ECOLI,ciprofloxacin,1.0,2.0,S <= 1; R >= 4,15916,True,CLSI M100 edition in force in 2010 (2024 = 34th ed.); clsi.org (free read-only M100 access),Table 2A Enterobacterales,,,,,,,
5,develop:configs/breakpoints/clsi_2019.csv,built S/I/R-only labels in release 2026-10-04-hackathon,CLSI,M100 29th ed,ECOLI,ciprofloxacin,0.25,0.5,S <= 0.25; R >= 1,15916,True,CLSI M100 edition in force in 2019 (2024 = 34th ed.); clsi.org (free read-only M100 access),Table 2A Enterobacterales,,,,,,,
5,develop:configs/breakpoints/eucast_2010.csv,built S/I/R-only labels in release 2026-10-04-hackathon,EUCAST,v1.x,ECOLI,ciprofloxacin,0.5,1.0,S <= 0.5; R > 1,15916,True,EUCAST Clinical Breakpoint Tables for version in force in 2010 (2024 = v14.0); eucast.org > Clinical breakpoints (older versions: breakpoint table archive),sheet 'Enterobacterales',,,,,,,
5,develop:configs/breakpoints/eucast_2019.csv,built S/I/R-only labels in release 2026-10-04-hackathon,EUCAST,v9.0,ECOLI,ciprofloxacin,0.25,0.5,S <= 0.25; R > 0.5,15916,True,EUCAST Clinical Breakpoint Tables for version in force in 2019 (2024 = v14.0); eucast.org > Clinical breakpoints (older versions: breakpoint table archive),sheet 'Enterobacterales',,,,,,,
5,develop:configs/breakpoints/clsi_2000.csv,built S/I/R-only labels in release 2026-10-04-hackathon,CLSI,M100 pre-2010,ECOLI,meropenem,4.0,8.0,S <= 4; R >= 16,15250,True,CLSI M100 edition in force in 2000 (2024 = 34th ed.); clsi.org (free read-only M100 access),Table 2A Enterobacterales,,,,,,,
5,develop:configs/breakpoints/clsi_2010.csv,built S/I/R-only labels in release 2026-10-04-hackathon,CLSI,M100-S20-U,ECOLI,meropenem,1.0,2.0,S <= 1; R >= 4,15250,True,CLSI M100 edition in force in 2010 (2024 = 34th ed.); clsi.org (free read-only M100 access),Table 2A Enterobacterales,,,,,,,
5,develop:configs/breakpoints/clsi_2019.csv,built S/I/R-only labels in release 2026-10-04-hackathon,CLSI,M100 29th ed,ECOLI,meropenem,1.0,2.0,S <= 1; R >= 4,15250,True,CLSI M100 edition in force in 2019 (2024 = 34th ed.); clsi.org (free read-only M100 access),Table 2A Enterobacterales,,,,,,,
5,develop:configs/breakpoints/eucast_2010.csv,built S/I/R-only labels in release 2026-10-04-hackathon,EUCAST,v1.x,ECOLI,meropenem,2.0,8.0,S <= 2; R > 8,15250,True,EUCAST Clinical Breakpoint Tables for version in force in 2010 (2024 = v14.0); eucast.org > Clinical breakpoints (older versions: breakpoint table archive),sheet 'Enterobacterales',,,,,,,
5,develop:configs/breakpoints/eucast_2019.csv,built S/I/R-only labels in release 2026-10-04-hackathon,EUCAST,v9.0,ECOLI,meropenem,2.0,8.0,S <= 2; R > 8,15250,True,EUCAST Clinical Breakpoint Tables for version in force in 2019 (2024 = v14.0); eucast.org > Clinical breakpoints (older versions: breakpoint table archive),sheet 'Enterobacterales',,,,,,,
5,develop:configs/breakpoints/clsi_2000.csv,built S/I/R-only labels in release 2026-10-04-hackathon,CLSI,M100 pre-2010,ECOLI,ceftriaxone,8.0,32.0,S <= 8; R >= 64,10721,True,CLSI M100 edition in force in 2000 (2024 = 34th ed.); clsi.org (free read-only M100 access),Table 2A Enterobacterales,,,,,,,
5,develop:configs/breakpoints/clsi_2010.csv,built S/I/R-only labels in release 2026-10-04-hackathon,CLSI,M100-S20,ECOLI,ceftriaxone,1.0,2.0,S <= 1; R >= 4,10721,True,CLSI M100 edition in force in 2010 (2024 = 34th ed.); clsi.org (free read-only M100 access),Table 2A Enterobacterales,,,,,,,
5,develop:configs/breakpoints/clsi_2019.csv,built S/I/R-only labels in release 2026-10-04-hackathon,CLSI,M100 29th ed,ECOLI,ceftriaxone,1.0,2.0,S <= 1; R >= 4,10721,True,CLSI M100 edition in force in 2019 (2024 = 34th ed.); clsi.org (free read-only M100 access),Table 2A Enterobacterales,,,,,,,
5,develop:configs/breakpoints/eucast_2010.csv,built S/I/R-only labels in release 2026-10-04-hackathon,EUCAST,v1.x,ECOLI,ceftriaxone,1.0,2.0,S <= 1; R > 2,10721,True,EUCAST Clinical Breakpoint Tables for version in force in 2010 (2024 = v14.0); eucast.org > Clinical breakpoints (older versions: breakpoint table archive),sheet 'Enterobacterales',,,,,,,
5,develop:configs/breakpoints/eucast_2019.csv,built S/I/R-only labels in release 2026-10-04-hackathon,EUCAST,v9.0,ECOLI,ceftriaxone,1.0,2.0,S <= 1; R > 2,10721,True,EUCAST Clinical Breakpoint Tables for version in force in 2019 (2024 = v14.0); eucast.org > Clinical breakpoints (older versions: breakpoint table archive),sheet 'Enterobacterales',,,,,,,
5,develop:configs/breakpoints/clsi_2000.csv,built S/I/R-only labels in release 2026-10-04-hackathon,CLSI,M100 pre-2010,KPNEU,meropenem,4.0,8.0,S <= 4; R >= 16,6841,True,CLSI M100 edition in force in 2000 (2024 = 34th ed.); clsi.org (free read-only M100 access),Table 2A Enterobacterales,,,,,,,
5,develop:configs/breakpoints/clsi_2010.csv,built S/I/R-only labels in release 2026-10-04-hackathon,CLSI,M100-S20-U,KPNEU,meropenem,1.0,2.0,S <= 1; R >= 4,6841,True,CLSI M100 edition in force in 2010 (2024 = 34th ed.); clsi.org (free read-only M100 access),Table 2A Enterobacterales,,,,,,,
5,develop:configs/breakpoints/clsi_2019.csv,built S/I/R-only labels in release 2026-10-04-hackathon,CLSI,M100 29th ed,KPNEU,meropenem,1.0,2.0,S <= 1; R >= 4,6841,True,CLSI M100 edition in force in 2019 (2024 = 34th ed.); clsi.org (free read-only M100 access),Table 2A Enterobacterales,,,,,,,
5,develop:configs/breakpoints/eucast_2010.csv,built S/I/R-only labels in release 2026-10-04-hackathon,EUCAST,v1.x,KPNEU,meropenem,2.0,8.0,S <= 2; R > 8,6841,True,EUCAST Clinical Breakpoint Tables for version in force in 2010 (2024 = v14.0); eucast.org > Clinical breakpoints (older versions: breakpoint table archive),sheet 'Enterobacterales',,,,,,,
5,develop:configs/breakpoints/eucast_2019.csv,built S/I/R-only labels in release 2026-10-04-hackathon,EUCAST,v9.0,KPNEU,meropenem,2.0,8.0,S <= 2; R > 8,6841,True,EUCAST Clinical Breakpoint Tables for version in force in 2019 (2024 = v14.0); eucast.org > Clinical breakpoints (older versions: breakpoint table archive),sheet 'Enterobacterales',,,,,,,
5,develop:configs/breakpoints/clsi_2000.csv,built S/I/R-only labels in release 2026-10-04-hackathon,CLSI,M100 pre-2010,KPNEU,ciprofloxacin,1.0,2.0,S <= 1; R >= 4,5309,True,CLSI M100 edition in force in 2000 (2024 = 34th ed.); clsi.org (free read-only M100 access),Table 2A Enterobacterales,,,,,,,
5,develop:configs/breakpoints/clsi_2010.csv,built S/I/R-only labels in release 2026-10-04-hackathon,CLSI,M100-S20,KPNEU,ciprofloxacin,1.0,2.0,S <= 1; R >= 4,5309,True,CLSI M100 edition in force in 2010 (2024 = 34th ed.); clsi.org (free read-only M100 access),Table 2A Enterobacterales,,,,,,,
5,develop:configs/breakpoints/clsi_2019.csv,built S/I/R-only labels in release 2026-10-04-hackathon,CLSI,M100 29th ed,KPNEU,ciprofloxacin,0.25,0.5,S <= 0.25; R >= 1,5309,True,CLSI M100 edition in force in 2019 (2024 = 34th ed.); clsi.org (free read-only M100 access),Table 2A Enterobacterales,,,,,,,
5,develop:configs/breakpoints/eucast_2010.csv,built S/I/R-only labels in release 2026-10-04-hackathon,EUCAST,v1.x,KPNEU,ciprofloxacin,0.5,1.0,S <= 0.5; R > 1,5309,True,EUCAST Clinical Breakpoint Tables for version in force in 2010 (2024 = v14.0); eucast.org > Clinical breakpoints (older versions: breakpoint table archive),sheet 'Enterobacterales',,,,,,,
5,develop:configs/breakpoints/eucast_2019.csv,built S/I/R-only labels in release 2026-10-04-hackathon,EUCAST,v9.0,KPNEU,ciprofloxacin,0.25,0.5,S <= 0.25; R > 0.5,5309,True,EUCAST Clinical Breakpoint Tables for version in force in 2019 (2024 = v14.0); eucast.org > Clinical breakpoints (older versions: breakpoint table archive),sheet 'Enterobacterales',,,,,,,
5,develop:configs/breakpoints/clsi_2000.csv,built S/I/R-only labels in release 2026-10-04-hackathon,CLSI,M100 pre-2010,KPNEU,ceftriaxone,8.0,32.0,S <= 8; R >= 64,4131,True,CLSI M100 edition in force in 2000 (2024 = 34th ed.); clsi.org (free read-only M100 access),Table 2A Enterobacterales,,,,,,,
5,develop:configs/breakpoints/clsi_2010.csv,built S/I/R-only labels in release 2026-10-04-hackathon,CLSI,M100-S20,KPNEU,ceftriaxone,1.0,2.0,S <= 1; R >= 4,4131,True,CLSI M100 edition in force in 2010 (2024 = 34th ed.); clsi.org (free read-only M100 access),Table 2A Enterobacterales,,,,,,,
5,develop:configs/breakpoints/clsi_2019.csv,built S/I/R-only labels in release 2026-10-04-hackathon,CLSI,M100 29th ed,KPNEU,ceftriaxone,1.0,2.0,S <= 1; R >= 4,4131,True,CLSI M100 edition in force in 2019 (2024 = 34th ed.); clsi.org (free read-only M100 access),Table 2A Enterobacterales,,,,,,,
5,develop:configs/breakpoints/eucast_2010.csv,built S/I/R-only labels in release 2026-10-04-hackathon,EUCAST,v1.x,KPNEU,ceftriaxone,1.0,2.0,S <= 1; R > 2,4131,True,EUCAST Clinical Breakpoint Tables for version in force in 2010 (2024 = v14.0); eucast.org > Clinical breakpoints (older versions: breakpoint table archive),sheet 'Enterobacterales',,,,,,,
5,develop:configs/breakpoints/eucast_2019.csv,built S/I/R-only labels in release 2026-10-04-hackathon,EUCAST,v9.0,KPNEU,ceftriaxone,1.0,2.0,S <= 1; R > 2,4131,True,EUCAST Clinical Breakpoint Tables for version in force in 2019 (2024 = v14.0); eucast.org > Clinical breakpoints (older versions: breakpoint table archive),sheet 'Enterobacterales',,,,,,,
